ticket_id,customer_name,customer_email,product,category,issue_description,resolution_notes,priority,status,channel,region,customer_age,customer_gender,subscription_type,customer_tenure_months,previous_tickets,customer_satisfaction_score,first_response_time_hours,resolution_time_hours,ticket_created_date,ticket_resolved_date,escalated,sla_breached,operating_system,browser,payment_method,language,preferred_contact_time,issue_complexity_score,customer_segment
198725,Richard Gonzalez,richard.gonzalez586@company.com,CRM Platform,Account Suspension,There seems to be a discrepancy in my billing statement for this month.,The issue was escalated to engineering and resolved in the latest patch.,Medium,Resolved,Web Form,South America,44,Female,Enterprise,42,1,4,59.84,207.48,2024-01-31,2024-02-08,Yes,Yes,Linux,Safari,Crypto,German,Afternoon,6,Small Business
127151,Mary Lopez,mary.lopez722@company.com,Mobile App,Account Suspension,The system is not syncing data across devices properly.,We have reset the account credentials and advised the customer to retry login.,High,Closed,Web Form,Europe,36,Male,Basic,13,17,4,16.45,75.98,2022-07-25,2022-07-25,Yes,Yes,Windows,Chrome,Debit Card,English,Evening,7,Corporate
196244,Thomas Garcia,thomas.garcia470@icloud.com,E-commerce Store,Account Suspension,I am unable to access my account after entering the correct credentials.,We have reset the account credentials and advised the customer to retry login.,Low,Closed,Social Media,Australia,63,Female,Free,12,20,3,42.09,51.44,2024-12-19,2024-12-26,Yes,No,iOS,Edge,Bank Transfer,Chinese,Morning,7,Corporate
160710,Richard Miller,richard.miller855@gmail.com,CRM Platform,Account Suspension,I found a bug in the latest update affecting report generation.,We have reset the account credentials and advised the customer to retry login.,High,Closed,Phone,Australia,25,Male,Basic,11,20,5,56.12,171.24,2024-07-20,2024-07-26,Yes,No,MacOS,Safari,Crypto,French,Morning,3,Individual
42814,Elizabeth Johnson,elizabeth.johnson888@yahoo.com,API Service,Account Suspension,The payment was deducted from my bank account but the transaction shows failed.,Subscription status corrected and confirmation email sent to customer.,Urgent,Closed,Email,Asia,54,Female,Premium,36,5,5,9.21,180.4,2024-10-12,2024-10-22,Yes,No,Linux,,PayPal,Japanese,Afternoon,10,Small Business
114665,Charles Taylor,charles.taylor74@icloud.com,Billing System,Account Suspension,The payment was deducted from my bank account but the transaction shows failed.,Security settings updated and customer notified of precautionary measures.,Urgent,Resolved,Phone,Asia,21,Male,Free,43,18,4,48.69,121.53,2023-12-04,2023-12-09,Yes,Yes,Android,Chrome,Credit Card,German,Afternoon,9,Individual
55747,Michael Moore,michael.moore505@yahoo.com,Subscription Service,Account Suspension,There seems to be a discrepancy in my billing statement for this month.,Payment gateway timeout issue fixed and monitoring implemented.,Medium,Resolved,Social Media,Africa,47,Other,Premium,8,6,1,63.27,118.98,2022-03-16,2022-03-17,No,Yes,Linux,Firefox,Credit Card,German,Evening,2,Corporate
186189,Thomas Williams,thomas.williams528@outlook.com,Analytics Dashboard,Account Suspension,Two-factor authentication codes are not being delivered to my phone.,Bug logged internally and workaround shared with the customer.,Medium,Resolved,Web Form,Asia,69,Other,Enterprise,57,15,2,51.24,226.33,2023-04-14,2023-04-14,Yes,No,iOS,Edge,Debit Card,Chinese,Morning,9,Small Business
182205,Patricia Miller,patricia.miller914@gmail.com,Web Portal,Account Suspension,Two-factor authentication codes are not being delivered to my phone.,Provided step-by-step troubleshooting instructions and issue resolved.,Urgent,Resolved,Chat,Australia,48,Female,Basic,47,10,3,66.89,148.42,2024-07-20,2024-07-27,No,No,Linux,Firefox,PayPal,English,Afternoon,5,Small Business
176603,Mary Taylor,mary.taylor388@gmail.com,Web Portal,Account Suspension,My subscription was cancelled without my request and I need clarification.,The issue was escalated to engineering and resolved in the latest patch.,High,Resolved,Email,North America,26,Female,Basic,33,11,3,37.53,51.55,2024-07-24,2024-08-04,No,Yes,Linux,Edge,PayPal,German,Night,10,Corporate
195589,Richard Taylor,richard.taylor353@icloud.com,Mobile App,Account Suspension,The system is not syncing data across devices properly.,Data synchronization restored after backend service restart.,Urgent,Closed,Social Media,Asia,25,Female,Premium,46,19,4,68.35,51.75,2022-05-24,2022-05-25,No,Yes,Windows,Edge,Crypto,English,Night,7,Individual
172652,William Davis,william.davis653@outlook.com,E-commerce Store,Account Suspension,I found a bug in the latest update affecting report generation.,Provided step-by-step troubleshooting instructions and issue resolved.,Low,Closed,Web Form,South America,45,Female,Basic,48,0,3,42.73,88.88,2022-11-20,2022-11-25,No,No,Windows,,PayPal,Chinese,Afternoon,1,Small Business
109760,Thomas Miller,thomas.miller210@gmail.com,Analytics Dashboard,Account Suspension,The application crashes whenever I try to upload a file.,Bug logged internally and workaround shared with the customer.,Low,Closed,Social Media,South America,65,Female,Enterprise,45,20,2,71.68,238.82,2023-08-08,2023-08-10,Yes,Yes,MacOS,Edge,PayPal,Spanish,Afternoon,5,Corporate
40912,Linda Moore,linda.moore751@gmail.com,E-commerce Store,Account Suspension,The application crashes whenever I try to upload a file.,We have reset the account credentials and advised the customer to retry login.,Low,Closed,Social Media,North America,27,Female,Basic,21,5,1,9.17,4.98,2023-05-09,2023-05-20,No,Yes,Linux,,Crypto,French,Afternoon,1,Small Business
13002,Thomas Garcia,thomas.garcia812@hotmail.com,Cloud Storage,Account Suspension,I am unable to access my account after entering the correct credentials.,Data synchronization restored after backend service restart.,Medium,Resolved,Chat,Africa,18,Other,Basic,6,8,3,52.04,125.43,2023-05-20,2023-05-21,Yes,Yes,Android,Chrome,Debit Card,Japanese,Afternoon,6,Individual
101200,Elizabeth Gonzalez,elizabeth.gonzalez871@icloud.com,Cloud Storage,Account Suspension,My subscription was cancelled without my request and I need clarification.,Security settings updated and customer notified of precautionary measures.,High,Closed,Chat,North America,54,Male,Premium,5,9,2,24.29,184.0,2024-05-15,2024-05-17,No,No,Linux,Chrome,Debit Card,French,Night,8,Corporate
138938,Jennifer Wilson,jennifer.wilson426@outlook.com,API Service,Account Suspension,The payment was deducted from my bank account but the transaction shows failed.,The issue was escalated to engineering and resolved in the latest patch.,Medium,Resolved,Web Form,Africa,60,Other,Premium,22,12,3,52.47,47.08,2024-12-06,2024-12-11,Yes,No,Linux,Safari,PayPal,French,Morning,8,Individual
143792,Charles Gonzalez,charles.gonzalez450@gmail.com,API Service,Account Suspension,I am unable to access my account after entering the correct credentials.,The issue was escalated to engineering and resolved in the latest patch.,Medium,Closed,Social Media,South America,45,Other,Basic,54,8,3,69.48,238.04,2022-02-08,2022-02-18,Yes,Yes,Android,,Bank Transfer,Japanese,Morning,4,Corporate
167950,David Hernandez,david.hernandez681@yahoo.com,API Service,Account Suspension,I am unable to access my account after entering the correct credentials.,Security settings updated and customer notified of precautionary measures.,Low,Closed,Web Form,Africa,22,Other,Enterprise,50,5,1,35.51,152.8,2023-07-15,2023-07-24,No,No,Android,Safari,Crypto,French,Evening,1,Corporate
101494,William Taylor,william.taylor732@outlook.com,Mobile App,Account Suspension,I am unable to access my account after entering the correct credentials.,The duplicate charge was reversed and refund processed within 3-5 business days.,Urgent,Resolved,Social Media,North America,34,Male,Basic,59,10,3,21.04,118.34,2023-03-03,2023-03-15,No,Yes,Windows,Chrome,Debit Card,Japanese,Morning,9,Individual
134052,Elizabeth Miller,elizabeth.miller326@gmail.com,Billing System,Account Suspension,Two-factor authentication codes are not being delivered to my phone.,Data synchronization restored after backend service restart.,Medium,Closed,Social Media,South America,36,Female,Basic,36,18,2,4.84,195.12,2023-10-21,2023-10-28,No,No,iOS,Firefox,Debit Card,Chinese,Evening,2,Corporate
33363,Barbara Garcia,barbara.garcia866@hotmail.com,Analytics Dashboard,Account Suspension,Two-factor authentication codes are not being delivered to my phone.,Payment gateway timeout issue fixed and monitoring implemented.,High,Resolved,Web Form,Africa,56,Female,Basic,24,8,1,53.71,58.65,2024-11-08,2024-11-16,No,Yes,MacOS,Chrome,PayPal,Spanish,Night,9,Small Business
184255,Linda Jones,linda.jones491@yahoo.com,CRM Platform,Account Suspension,Two-factor authentication codes are not being delivered to my phone.,Subscription status corrected and confirmation email sent to customer.,High,Closed,Phone,North America,60,Other,Enterprise,5,16,1,21.63,145.96,2022-03-22,2022-04-04,Yes,No,Android,Safari,PayPal,French,Morning,9,Individual
86981,Susan Jones,susan.jones810@gmail.com,Cloud Storage,Account Suspension,The application crashes whenever I try to upload a file.,We have reset the account credentials and advised the customer to retry login.,High,Closed,Social Media,Asia,29,Male,Free,49,4,1,22.3,91.58,2024-11-01,2024-11-04,No,No,MacOS,Firefox,Credit Card,Chinese,Afternoon,9,Individual
20217,Linda Anderson,linda.anderson883@gmail.com,E-commerce Store,Account Suspension,The application crashes whenever I try to upload a file.,Payment gateway timeout issue fixed and monitoring implemented.,Medium,Resolved,Social Media,Asia,29,Other,Enterprise,35,8,3,42.03,191.82,2022-11-21,2022-12-05,Yes,Yes,iOS,Firefox,Credit Card,French,Evening,1,Small Business
38770,Karen Martin,karen.martin989@company.com,Subscription Service,Account Suspension,I would like to request a refund for the recent charge.,Subscription status corrected and confirmation email sent to customer.,High,Closed,Email,North America,42,Male,Basic,34,1,3,11.24,77.25,2024-10-29,2024-10-31,No,Yes,Android,Chrome,Bank Transfer,German,Night,4,Individual
114935,Sarah Moore,sarah.moore907@yahoo.com,Web Portal,Account Suspension,My subscription was cancelled without my request and I need clarification.,Bug logged internally and workaround shared with the customer.,Low,Resolved,Phone,North America,32,Other,Free,38,18,1,43.55,110.27,2022-02-04,2022-02-08,No,No,MacOS,Edge,PayPal,English,Afternoon,4,Individual
100547,Patricia Wilson,patricia.wilson521@gmail.com,Payment Gateway,Account Suspension,I would like to request a refund for the recent charge.,Data synchronization restored after backend service restart.,Medium,Closed,Phone,Asia,71,Female,Basic,46,4,3,21.93,161.73,2023-04-29,2023-05-08,Yes,Yes,Windows,Safari,PayPal,Japanese,Morning,10,Corporate
65511,Elizabeth Rodriguez,elizabeth.rodriguez3@company.com,Mobile App,Account Suspension,I am experiencing very slow performance while using the dashboard.,Bug logged internally and workaround shared with the customer.,Urgent,Resolved,Chat,Asia,41,Female,Enterprise,28,4,1,43.61,73.09,2022-08-21,2022-08-23,Yes,No,Linux,Edge,Crypto,Spanish,Morning,7,Small Business
90014,Sarah Smith,sarah.smith264@company.com,Mobile App,Account Suspension,The payment was deducted from my bank account but the transaction shows failed.,Payment gateway timeout issue fixed and monitoring implemented.,Urgent,Closed,Chat,Europe,23,Male,Enterprise,40,17,4,25.23,223.4,2022-10-21,2022-10-21,Yes,Yes,Windows,,Bank Transfer,French,Night,9,Individual
151210,Barbara Davis,barbara.davis421@yahoo.com,Mobile App,Account Suspension,I am experiencing very slow performance while using the dashboard.,Explained billing breakdown and clarified applicable charges.,Low,Closed,Web Form,Africa,53,Male,Premium,46,10,3,2.1,138.21,2024-04-06,2024-04-16,No,No,Windows,Safari,Crypto,English,Afternoon,6,Individual
62360,John Johnson,john.johnson599@icloud.com,E-commerce Store,Account Suspension,I am experiencing very slow performance while using the dashboard.,Security settings updated and customer notified of precautionary measures.,High,Closed,Email,Africa,53,Other,Free,32,17,1,6.59,139.87,2024-02-17,2024-02-25,Yes,Yes,iOS,,PayPal,French,Morning,6,Corporate
177058,Mary Brown,mary.brown318@hotmail.com,Analytics Dashboard,Account Suspension,The payment was deducted from my bank account but the transaction shows failed.,Bug logged internally and workaround shared with the customer.,Medium,Resolved,Chat,North America,58,Other,Enterprise,54,12,2,38.1,187.56,2022-12-24,2023-01-06,Yes,Yes,Android,Firefox,Debit Card,Chinese,Evening,6,Individual
142152,James Anderson,james.anderson614@outlook.com,Web Portal,Account Suspension,There seems to be a discrepancy in my billing statement for this month.,Payment gateway timeout issue fixed and monitoring implemented.,Low,Resolved,Email,Australia,49,Female,Premium,5,16,2,26.33,75.55,2024-05-22,2024-05-27,Yes,No,Android,Edge,Credit Card,English,Evening,10,Small Business
95629,David Smith,david.smith109@company.com,Mobile App,Account Suspension,Two-factor authentication codes are not being delivered to my phone.,Payment gateway timeout issue fixed and monitoring implemented.,Medium,Resolved,Phone,Africa,57,Male,Premium,52,6,2,31.83,34.14,2023-04-07,2023-04-13,Yes,No,iOS,Firefox,Debit Card,English,Morning,7,Individual
15534,Barbara Taylor,barbara.taylor289@hotmail.com,Billing System,Account Suspension,The payment was deducted from my bank account but the transaction shows failed.,The issue was escalated to engineering and resolved in the latest patch.,Urgent,Resolved,Phone,South America,38,Male,Premium,41,1,1,20.2,186.63,2024-11-16,2024-11-18,Yes,Yes,iOS,Firefox,Debit Card,Chinese,Evening,2,Small Business
59888,Karen Hernandez,karen.hernandez579@gmail.com,API Service,Account Suspension,I would like to request a refund for the recent charge.,Payment gateway timeout issue fixed and monitoring implemented.,Urgent,Closed,Email,Europe,30,Male,Free,3,0,2,15.94,1.55,2023-08-11,2023-08-25,Yes,No,MacOS,Chrome,Bank Transfer,French,Evening,2,Individual
199043,Joseph Wilson,joseph.wilson565@yahoo.com,Cloud Storage,Account Suspension,I would like to request a refund for the recent charge.,Explained billing breakdown and clarified applicable charges.,Low,Resolved,Web Form,Africa,71,Other,Free,25,7,5,54.57,32.62,2024-03-05,2024-03-15,Yes,No,Linux,Safari,Debit Card,Spanish,Night,5,Individual
135045,Robert Anderson,robert.anderson214@company.com,CRM Platform,Account Suspension,I am unable to access my account after entering the correct credentials.,Provided step-by-step troubleshooting instructions and issue resolved.,High,Resolved,Web Form,Asia,70,Male,Enterprise,53,14,4,8.41,189.39,2022-01-29,2022-02-01,No,No,Windows,Edge,Credit Card,Japanese,Afternoon,10,Corporate
179514,Susan Moore,susan.moore436@outlook.com,Web Portal,Account Suspension,There seems to be a discrepancy in my billing statement for this month.,The issue was escalated to engineering and resolved in the latest patch.,High,Closed,Chat,South America,63,Other,Basic,39,8,1,65.55,10.15,2023-03-24,2023-03-30,No,Yes,Linux,Chrome,Credit Card,Chinese,Afternoon,2,Individual
100915,Elizabeth Hernandez,elizabeth.hernandez810@icloud.com,Mobile App,Account Suspension,There seems to be a discrepancy in my billing statement for this month.,Subscription status corrected and confirmation email sent to customer.,Medium,Closed,Phone,Africa,23,Male,Enterprise,49,19,3,33.44,33.64,2022-04-24,2022-05-07,Yes,No,MacOS,Safari,Credit Card,Japanese,Morning,3,Small Business
167625,David Anderson,david.anderson305@hotmail.com,Billing System,Account Suspension,I am unable to access my account after entering the correct credentials.,Data synchronization restored after backend service restart.,Low,Resolved,Phone,Europe,67,Male,Enterprise,27,18,5,22.82,13.75,2022-11-24,2022-11-26,No,Yes,Windows,Firefox,Credit Card,German,Night,10,Individual
146253,Susan Martin,susan.martin321@yahoo.com,Cloud Storage,Account Suspension,I found a bug in the latest update affecting report generation.,We have reset the account credentials and advised the customer to retry login.,Low,Closed,Phone,Europe,41,Male,Enterprise,26,7,2,57.61,187.45,2023-08-21,2023-09-01,No,No,Windows,Edge,Bank Transfer,French,Night,1,Individual
55120,James Anderson,james.anderson112@outlook.com,Payment Gateway,Account Suspension,My subscription was cancelled without my request and I need clarification.,The issue was escalated to engineering and resolved in the latest patch.,Urgent,Resolved,Web Form,Europe,23,Male,Basic,48,15,5,14.49,22.64,2023-04-20,2023-04-22,Yes,Yes,Windows,Edge,PayPal,Spanish,Morning,4,Corporate
60498,Susan Smith,susan.smith332@company.com,CRM Platform,Account Suspension,There seems to be a discrepancy in my billing statement for this month.,We have reset the account credentials and advised the customer to retry login.,Medium,Closed,Phone,Europe,56,Female,Basic,14,3,3,58.85,176.31,2023-04-03,2023-04-13,Yes,Yes,MacOS,Safari,Credit Card,German,Afternoon,6,Corporate
121694,Michael Jackson,michael.jackson360@yahoo.com,Subscription Service,Account Suspension,The system is not syncing data across devices properly.,The issue was escalated to engineering and resolved in the latest patch.,High,Closed,Email,Africa,71,Male,Basic,49,6,5,48.93,80.31,2023-10-09,2023-10-19,No,Yes,Windows,Firefox,Credit Card,Japanese,Morning,7,Corporate
145529,Michael Gonzalez,michael.gonzalez894@hotmail.com,Analytics Dashboard,Account Suspension,The system is not syncing data across devices properly.,We have reset the account credentials and advised the customer to retry login.,Medium,Resolved,Phone,Africa,36,Other,Premium,56,5,3,13.2,235.62,2024-11-20,2024-11-28,Yes,No,Android,Safari,Credit Card,Spanish,Morning,1,Corporate
193751,Patricia Johnson,patricia.johnson286@outlook.com,CRM Platform,Account Suspension,I found a bug in the latest update affecting report generation.,Subscription status corrected and confirmation email sent to customer.,Low,Closed,Chat,Europe,34,Other,Basic,31,2,3,17.41,167.29,2022-08-22,2022-08-28,Yes,Yes,iOS,Safari,Bank Transfer,English,Afternoon,8,Small Business
196964,Mary Moore,mary.moore26@outlook.com,Analytics Dashboard,Account Suspension,I found a bug in the latest update affecting report generation.,Security settings updated and customer notified of precautionary measures.,Medium,Resolved,Email,Europe,53,Male,Free,26,10,2,61.71,229.1,2022-03-17,2022-03-29,Yes,Yes,iOS,Firefox,Debit Card,Spanish,Evening,2,Corporate
6409,David Taylor,david.taylor731@gmail.com,Payment Gateway,Account Suspension,The application crashes whenever I try to upload a file.,Data synchronization restored after backend service restart.,Urgent,Resolved,Phone,South America,58,Male,Free,47,19,3,25.94,217.46,2022-05-04,2022-05-10,No,Yes,Android,,Bank Transfer,Japanese,Afternoon,4,Corporate
89315,Barbara Rodriguez,barbara.rodriguez474@yahoo.com,API Service,Account Suspension,The application crashes whenever I try to upload a file.,Security settings updated and customer notified of precautionary measures.,High,Closed,Social Media,Asia,44,Male,Free,26,10,3,18.33,183.51,2022-03-03,2022-03-17,No,Yes,Linux,Firefox,Bank Transfer,Chinese,Night,3,Individual
163144,Joseph Gonzalez,joseph.gonzalez779@yahoo.com,Analytics Dashboard,Account Suspension,The application crashes whenever I try to upload a file.,Subscription status corrected and confirmation email sent to customer.,Urgent,Closed,Phone,Africa,46,Female,Basic,54,7,4,20.96,157.23,2022-08-03,2022-08-12,No,Yes,Android,Firefox,Crypto,English,Afternoon,5,Small Business
124830,Elizabeth Thomas,elizabeth.thomas675@outlook.com,Cloud Storage,Account Suspension,There seems to be a discrepancy in my billing statement for this month.,Bug logged internally and workaround shared with the customer.,High,Resolved,Social Media,Europe,61,Male,Basic,28,8,1,29.84,164.76,2024-07-03,2024-07-13,Yes,No,Android,Edge,Crypto,English,Morning,3,Small Business
130897,Karen Hernandez,karen.hernandez631@company.com,API Service,Account Suspension,The payment was deducted from my bank account but the transaction shows failed.,Explained billing breakdown and clarified applicable charges.,Medium,Closed,Email,Europe,44,Other,Free,55,15,5,41.77,225.52,2023-02-27,2023-03-07,No,No,MacOS,Firefox,PayPal,French,Morning,8,Individual
97289,Elizabeth Thomas,elizabeth.thomas402@gmail.com,Cloud Storage,Account Suspension,The system is not syncing data across devices properly.,We have reset the account credentials and advised the customer to retry login.,Medium,Closed,Social Media,Australia,36,Male,Free,2,9,1,71.88,98.07,2022-06-14,2022-06-24,No,No,Linux,Safari,Crypto,English,Morning,9,Individual
196461,Jennifer Martin,jennifer.martin386@hotmail.com,Web Portal,Account Suspension,The system is not syncing data across devices properly.,Explained billing breakdown and clarified applicable charges.,Urgent,Closed,Chat,Australia,30,Male,Basic,60,18,2,31.66,174.99,2023-03-06,2023-03-15,Yes,No,Android,Edge,Bank Transfer,Chinese,Morning,8,Corporate
179917,Sarah Jones,sarah.jones970@company.com,API Service,Account Suspension,I would like to request a refund for the recent charge.,Data synchronization restored after backend service restart.,Medium,Closed,Social Media,Africa,34,Female,Enterprise,51,7,1,24.33,165.24,2024-04-07,2024-04-10,No,No,iOS,Safari,Crypto,German,Night,8,Individual
67369,Mary Davis,mary.davis441@outlook.com,Analytics Dashboard,Account Suspension,The system is not syncing data across devices properly.,Security settings updated and customer notified of precautionary measures.,High,Closed,Web Form,Australia,54,Other,Premium,18,9,4,45.54,110.03,2022-04-17,2022-04-20,Yes,Yes,Android,Edge,Debit Card,Japanese,Evening,4,Corporate
21969,Karen Moore,karen.moore460@company.com,CRM Platform,Account Suspension,My subscription was cancelled without my request and I need clarification.,The issue was escalated to engineering and resolved in the latest patch.,High,Resolved,Chat,North America,30,Other,Premium,10,8,1,18.61,226.23,2022-08-10,2022-08-14,No,No,Linux,Chrome,Crypto,Spanish,Afternoon,5,Small Business
45861,Linda Johnson,linda.johnson71@icloud.com,Mobile App,Account Suspension,I found a bug in the latest update affecting report generation.,Data synchronization restored after backend service restart.,High,Resolved,Email,Australia,29,Other,Basic,1,8,4,15.86,47.61,2023-04-01,2023-04-02,No,No,MacOS,Firefox,Credit Card,English,Night,7,Individual
33878,Sarah Martinez,sarah.martinez626@gmail.com,CRM Platform,Account Suspension,The application crashes whenever I try to upload a file.,We have reset the account credentials and advised the customer to retry login.,High,Closed,Social Media,Australia,65,Male,Basic,9,2,1,15.92,98.58,2023-11-27,2023-11-27,Yes,Yes,iOS,,Crypto,Chinese,Night,10,Corporate
144461,Barbara Brown,barbara.brown630@company.com,Mobile App,Account Suspension,I would like to request a refund for the recent charge.,The duplicate charge was reversed and refund processed within 3-5 business days.,Medium,Closed,Web Form,Europe,35,Female,Free,26,4,2,3.67,201.01,2022-06-02,2022-06-09,No,Yes,iOS,Edge,PayPal,German,Night,1,Corporate
13634,David Moore,david.moore39@outlook.com,API Service,Account Suspension,I would like to request a refund for the recent charge.,The duplicate charge was reversed and refund processed within 3-5 business days.,High,Resolved,Email,Asia,29,Other,Enterprise,4,18,4,37.43,195.79,2022-07-16,2022-07-17,Yes,Yes,Windows,Firefox,Crypto,French,Evening,1,Corporate
104726,Patricia Rodriguez,patricia.rodriguez239@icloud.com,Payment Gateway,Account Suspension,I found a bug in the latest update affecting report generation.,Payment gateway timeout issue fixed and monitoring implemented.,Medium,Resolved,Phone,Europe,57,Other,Enterprise,55,3,1,49.14,157.97,2023-11-27,2023-11-28,Yes,Yes,Android,Safari,Credit Card,Chinese,Evening,5,Individual
33683,Patricia Garcia,patricia.garcia908@outlook.com,Analytics Dashboard,Account Suspension,There seems to be a discrepancy in my billing statement for this month.,The duplicate charge was reversed and refund processed within 3-5 business days.,High,Resolved,Social Media,Australia,64,Male,Premium,39,4,5,33.93,174.71,2023-09-19,2023-09-29,No,Yes,Linux,,Crypto,German,Morning,4,Small Business
139265,David Wilson,david.wilson767@hotmail.com,Cloud Storage,Account Suspension,My subscription was cancelled without my request and I need clarification.,Bug logged internally and workaround shared with the customer.,Low,Resolved,Chat,South America,51,Female,Basic,52,8,1,5.24,86.87,2023-01-05,2023-01-18,Yes,No,Android,Chrome,PayPal,Spanish,Night,2,Corporate
60037,Joseph Williams,joseph.williams431@yahoo.com,CRM Platform,Account Suspension,The system is not syncing data across devices properly.,Subscription status corrected and confirmation email sent to customer.,High,Closed,Web Form,Africa,46,Other,Premium,30,17,3,26.34,59.81,2023-12-07,2023-12-18,Yes,Yes,iOS,Chrome,Bank Transfer,English,Evening,3,Individual
84383,Karen Hernandez,karen.hernandez664@yahoo.com,Web Portal,Account Suspension,I found a bug in the latest update affecting report generation.,Payment gateway timeout issue fixed and monitoring implemented.,Urgent,Resolved,Social Media,Asia,60,Female,Free,41,14,3,40.78,119.18,2022-09-21,2022-10-03,Yes,Yes,iOS,Firefox,PayPal,French,Afternoon,6,Individual
41458,David Moore,david.moore494@gmail.com,Payment Gateway,Account Suspension,The payment was deducted from my bank account but the transaction shows failed.,The duplicate charge was reversed and refund processed within 3-5 business days.,Medium,Resolved,Phone,Africa,37,Male,Premium,2,18,1,9.99,110.06,2024-12-15,2024-12-15,No,No,iOS,Edge,Crypto,Japanese,Morning,10,Individual
64500,Karen Miller,karen.miller622@icloud.com,E-commerce Store,Account Suspension,I am unable to access my account after entering the correct credentials.,Payment gateway timeout issue fixed and monitoring implemented.,High,Resolved,Chat,Asia,65,Female,Premium,26,10,4,20.71,45.93,2022-11-02,2022-11-04,No,No,Windows,,Debit Card,Chinese,Morning,10,Small Business
54498,Jennifer Davis,jennifer.davis196@hotmail.com,Subscription Service,Account Suspension,There seems to be a discrepancy in my billing statement for this month.,The duplicate charge was reversed and refund processed within 3-5 business days.,Low,Resolved,Chat,South America,18,Male,Premium,10,3,2,44.32,146.46,2023-08-16,2023-08-24,No,No,Android,Safari,Bank Transfer,Chinese,Night,10,Small Business
113147,Susan Moore,susan.moore444@yahoo.com,E-commerce Store,Account Suspension,My subscription was cancelled without my request and I need clarification.,Provided step-by-step troubleshooting instructions and issue resolved.,Urgent,Resolved,Chat,Australia,55,Male,Free,23,10,5,45.59,157.43,2024-07-07,2024-07-19,Yes,Yes,MacOS,Firefox,Credit Card,German,Morning,10,Small Business
68493,Jennifer Thomas,jennifer.thomas627@outlook.com,Mobile App,Account Suspension,Two-factor authentication codes are not being delivered to my phone.,Payment gateway timeout issue fixed and monitoring implemented.,Urgent,Closed,Social Media,Africa,29,Male,Free,21,20,5,7.32,163.66,2023-08-05,2023-08-06,Yes,Yes,Windows,Chrome,Credit Card,French,Evening,3,Small Business
125302,Robert Moore,robert.moore695@hotmail.com,Billing System,Account Suspension,The application crashes whenever I try to upload a file.,The issue was escalated to engineering and resolved in the latest patch.,Medium,Closed,Chat,Asia,42,Other,Basic,47,15,4,35.19,26.48,2024-04-29,2024-05-07,Yes,No,Windows,Chrome,Debit Card,English,Evening,6,Small Business
8451,Patricia Lopez,patricia.lopez781@gmail.com,Payment Gateway,Account Suspension,I am unable to access my account after entering the correct credentials.,The issue was escalated to engineering and resolved in the latest patch.,High,Resolved,Email,South America,56,Other,Enterprise,51,0,3,12.87,39.18,2022-07-29,2022-08-03,Yes,No,MacOS,Firefox,Crypto,French,Morning,7,Corporate
101694,James Wilson,james.wilson140@company.com,E-commerce Store,Account Suspension,I found a bug in the latest update affecting report generation.,Payment gateway timeout issue fixed and monitoring implemented.,High,Resolved,Email,Europe,40,Female,Free,3,19,5,43.17,80.52,2024-09-01,2024-09-15,No,Yes,iOS,,PayPal,Chinese,Afternoon,10,Small Business
6982,Mary Moore,mary.moore491@hotmail.com,Mobile App,Account Suspension,Two-factor authentication codes are not being delivered to my phone.,Subscription status corrected and confirmation email sent to customer.,Urgent,Resolved,Email,North America,33,Male,Free,49,14,1,70.54,215.18,2022-11-01,2022-11-13,Yes,Yes,MacOS,Safari,Bank Transfer,English,Night,6,Corporate
155958,Karen Jones,karen.jones472@gmail.com,CRM Platform,Account Suspension,The payment was deducted from my bank account but the transaction shows failed.,Explained billing breakdown and clarified applicable charges.,Medium,Closed,Phone,Asia,32,Male,Basic,24,20,5,16.21,210.6,2023-03-01,2023-03-09,Yes,No,Linux,Chrome,Bank Transfer,French,Night,8,Small Business
16719,Charles Taylor,charles.taylor729@company.com,API Service,Account Suspension,I am experiencing very slow performance while using the dashboard.,The issue was escalated to engineering and resolved in the latest patch.,Medium,Resolved,Email,Asia,67,Female,Free,11,8,1,27.59,125.23,2022-04-20,2022-04-29,Yes,Yes,Android,Safari,PayPal,Chinese,Morning,1,Individual
25580,Charles Rodriguez,charles.rodriguez306@outlook.com,Web Portal,Account Suspension,The application crashes whenever I try to upload a file.,Explained billing breakdown and clarified applicable charges.,Low,Resolved,Chat,Africa,28,Male,Free,16,1,2,25.77,62.21,2022-07-22,2022-08-04,Yes,Yes,Android,Firefox,Credit Card,Japanese,Afternoon,2,Individual
62918,Robert Williams,robert.williams592@gmail.com,Payment Gateway,Account Suspension,I found a bug in the latest update affecting report generation.,We have reset the account credentials and advised the customer to retry login.,Low,Closed,Chat,Europe,72,Other,Premium,40,5,3,4.96,53.83,2022-08-19,2022-08-28,Yes,No,Android,Firefox,PayPal,English,Night,9,Small Business
123677,Richard Anderson,richard.anderson843@icloud.com,Subscription Service,Account Suspension,I am experiencing very slow performance while using the dashboard.,Provided step-by-step troubleshooting instructions and issue resolved.,Urgent,Resolved,Social Media,North America,50,Female,Premium,13,16,5,51.45,92.11,2024-03-30,2024-04-08,Yes,Yes,Linux,Firefox,Bank Transfer,Spanish,Night,1,Corporate
89038,Mary Gonzalez,mary.gonzalez958@yahoo.com,Billing System,Account Suspension,I am unable to access my account after entering the correct credentials.,The duplicate charge was reversed and refund processed within 3-5 business days.,High,Resolved,Phone,Asia,23,Male,Free,39,4,1,46.7,96.45,2024-04-24,2024-05-02,No,No,Windows,,PayPal,Japanese,Afternoon,6,Small Business
128031,Karen Martin,karen.martin861@icloud.com,Analytics Dashboard,Account Suspension,The system is not syncing data across devices properly.,Provided step-by-step troubleshooting instructions and issue resolved.,Urgent,Resolved,Chat,South America,25,Female,Free,22,16,5,1.2,193.27,2023-11-15,2023-11-29,No,No,Android,Edge,Debit Card,Chinese,Morning,10,Small Business
130443,James Thomas,james.thomas642@icloud.com,Mobile App,Account Suspension,I found a bug in the latest update affecting report generation.,We have reset the account credentials and advised the customer to retry login.,Medium,Closed,Chat,Australia,66,Other,Premium,58,1,5,60.13,198.62,2024-08-04,2024-08-08,No,Yes,MacOS,Safari,Bank Transfer,French,Night,1,Individual
89730,Sarah Wilson,sarah.wilson828@company.com,Analytics Dashboard,Account Suspension,The payment was deducted from my bank account but the transaction shows failed.,Payment gateway timeout issue fixed and monitoring implemented.,Urgent,Resolved,Web Form,Europe,60,Other,Enterprise,19,0,4,68.93,192.15,2024-05-12,2024-05-15,No,No,Android,,Credit Card,English,Afternoon,1,Individual
179044,Elizabeth Smith,elizabeth.smith242@company.com,Analytics Dashboard,Account Suspension,My subscription was cancelled without my request and I need clarification.,Subscription status corrected and confirmation email sent to customer.,Urgent,Resolved,Email,South America,35,Other,Basic,22,20,5,27.34,77.48,2024-05-10,2024-05-11,No,No,iOS,Safari,Credit Card,German,Night,2,Corporate
88564,John Gonzalez,john.gonzalez85@gmail.com,API Service,Account Suspension,Two-factor authentication codes are not being delivered to my phone.,Explained billing breakdown and clarified applicable charges.,Medium,Resolved,Phone,Australia,30,Other,Free,45,9,1,53.67,98.4,2023-06-19,2023-06-25,Yes,Yes,Linux,,Debit Card,English,Night,6,Individual
89515,Richard Hernandez,richard.hernandez35@icloud.com,E-commerce Store,Account Suspension,My subscription was cancelled without my request and I need clarification.,Explained billing breakdown and clarified applicable charges.,Medium,Resolved,Chat,Australia,60,Female,Enterprise,19,9,1,13.47,24.82,2022-03-15,2022-03-28,No,Yes,iOS,Edge,Bank Transfer,German,Afternoon,7,Individual
140455,Susan Johnson,susan.johnson347@hotmail.com,E-commerce Store,Account Suspension,My subscription was cancelled without my request and I need clarification.,Security settings updated and customer notified of precautionary measures.,Urgent,Closed,Phone,North America,23,Male,Basic,36,18,1,19.85,149.53,2024-11-21,2024-12-01,No,Yes,Linux,Edge,Bank Transfer,Japanese,Evening,8,Corporate
48601,Robert Gonzalez,robert.gonzalez30@outlook.com,E-commerce Store,Account Suspension,There seems to be a discrepancy in my billing statement for this month.,Provided step-by-step troubleshooting instructions and issue resolved.,High,Closed,Web Form,Australia,24,Other,Enterprise,37,14,2,11.8,158.5,2023-12-18,2023-12-31,Yes,Yes,MacOS,Edge,Crypto,Japanese,Night,2,Corporate
112128,Mary Martin,mary.martin309@company.com,Subscription Service,Account Suspension,There seems to be a discrepancy in my billing statement for this month.,Security settings updated and customer notified of precautionary measures.,Low,Resolved,Phone,Australia,51,Male,Premium,54,13,4,20.83,62.98,2024-05-22,2024-05-31,Yes,No,iOS,Chrome,Crypto,English,Night,5,Small Business
41437,Robert Johnson,robert.johnson523@icloud.com,CRM Platform,Account Suspension,There seems to be a discrepancy in my billing statement for this month.,The issue was escalated to engineering and resolved in the latest patch.,Urgent,Closed,Chat,South America,55,Male,Basic,59,19,5,34.69,38.23,2022-11-03,2022-11-10,Yes,Yes,Android,Safari,Debit Card,English,Night,9,Individual
85278,Linda Wilson,linda.wilson149@yahoo.com,API Service,Account Suspension,I am experiencing very slow performance while using the dashboard.,Bug logged internally and workaround shared with the customer.,High,Resolved,Web Form,Africa,34,Female,Free,60,12,4,66.56,231.77,2023-05-23,2023-06-05,No,No,Android,Chrome,Credit Card,German,Morning,2,Individual
126260,Patricia Anderson,patricia.anderson661@gmail.com,CRM Platform,Account Suspension,I would like to request a refund for the recent charge.,Data synchronization restored after backend service restart.,Medium,Closed,Social Media,South America,24,Female,Enterprise,10,9,2,55.96,92.48,2024-06-23,2024-06-24,No,No,Windows,Edge,Debit Card,German,Morning,9,Corporate
19511,Susan Moore,susan.moore797@icloud.com,Billing System,Account Suspension,I am experiencing very slow performance while using the dashboard.,We have reset the account credentials and advised the customer to retry login.,Low,Closed,Phone,North America,25,Female,Free,49,20,5,54.75,152.18,2023-04-16,2023-04-18,Yes,Yes,Windows,Safari,Bank Transfer,Chinese,Evening,5,Corporate
19987,Mary Taylor,mary.taylor391@outlook.com,E-commerce Store,Account Suspension,The system is not syncing data across devices properly.,Data synchronization restored after backend service restart.,Medium,Closed,Chat,Africa,50,Other,Basic,33,12,4,28.6,20.65,2022-07-12,2022-07-18,No,No,MacOS,Firefox,Debit Card,English,Afternoon,8,Individual
125756,Barbara Brown,barbara.brown293@gmail.com,API Service,Account Suspension,The system is not syncing data across devices properly.,Payment gateway timeout issue fixed and monitoring implemented.,Medium,Closed,Social Media,North America,47,Other,Free,16,1,1,17.26,99.87,2022-03-29,2022-04-06,No,Yes,Windows,Edge,PayPal,French,Afternoon,6,Small Business
121913,Karen Garcia,karen.garcia624@company.com,Web Portal,Account Suspension,I found a bug in the latest update affecting report generation.,We have reset the account credentials and advised the customer to retry login.,Medium,Closed,Social Media,South America,71,Male,Free,39,18,2,16.56,150.14,2024-04-03,2024-04-14,Yes,No,iOS,Firefox,PayPal,Spanish,Evening,4,Individual
114573,Sarah Wilson,sarah.wilson502@outlook.com,E-commerce Store,Account Suspension,My subscription was cancelled without my request and I need clarification.,Subscription status corrected and confirmation email sent to customer.,Low,Closed,Chat,Africa,61,Female,Premium,59,17,5,34.85,100.36,2024-08-07,2024-08-11,No,Yes,Android,Edge,Crypto,French,Morning,2,Individual
148526,Charles Taylor,charles.taylor523@yahoo.com,Cloud Storage,Account Suspension,I would like to request a refund for the recent charge.,Subscription status corrected and confirmation email sent to customer.,Urgent,Closed,Phone,Europe,52,Female,Basic,8,8,3,63.49,112.31,2023-07-16,2023-07-25,Yes,Yes,Windows,Firefox,Credit Card,French,Evening,2,Small Business
140416,William Martinez,william.martinez545@yahoo.com,Mobile App,Account Suspension,I am unable to access my account after entering the correct credentials.,The duplicate charge was reversed and refund processed within 3-5 business days.,High,Resolved,Web Form,South America,72,Male,Premium,57,15,3,57.12,217.93,2022-02-18,2022-02-19,Yes,Yes,Linux,Firefox,Debit Card,Spanish,Night,4,Corporate
33284,Richard Wilson,richard.wilson503@company.com,CRM Platform,Account Suspension,The system is not syncing data across devices properly.,Provided step-by-step troubleshooting instructions and issue resolved.,High,Closed,Social Media,Australia,33,Female,Basic,20,13,4,34.44,88.52,2022-02-04,2022-02-10,Yes,No,MacOS,Chrome,Debit Card,German,Evening,7,Small Business
131829,Sarah Smith,sarah.smith941@hotmail.com,Payment Gateway,Account Suspension,My subscription was cancelled without my request and I need clarification.,The duplicate charge was reversed and refund processed within 3-5 business days.,Low,Resolved,Social Media,Africa,27,Other,Premium,3,20,1,63.0,54.67,2023-02-01,2023-02-10,Yes,No,Android,Safari,Debit Card,Spanish,Evening,9,Corporate
95734,Robert Lopez,robert.lopez642@outlook.com,API Service,Account Suspension,The application crashes whenever I try to upload a file.,We have reset the account credentials and advised the customer to retry login.,Medium,Closed,Web Form,North America,39,Female,Free,13,6,1,9.11,36.05,2024-07-15,2024-07-21,Yes,No,iOS,Safari,Credit Card,Japanese,Afternoon,3,Individual
74757,James Smith,james.smith684@company.com,Payment Gateway,Account Suspension,The system is not syncing data across devices properly.,We have reset the account credentials and advised the customer to retry login.,Urgent,Closed,Social Media,South America,20,Female,Free,12,12,4,35.82,58.46,2024-09-18,2024-09-28,No,No,Linux,,Bank Transfer,Japanese,Afternoon,10,Individual
14014,Susan Gonzalez,susan.gonzalez77@outlook.com,Web Portal,Account Suspension,The system is not syncing data across devices properly.,Subscription status corrected and confirmation email sent to customer.,Low,Closed,Chat,North America,55,Male,Free,1,3,1,70.76,185.57,2023-02-02,2023-02-02,No,No,MacOS,Safari,Credit Card,Spanish,Afternoon,6,Corporate
88400,Jessica Hernandez,jessica.hernandez834@icloud.com,Cloud Storage,Account Suspension,The application crashes whenever I try to upload a file.,Security settings updated and customer notified of precautionary measures.,Urgent,Closed,Phone,Australia,66,Female,Basic,24,3,3,11.43,106.95,2023-11-21,2023-12-02,No,Yes,Linux,Chrome,Crypto,Japanese,Morning,7,Individual
103643,Linda Brown,linda.brown136@hotmail.com,CRM Platform,Account Suspension,My subscription was cancelled without my request and I need clarification.,We have reset the account credentials and advised the customer to retry login.,High,Closed,Social Media,North America,52,Female,Free,5,2,1,4.2,222.41,2022-06-23,2022-07-07,Yes,No,iOS,,PayPal,English,Evening,9,Small Business
83290,Jennifer Hernandez,jennifer.hernandez566@icloud.com,Mobile App,Account Suspension,Two-factor authentication codes are not being delivered to my phone.,Data synchronization restored after backend service restart.,Low,Resolved,Phone,Asia,31,Male,Enterprise,58,0,4,21.52,105.48,2024-05-26,2024-06-08,No,No,Windows,Safari,Crypto,Chinese,Night,8,Corporate
185357,Barbara Moore,barbara.moore238@yahoo.com,Subscription Service,Account Suspension,Two-factor authentication codes are not being delivered to my phone.,Subscription status corrected and confirmation email sent to customer.,Medium,Resolved,Phone,Australia,32,Other,Enterprise,44,12,4,50.36,121.85,2022-07-13,2022-07-26,Yes,Yes,MacOS,Chrome,Bank Transfer,French,Night,9,Corporate
175689,Richard Martinez,richard.martinez148@outlook.com,API Service,Account Suspension,I am experiencing very slow performance while using the dashboard.,Explained billing breakdown and clarified applicable charges.,Medium,Resolved,Chat,Australia,37,Male,Premium,7,15,1,12.94,104.36,2024-05-19,2024-06-01,No,No,Linux,,Debit Card,Chinese,Afternoon,7,Corporate
36065,Joseph Gonzalez,joseph.gonzalez945@yahoo.com,Payment Gateway,Account Suspension,The system is not syncing data across devices properly.,Subscription status corrected and confirmation email sent to customer.,Urgent,Resolved,Email,Africa,50,Female,Basic,4,7,1,50.28,1.52,2023-07-30,2023-07-31,No,No,Linux,Edge,PayPal,Spanish,Night,8,Corporate
56727,Jennifer Johnson,jennifer.johnson958@gmail.com,Billing System,Account Suspension,The system is not syncing data across devices properly.,Data synchronization restored after backend service restart.,Urgent,Closed,Email,North America,57,Female,Free,15,17,1,39.59,10.54,2024-03-04,2024-03-09,No,No,MacOS,Firefox,Debit Card,French,Night,5,Small Business
148665,Elizabeth Lopez,elizabeth.lopez633@gmail.com,CRM Platform,Account Suspension,I would like to request a refund for the recent charge.,Payment gateway timeout issue fixed and monitoring implemented.,High,Closed,Web Form,South America,28,Female,Free,57,4,4,57.64,38.03,2023-07-15,2023-07-19,No,Yes,MacOS,Safari,Credit Card,Chinese,Morning,3,Small Business
155780,Karen Davis,karen.davis172@gmail.com,CRM Platform,Account Suspension,I found a bug in the latest update affecting report generation.,Provided step-by-step troubleshooting instructions and issue resolved.,High,Resolved,Phone,Europe,20,Female,Enterprise,25,1,2,27.26,185.43,2024-10-13,2024-10-13,No,No,iOS,Chrome,Credit Card,Spanish,Evening,8,Individual
695,Robert Thomas,robert.thomas218@icloud.com,Analytics Dashboard,Account Suspension,Two-factor authentication codes are not being delivered to my phone.,The issue was escalated to engineering and resolved in the latest patch.,Low,Resolved,Social Media,Asia,29,Other,Free,41,5,5,50.73,36.72,2023-10-04,2023-10-08,Yes,No,Android,Chrome,Credit Card,English,Morning,10,Individual
32891,Robert Davis,robert.davis836@icloud.com,Subscription Service,Account Suspension,I am experiencing very slow performance while using the dashboard.,The duplicate charge was reversed and refund processed within 3-5 business days.,Urgent,Resolved,Chat,Africa,41,Female,Basic,36,10,4,69.65,78.52,2023-10-22,2023-10-29,No,Yes,iOS,Firefox,PayPal,Spanish,Night,7,Small Business
123665,Mary Gonzalez,mary.gonzalez886@gmail.com,API Service,Account Suspension,I would like to request a refund for the recent charge.,Bug logged internally and workaround shared with the customer.,High,Resolved,Chat,North America,63,Male,Premium,17,18,1,13.93,119.61,2022-10-24,2022-10-25,No,No,MacOS,Firefox,Bank Transfer,German,Afternoon,9,Individual
75489,Karen Lopez,karen.lopez62@company.com,Subscription Service,Account Suspension,I found a bug in the latest update affecting report generation.,Data synchronization restored after backend service restart.,High,Closed,Social Media,Africa,65,Male,Basic,51,9,5,57.05,226.25,2023-09-12,2023-09-24,No,Yes,Android,Chrome,Bank Transfer,Japanese,Night,6,Individual
124686,Robert Martinez,robert.martinez785@outlook.com,Subscription Service,Bug Report,The application crashes whenever I try to upload a file.,Subscription status corrected and confirmation email sent to customer.,Low,Resolved,Social Media,Australia,26,Male,Basic,59,11,5,58.41,110.46,2024-09-05,2024-09-08,Yes,No,Android,Safari,PayPal,German,Evening,2,Individual
146976,Barbara Brown,barbara.brown86@outlook.com,Web Portal,Bug Report,The system is not syncing data across devices properly.,Provided step-by-step troubleshooting instructions and issue resolved.,Medium,Resolved,Chat,Africa,61,Female,Free,57,18,2,0.62,58.23,2023-08-02,2023-08-15,Yes,Yes,Android,Edge,Bank Transfer,Spanish,Afternoon,6,Corporate
159534,John Rodriguez,john.rodriguez237@yahoo.com,CRM Platform,Bug Report,I found a bug in the latest update affecting report generation.,Payment gateway timeout issue fixed and monitoring implemented.,Urgent,Resolved,Web Form,Asia,24,Other,Free,6,17,1,70.59,183.38,2024-12-30,2025-01-07,Yes,Yes,iOS,Firefox,Debit Card,French,Evening,5,Small Business
190324,Susan Gonzalez,susan.gonzalez410@yahoo.com,Mobile App,Bug Report,My subscription was cancelled without my request and I need clarification.,Data synchronization restored after backend service restart.,Low,Resolved,Web Form,Australia,35,Male,Free,12,18,2,10.42,35.08,2022-03-18,2022-03-30,No,No,Linux,Safari,Bank Transfer,Spanish,Afternoon,9,Small Business
66417,Barbara Rodriguez,barbara.rodriguez786@hotmail.com,Web Portal,Bug Report,Two-factor authentication codes are not being delivered to my phone.,Subscription status corrected and confirmation email sent to customer.,Medium,Resolved,Chat,Europe,63,Male,Free,57,7,4,25.89,100.87,2024-02-19,2024-02-29,No,No,iOS,Firefox,Credit Card,French,Afternoon,1,Individual
115448,Charles Jones,charles.jones41@gmail.com,E-commerce Store,Bug Report,The system is not syncing data across devices properly.,Subscription status corrected and confirmation email sent to customer.,High,Closed,Phone,North America,22,Male,Enterprise,13,12,3,32.09,156.05,2023-08-14,2023-08-27,Yes,No,Linux,Firefox,Credit Card,French,Morning,2,Individual
28675,Patricia Anderson,patricia.anderson610@gmail.com,Billing System,Bug Report,I am unable to access my account after entering the correct credentials.,Explained billing breakdown and clarified applicable charges.,High,Closed,Web Form,Australia,42,Male,Free,48,18,1,34.13,90.41,2023-08-31,2023-09-13,Yes,No,Windows,Firefox,Credit Card,English,Afternoon,2,Small Business
96156,David Jackson,david.jackson915@yahoo.com,Payment Gateway,Bug Report,The application crashes whenever I try to upload a file.,Security settings updated and customer notified of precautionary measures.,Low,Closed,Email,Asia,26,Female,Basic,25,15,5,44.75,215.49,2023-06-23,2023-07-07,No,Yes,iOS,Safari,Credit Card,Japanese,Night,3,Small Business
103730,Richard Garcia,richard.garcia212@yahoo.com,CRM Platform,Bug Report,Two-factor authentication codes are not being delivered to my phone.,Payment gateway timeout issue fixed and monitoring implemented.,Urgent,Closed,Email,Europe,49,Male,Basic,13,16,5,49.54,179.43,2023-05-26,2023-06-07,No,Yes,Windows,Firefox,Crypto,Spanish,Night,5,Small Business
45328,Charles Miller,charles.miller261@yahoo.com,CRM Platform,Bug Report,The system is not syncing data across devices properly.,Data synchronization restored after backend service restart.,Urgent,Closed,Phone,South America,29,Male,Free,17,17,1,12.54,85.12,2023-09-06,2023-09-19,Yes,Yes,Android,Chrome,Crypto,Japanese,Morning,8,Small Business
80516,Charles Smith,charles.smith431@outlook.com,Payment Gateway,Bug Report,The system is not syncing data across devices properly.,The duplicate charge was reversed and refund processed within 3-5 business days.,Urgent,Closed,Phone,Asia,30,Male,Basic,20,7,3,63.65,204.24,2024-07-14,2024-07-19,Yes,No,MacOS,,PayPal,German,Evening,8,Small Business
132730,Jessica Brown,jessica.brown616@yahoo.com,E-commerce Store,Bug Report,The payment was deducted from my bank account but the transaction shows failed.,The issue was escalated to engineering and resolved in the latest patch.,High,Resolved,Web Form,Australia,19,Other,Enterprise,12,17,1,66.39,17.38,2023-12-02,2023-12-13,Yes,No,Linux,Safari,PayPal,Chinese,Morning,2,Individual
18768,Jessica Jones,jessica.jones22@company.com,Cloud Storage,Bug Report,There seems to be a discrepancy in my billing statement for this month.,The issue was escalated to engineering and resolved in the latest patch.,Low,Resolved,Web Form,Africa,30,Other,Basic,55,17,2,20.72,116.69,2022-07-31,2022-08-01,No,No,Windows,Edge,Crypto,Japanese,Evening,8,Corporate
183111,John Hernandez,john.hernandez143@yahoo.com,E-commerce Store,Bug Report,I am unable to access my account after entering the correct credentials.,Subscription status corrected and confirmation email sent to customer.,Urgent,Closed,Phone,Europe,42,Male,Free,59,8,2,30.77,125.61,2024-10-17,2024-10-18,Yes,No,iOS,,PayPal,Japanese,Morning,5,Individual
131370,Robert Williams,robert.williams245@icloud.com,E-commerce Store,Bug Report,I would like to request a refund for the recent charge.,The issue was escalated to engineering and resolved in the latest patch.,Urgent,Closed,Chat,Europe,37,Other,Basic,20,16,2,8.9,78.41,2022-10-28,2022-10-31,Yes,No,Linux,Safari,Debit Card,Japanese,Evening,1,Small Business
51843,Michael Lopez,michael.lopez505@company.com,Web Portal,Bug Report,The payment was deducted from my bank account but the transaction shows failed.,Provided step-by-step troubleshooting instructions and issue resolved.,High,Resolved,Social Media,Australia,28,Female,Premium,34,15,3,7.3,80.84,2024-09-26,2024-10-01,No,No,MacOS,Safari,Debit Card,German,Evening,10,Corporate
26428,Charles Martinez,charles.martinez836@icloud.com,CRM Platform,Bug Report,My subscription was cancelled without my request and I need clarification.,We have reset the account credentials and advised the customer to retry login.,Urgent,Closed,Social Media,Europe,21,Male,Premium,49,16,1,43.56,70.22,2023-07-14,2023-07-20,Yes,No,Android,Firefox,Credit Card,French,Morning,6,Individual
117007,Thomas Anderson,thomas.anderson33@company.com,Web Portal,Bug Report,I would like to request a refund for the recent charge.,The issue was escalated to engineering and resolved in the latest patch.,Medium,Resolved,Phone,Europe,53,Male,Free,45,3,2,11.59,13.73,2023-07-19,2023-08-01,No,No,iOS,Chrome,Debit Card,French,Morning,8,Small Business
49864,William Davis,william.davis920@icloud.com,Billing System,Bug Report,The application crashes whenever I try to upload a file.,Subscription status corrected and confirmation email sent to customer.,Medium,Resolved,Phone,South America,30,Male,Enterprise,15,17,2,1.41,13.93,2023-03-11,2023-03-15,Yes,Yes,MacOS,,Debit Card,French,Night,9,Individual
21450,John Davis,john.davis474@yahoo.com,Subscription Service,Bug Report,The system is not syncing data across devices properly.,Data synchronization restored after backend service restart.,High,Closed,Email,Asia,45,Female,Enterprise,53,15,2,30.88,213.12,2024-05-20,2024-05-25,Yes,No,MacOS,,PayPal,German,Evening,7,Small Business
51978,Karen Davis,karen.davis616@icloud.com,API Service,Bug Report,The application crashes whenever I try to upload a file.,Payment gateway timeout issue fixed and monitoring implemented.,Medium,Resolved,Web Form,North America,59,Female,Premium,10,17,3,56.15,59.88,2023-09-06,2023-09-10,Yes,Yes,Linux,Safari,Credit Card,Chinese,Morning,8,Small Business
91175,Michael Jackson,michael.jackson618@company.com,CRM Platform,Bug Report,I am experiencing very slow performance while using the dashboard.,Explained billing breakdown and clarified applicable charges.,Medium,Closed,Email,Africa,44,Male,Basic,26,12,1,37.68,53.98,2024-09-25,2024-10-01,Yes,No,MacOS,,PayPal,German,Morning,3,Corporate
6506,John Miller,john.miller901@hotmail.com,E-commerce Store,Bug Report,I would like to request a refund for the recent charge.,The issue was escalated to engineering and resolved in the latest patch.,Medium,Resolved,Email,North America,51,Female,Premium,7,14,1,21.76,222.61,2022-02-19,2022-03-04,Yes,Yes,iOS,Safari,Credit Card,English,Night,5,Small Business
181937,Sarah Hernandez,sarah.hernandez297@gmail.com,Cloud Storage,Bug Report,I found a bug in the latest update affecting report generation.,Provided step-by-step troubleshooting instructions and issue resolved.,Urgent,Resolved,Email,North America,37,Other,Enterprise,38,17,4,22.74,53.89,2022-09-11,2022-09-15,Yes,Yes,Linux,Edge,Debit Card,English,Night,6,Small Business
42029,William Smith,william.smith901@yahoo.com,Cloud Storage,Bug Report,Two-factor authentication codes are not being delivered to my phone.,Data synchronization restored after backend service restart.,Low,Closed,Email,Asia,68,Male,Basic,39,8,1,30.39,72.41,2024-03-27,2024-04-05,No,No,Windows,Safari,PayPal,Spanish,Night,10,Small Business
91166,Karen Garcia,karen.garcia889@company.com,E-commerce Store,Bug Report,The payment was deducted from my bank account but the transaction shows failed.,Security settings updated and customer notified of precautionary measures.,High,Resolved,Email,Africa,64,Male,Free,23,14,1,52.91,114.09,2024-02-21,2024-02-26,Yes,Yes,Linux,,Bank Transfer,French,Afternoon,10,Corporate
36779,William Lopez,william.lopez865@hotmail.com,Web Portal,Bug Report,I found a bug in the latest update affecting report generation.,Payment gateway timeout issue fixed and monitoring implemented.,Low,Resolved,Web Form,Asia,64,Other,Basic,31,18,1,7.84,75.57,2022-11-23,2022-12-04,No,Yes,Windows,Edge,Crypto,Spanish,Afternoon,5,Individual
183455,James Davis,james.davis710@hotmail.com,E-commerce Store,Bug Report,The application crashes whenever I try to upload a file.,Explained billing breakdown and clarified applicable charges.,Urgent,Resolved,Social Media,Asia,51,Male,Premium,22,14,2,66.08,31.68,2022-04-14,2022-04-26,No,Yes,Android,Edge,PayPal,German,Morning,7,Individual
189215,Jessica Williams,jessica.williams136@icloud.com,Analytics Dashboard,Bug Report,The payment was deducted from my bank account but the transaction shows failed.,Data synchronization restored after backend service restart.,High,Resolved,Social Media,North America,52,Male,Enterprise,32,3,1,56.59,99.61,2023-02-08,2023-02-11,No,Yes,iOS,Chrome,Crypto,Chinese,Afternoon,3,Small Business
59008,Barbara Miller,barbara.miller668@company.com,Payment Gateway,Bug Report,I am experiencing very slow performance while using the dashboard.,We have reset the account credentials and advised the customer to retry login.,Urgent,Resolved,Email,North America,49,Other,Premium,27,7,4,34.55,215.82,2023-08-28,2023-09-02,No,Yes,Windows,,Credit Card,French,Morning,3,Corporate
100114,Charles Anderson,charles.anderson317@company.com,Mobile App,Bug Report,The system is not syncing data across devices properly.,Security settings updated and customer notified of precautionary measures.,Low,Resolved,Social Media,Asia,25,Male,Enterprise,34,1,2,11.88,206.65,2023-09-22,2023-09-28,No,Yes,Android,Chrome,Crypto,German,Morning,1,Small Business
36350,Charles Brown,charles.brown967@yahoo.com,CRM Platform,Bug Report,Two-factor authentication codes are not being delivered to my phone.,Provided step-by-step troubleshooting instructions and issue resolved.,Medium,Resolved,Web Form,Europe,72,Other,Basic,27,9,5,7.16,201.41,2022-03-04,2022-03-14,Yes,No,MacOS,Safari,Debit Card,Spanish,Afternoon,6,Corporate
19327,Karen Moore,karen.moore854@outlook.com,Payment Gateway,Bug Report,There seems to be a discrepancy in my billing statement for this month.,Provided step-by-step troubleshooting instructions and issue resolved.,Medium,Resolved,Email,Africa,42,Female,Free,34,16,2,36.61,16.61,2023-03-15,2023-03-19,No,Yes,iOS,Safari,Bank Transfer,English,Night,7,Corporate
33773,David Smith,david.smith941@hotmail.com,Analytics Dashboard,Bug Report,The payment was deducted from my bank account but the transaction shows failed.,Provided step-by-step troubleshooting instructions and issue resolved.,High,Resolved,Web Form,Asia,27,Male,Enterprise,56,12,3,53.73,124.78,2022-04-01,2022-04-08,Yes,Yes,Windows,Edge,Credit Card,German,Night,6,Individual
106297,Susan Martin,susan.martin873@yahoo.com,Analytics Dashboard,Bug Report,Two-factor authentication codes are not being delivered to my phone.,Data synchronization restored after backend service restart.,Urgent,Resolved,Social Media,Asia,53,Other,Free,56,17,2,24.56,88.84,2022-10-19,2022-10-26,No,Yes,iOS,,Crypto,French,Morning,7,Small Business
51608,David Anderson,david.anderson832@gmail.com,Cloud Storage,Bug Report,There seems to be a discrepancy in my billing statement for this month.,Bug logged internally and workaround shared with the customer.,High,Closed,Web Form,North America,63,Female,Premium,36,1,1,59.78,158.48,2022-01-24,2022-02-05,No,No,Linux,Safari,Crypto,German,Morning,6,Individual
40160,John Gonzalez,john.gonzalez956@icloud.com,API Service,Bug Report,The application crashes whenever I try to upload a file.,Subscription status corrected and confirmation email sent to customer.,Medium,Resolved,Social Media,Australia,31,Other,Basic,12,1,1,54.79,78.65,2023-03-20,2023-03-27,Yes,Yes,Linux,Edge,Crypto,English,Afternoon,8,Individual
8427,Sarah Jackson,sarah.jackson452@yahoo.com,Subscription Service,Bug Report,The system is not syncing data across devices properly.,Payment gateway timeout issue fixed and monitoring implemented.,Urgent,Closed,Email,Africa,54,Female,Basic,18,10,5,12.88,91.98,2023-11-11,2023-11-17,Yes,No,Windows,,Crypto,Japanese,Night,2,Corporate
28084,David Martin,david.martin58@outlook.com,API Service,Bug Report,I would like to request a refund for the recent charge.,Subscription status corrected and confirmation email sent to customer.,High,Resolved,Email,Asia,72,Female,Premium,6,17,5,70.28,232.48,2024-06-10,2024-06-18,Yes,Yes,Android,Chrome,Crypto,Spanish,Evening,9,Small Business
58130,Joseph Rodriguez,joseph.rodriguez629@gmail.com,API Service,Bug Report,I am unable to access my account after entering the correct credentials.,Explained billing breakdown and clarified applicable charges.,High,Resolved,Web Form,Asia,47,Other,Free,10,13,4,9.39,230.72,2024-06-30,2024-07-02,Yes,Yes,Linux,Edge,PayPal,French,Evening,7,Individual
26905,Robert Jackson,robert.jackson59@gmail.com,Payment Gateway,Bug Report,I found a bug in the latest update affecting report generation.,Data synchronization restored after backend service restart.,High,Resolved,Social Media,South America,65,Other,Free,36,12,4,34.8,96.32,2024-04-03,2024-04-17,Yes,Yes,Linux,Edge,Credit Card,English,Evening,1,Corporate
12265,Thomas Lopez,thomas.lopez984@company.com,Analytics Dashboard,Bug Report,I found a bug in the latest update affecting report generation.,Provided step-by-step troubleshooting instructions and issue resolved.,Urgent,Closed,Chat,North America,53,Female,Free,40,1,5,0.78,186.19,2023-05-23,2023-05-23,Yes,No,MacOS,,Bank Transfer,French,Afternoon,8,Individual
7126,Thomas Jones,thomas.jones108@company.com,Subscription Service,Bug Report,I would like to request a refund for the recent charge.,Data synchronization restored after backend service restart.,Medium,Resolved,Phone,North America,18,Female,Enterprise,13,0,3,0.97,52.1,2022-12-07,2022-12-17,No,Yes,iOS,Safari,Credit Card,Chinese,Night,5,Corporate
194822,Mary Hernandez,mary.hernandez481@icloud.com,API Service,Bug Report,The application crashes whenever I try to upload a file.,The duplicate charge was reversed and refund processed within 3-5 business days.,Low,Resolved,Chat,Europe,43,Female,Enterprise,5,6,3,50.49,27.46,2024-03-26,2024-03-30,Yes,No,Windows,Chrome,PayPal,English,Afternoon,2,Individual
57967,Karen Miller,karen.miller837@hotmail.com,Web Portal,Bug Report,I found a bug in the latest update affecting report generation.,The duplicate charge was reversed and refund processed within 3-5 business days.,Medium,Closed,Phone,Australia,43,Female,Enterprise,34,16,1,51.8,145.83,2023-11-04,2023-11-12,Yes,Yes,Windows,Edge,Credit Card,Japanese,Night,3,Corporate
173895,David Johnson,david.johnson166@yahoo.com,Analytics Dashboard,Bug Report,The application crashes whenever I try to upload a file.,Payment gateway timeout issue fixed and monitoring implemented.,High,Closed,Phone,Australia,30,Other,Basic,8,8,1,31.3,20.14,2023-11-30,2023-12-01,Yes,Yes,Windows,Chrome,Bank Transfer,Chinese,Evening,9,Small Business
67445,William Davis,william.davis776@gmail.com,Web Portal,Bug Report,I would like to request a refund for the recent charge.,Provided step-by-step troubleshooting instructions and issue resolved.,Medium,Closed,Social Media,North America,51,Male,Enterprise,34,15,3,40.14,33.61,2023-05-10,2023-05-20,No,No,Windows,Edge,Credit Card,English,Afternoon,8,Corporate
5997,William Thomas,william.thomas662@yahoo.com,Subscription Service,Bug Report,The system is not syncing data across devices properly.,Payment gateway timeout issue fixed and monitoring implemented.,High,Closed,Chat,Africa,31,Female,Premium,20,19,2,23.68,102.03,2022-07-09,2022-07-17,Yes,Yes,Windows,,Debit Card,Spanish,Afternoon,9,Corporate
175806,Joseph Davis,joseph.davis728@company.com,Analytics Dashboard,Bug Report,My subscription was cancelled without my request and I need clarification.,Explained billing breakdown and clarified applicable charges.,Urgent,Closed,Social Media,Asia,74,Male,Free,10,3,5,33.9,73.13,2023-03-26,2023-03-27,No,Yes,MacOS,Firefox,PayPal,English,Morning,3,Small Business
104814,Barbara Martinez,barbara.martinez107@hotmail.com,Analytics Dashboard,Bug Report,The system is not syncing data across devices properly.,Bug logged internally and workaround shared with the customer.,Urgent,Resolved,Email,North America,22,Male,Basic,7,4,4,3.51,170.73,2024-12-09,2024-12-12,Yes,Yes,MacOS,Chrome,PayPal,Spanish,Evening,3,Small Business
8474,Joseph Jackson,joseph.jackson230@icloud.com,Cloud Storage,Bug Report,Two-factor authentication codes are not being delivered to my phone.,Provided step-by-step troubleshooting instructions and issue resolved.,High,Closed,Phone,Europe,36,Other,Premium,17,7,5,5.72,93.14,2022-06-22,2022-07-03,No,Yes,Android,Chrome,Bank Transfer,Chinese,Afternoon,10,Corporate
184190,Karen Johnson,karen.johnson97@icloud.com,CRM Platform,Bug Report,The payment was deducted from my bank account but the transaction shows failed.,Bug logged internally and workaround shared with the customer.,Medium,Closed,Web Form,North America,64,Female,Enterprise,4,10,4,54.48,209.29,2023-01-20,2023-01-29,No,Yes,Android,Edge,Crypto,French,Morning,3,Individual
109225,Susan Thomas,susan.thomas882@icloud.com,CRM Platform,Bug Report,Two-factor authentication codes are not being delivered to my phone.,Payment gateway timeout issue fixed and monitoring implemented.,High,Resolved,Chat,Asia,61,Other,Free,49,12,2,46.88,112.65,2024-07-22,2024-07-23,Yes,Yes,Linux,Edge,Credit Card,Spanish,Afternoon,7,Individual
26645,Jessica Martinez,jessica.martinez902@company.com,Payment Gateway,Bug Report,There seems to be a discrepancy in my billing statement for this month.,Provided step-by-step troubleshooting instructions and issue resolved.,Urgent,Resolved,Social Media,Asia,33,Other,Enterprise,4,1,1,39.68,26.31,2023-01-19,2023-02-01,No,Yes,Android,,Credit Card,German,Night,8,Small Business
30880,Patricia Garcia,patricia.garcia592@icloud.com,E-commerce Store,Bug Report,I am experiencing very slow performance while using the dashboard.,Data synchronization restored after backend service restart.,Urgent,Resolved,Social Media,South America,31,Other,Premium,29,18,2,18.66,157.44,2023-08-09,2023-08-11,Yes,No,iOS,Safari,Credit Card,Japanese,Night,8,Small Business
13572,James Miller,james.miller675@company.com,Cloud Storage,Bug Report,There seems to be a discrepancy in my billing statement for this month.,Security settings updated and customer notified of precautionary measures.,Medium,Closed,Email,South America,61,Other,Basic,5,1,1,32.05,142.27,2024-09-11,2024-09-11,No,No,iOS,Safari,Credit Card,Chinese,Evening,4,Individual
97424,William Jackson,william.jackson416@hotmail.com,API Service,Bug Report,There seems to be a discrepancy in my billing statement for this month.,Subscription status corrected and confirmation email sent to customer.,Urgent,Closed,Chat,Australia,70,Other,Enterprise,58,9,3,25.13,135.71,2023-07-02,2023-07-07,Yes,Yes,Linux,Edge,Debit Card,Spanish,Night,5,Small Business
108059,Sarah Martinez,sarah.martinez590@yahoo.com,Analytics Dashboard,Bug Report,I found a bug in the latest update affecting report generation.,Data synchronization restored after backend service restart.,Medium,Closed,Web Form,North America,60,Female,Basic,7,9,1,64.34,140.88,2024-11-07,2024-11-19,Yes,No,Windows,Chrome,PayPal,Japanese,Morning,1,Corporate
169297,Sarah Martinez,sarah.martinez673@company.com,Web Portal,Bug Report,The payment was deducted from my bank account but the transaction shows failed.,Explained billing breakdown and clarified applicable charges.,High,Closed,Chat,North America,70,Other,Enterprise,55,7,5,17.15,232.02,2023-03-01,2023-03-04,No,Yes,MacOS,,Debit Card,English,Morning,1,Individual
199733,Thomas Rodriguez,thomas.rodriguez667@company.com,Mobile App,Bug Report,My subscription was cancelled without my request and I need clarification.,Explained billing breakdown and clarified applicable charges.,High,Closed,Phone,North America,43,Female,Premium,48,0,5,14.82,142.86,2024-10-30,2024-11-03,No,Yes,MacOS,Firefox,Debit Card,Chinese,Morning,6,Individual
128797,Barbara Taylor,barbara.taylor928@company.com,E-commerce Store,Bug Report,My subscription was cancelled without my request and I need clarification.,Payment gateway timeout issue fixed and monitoring implemented.,Low,Resolved,Web Form,Australia,47,Other,Enterprise,47,10,2,67.9,170.13,2022-12-28,2022-12-30,No,Yes,Windows,,PayPal,Spanish,Morning,5,Individual
183705,Sarah Hernandez,sarah.hernandez100@icloud.com,Subscription Service,Bug Report,I found a bug in the latest update affecting report generation.,Payment gateway timeout issue fixed and monitoring implemented.,Urgent,Closed,Web Form,Africa,35,Female,Free,19,5,4,37.49,231.8,2022-09-23,2022-09-28,Yes,Yes,Windows,Safari,Credit Card,Japanese,Afternoon,4,Corporate
180925,John Martin,john.martin25@outlook.com,Billing System,Bug Report,There seems to be a discrepancy in my billing statement for this month.,The issue was escalated to engineering and resolved in the latest patch.,Medium,Resolved,Email,Asia,33,Other,Premium,27,7,3,1.63,24.58,2022-02-19,2022-03-05,No,Yes,Windows,Safari,Bank Transfer,English,Afternoon,7,Corporate
96931,Michael Gonzalez,michael.gonzalez658@outlook.com,Mobile App,Bug Report,The application crashes whenever I try to upload a file.,Payment gateway timeout issue fixed and monitoring implemented.,Urgent,Resolved,Email,North America,34,Male,Premium,3,16,3,34.71,104.06,2022-08-03,2022-08-14,Yes,No,iOS,Firefox,Bank Transfer,German,Evening,3,Individual
178396,Mary Lopez,mary.lopez97@outlook.com,Billing System,Bug Report,My subscription was cancelled without my request and I need clarification.,Bug logged internally and workaround shared with the customer.,High,Closed,Chat,South America,45,Male,Enterprise,32,11,1,26.05,71.74,2024-08-15,2024-08-21,Yes,No,iOS,,Crypto,English,Morning,7,Small Business
31412,Richard Miller,richard.miller478@outlook.com,CRM Platform,Bug Report,I am experiencing very slow performance while using the dashboard.,Provided step-by-step troubleshooting instructions and issue resolved.,Low,Resolved,Phone,North America,22,Male,Free,40,18,4,43.33,115.11,2024-11-13,2024-11-17,Yes,Yes,MacOS,Edge,PayPal,German,Afternoon,4,Individual
40166,John Davis,john.davis456@gmail.com,Subscription Service,Bug Report,The payment was deducted from my bank account but the transaction shows failed.,The issue was escalated to engineering and resolved in the latest patch.,Medium,Resolved,Chat,North America,27,Male,Enterprise,52,2,2,18.07,227.72,2024-12-06,2024-12-08,No,Yes,Linux,,Crypto,German,Evening,3,Small Business
86748,Linda Taylor,linda.taylor790@outlook.com,Mobile App,Bug Report,The system is not syncing data across devices properly.,We have reset the account credentials and advised the customer to retry login.,High,Resolved,Phone,North America,69,Other,Basic,40,3,2,64.62,95.35,2022-11-04,2022-11-16,Yes,No,MacOS,Safari,Debit Card,Spanish,Morning,4,Corporate
123261,David Brown,david.brown307@hotmail.com,Cloud Storage,Bug Report,I am experiencing very slow performance while using the dashboard.,Bug logged internally and workaround shared with the customer.,Urgent,Closed,Phone,Europe,63,Other,Free,21,19,5,70.48,187.81,2024-04-19,2024-04-24,No,Yes,Windows,,Bank Transfer,Japanese,Afternoon,5,Small Business
62338,Patricia Anderson,patricia.anderson943@icloud.com,Billing System,Bug Report,I am unable to access my account after entering the correct credentials.,Bug logged internally and workaround shared with the customer.,Medium,Closed,Phone,Asia,22,Male,Premium,39,2,3,68.24,222.03,2024-12-14,2024-12-20,Yes,No,Linux,Chrome,Crypto,German,Morning,1,Small Business
88455,Sarah Martin,sarah.martin325@gmail.com,Subscription Service,Bug Report,There seems to be a discrepancy in my billing statement for this month.,Payment gateway timeout issue fixed and monitoring implemented.,Low,Closed,Social Media,North America,54,Male,Basic,23,17,4,35.56,116.16,2022-07-16,2022-07-28,No,No,Linux,Chrome,Crypto,German,Night,4,Small Business
54750,William Gonzalez,william.gonzalez822@yahoo.com,Analytics Dashboard,Bug Report,My subscription was cancelled without my request and I need clarification.,The duplicate charge was reversed and refund processed within 3-5 business days.,Medium,Resolved,Chat,South America,56,Male,Basic,29,9,3,51.11,184.78,2023-04-13,2023-04-13,No,Yes,Linux,,Credit Card,Spanish,Evening,8,Small Business
96366,Thomas Jackson,thomas.jackson261@outlook.com,Mobile App,Bug Report,I would like to request a refund for the recent charge.,Subscription status corrected and confirmation email sent to customer.,Low,Resolved,Email,Africa,26,Male,Basic,7,1,2,48.28,95.2,2024-10-21,2024-10-22,No,Yes,iOS,Firefox,Crypto,German,Evening,5,Individual
43995,Jennifer Rodriguez,jennifer.rodriguez625@hotmail.com,Analytics Dashboard,Bug Report,I found a bug in the latest update affecting report generation.,Payment gateway timeout issue fixed and monitoring implemented.,Urgent,Resolved,Web Form,North America,64,Male,Free,47,20,5,25.52,190.13,2024-01-14,2024-01-27,Yes,Yes,iOS,Firefox,PayPal,Japanese,Afternoon,1,Small Business
103890,Karen Brown,karen.brown832@outlook.com,CRM Platform,Bug Report,My subscription was cancelled without my request and I need clarification.,Security settings updated and customer notified of precautionary measures.,Medium,Resolved,Chat,Asia,24,Female,Free,55,2,4,14.03,56.53,2024-03-19,2024-03-22,Yes,Yes,Windows,Safari,Credit Card,English,Evening,2,Individual
175773,Sarah Jackson,sarah.jackson865@hotmail.com,E-commerce Store,Bug Report,I found a bug in the latest update affecting report generation.,The duplicate charge was reversed and refund processed within 3-5 business days.,Low,Closed,Social Media,Asia,71,Other,Enterprise,52,19,2,45.86,177.91,2023-08-07,2023-08-12,No,Yes,Android,Chrome,PayPal,Spanish,Afternoon,7,Small Business
26886,Robert Miller,robert.miller238@outlook.com,E-commerce Store,Bug Report,There seems to be a discrepancy in my billing statement for this month.,Provided step-by-step troubleshooting instructions and issue resolved.,High,Closed,Email,South America,54,Male,Premium,11,12,4,21.32,129.35,2023-03-25,2023-04-04,Yes,No,MacOS,Edge,Crypto,Spanish,Night,8,Individual
195458,Robert Taylor,robert.taylor776@hotmail.com,CRM Platform,Bug Report,There seems to be a discrepancy in my billing statement for this month.,Provided step-by-step troubleshooting instructions and issue resolved.,Low,Resolved,Chat,Europe,44,Male,Free,35,17,5,22.18,177.64,2024-03-19,2024-03-23,Yes,No,iOS,Firefox,Bank Transfer,Japanese,Morning,10,Small Business
38392,John Moore,john.moore20@outlook.com,Analytics Dashboard,Bug Report,There seems to be a discrepancy in my billing statement for this month.,Provided step-by-step troubleshooting instructions and issue resolved.,Medium,Closed,Web Form,South America,56,Male,Premium,43,20,4,34.8,178.37,2023-10-29,2023-11-11,No,Yes,Windows,,Bank Transfer,German,Evening,10,Individual
163549,Karen Moore,karen.moore223@company.com,Billing System,Bug Report,My subscription was cancelled without my request and I need clarification.,We have reset the account credentials and advised the customer to retry login.,Urgent,Closed,Email,Australia,22,Female,Premium,39,0,1,27.48,122.25,2022-02-16,2022-02-22,No,No,iOS,Safari,Credit Card,French,Night,4,Corporate
107953,Karen Davis,karen.davis10@icloud.com,Subscription Service,Bug Report,I am experiencing very slow performance while using the dashboard.,Provided step-by-step troubleshooting instructions and issue resolved.,High,Resolved,Web Form,South America,37,Other,Basic,52,7,5,42.59,53.42,2023-11-03,2023-11-03,No,Yes,Android,Safari,Bank Transfer,French,Evening,2,Small Business
182944,Jessica Martin,jessica.martin634@hotmail.com,E-commerce Store,Bug Report,I found a bug in the latest update affecting report generation.,Subscription status corrected and confirmation email sent to customer.,Low,Resolved,Email,North America,41,Female,Basic,45,11,4,39.06,178.45,2024-12-03,2024-12-06,No,Yes,Windows,Safari,Debit Card,English,Night,3,Individual
56180,Susan Williams,susan.williams916@company.com,E-commerce Store,Bug Report,The application crashes whenever I try to upload a file.,Data synchronization restored after backend service restart.,High,Closed,Phone,Asia,48,Female,Enterprise,38,6,4,14.82,202.0,2023-01-16,2023-01-29,Yes,No,Linux,,Debit Card,Spanish,Night,6,Individual
50304,John Brown,john.brown420@company.com,Payment Gateway,Bug Report,The system is not syncing data across devices properly.,Subscription status corrected and confirmation email sent to customer.,Low,Closed,Web Form,North America,59,Female,Enterprise,46,14,2,26.19,229.53,2023-10-28,2023-11-06,No,No,Android,Chrome,PayPal,German,Evening,7,Small Business
175400,Susan Moore,susan.moore675@outlook.com,E-commerce Store,Bug Report,The system is not syncing data across devices properly.,Payment gateway timeout issue fixed and monitoring implemented.,Medium,Closed,Phone,Australia,53,Male,Enterprise,8,14,2,31.65,28.21,2022-02-16,2022-02-25,Yes,No,Linux,Firefox,Debit Card,Chinese,Afternoon,1,Corporate
177467,Karen Anderson,karen.anderson874@yahoo.com,Analytics Dashboard,Bug Report,I found a bug in the latest update affecting report generation.,We have reset the account credentials and advised the customer to retry login.,Low,Closed,Chat,Australia,72,Other,Basic,4,2,2,2.56,13.83,2023-02-22,2023-02-28,No,No,iOS,Chrome,Credit Card,French,Evening,7,Small Business
53938,Joseph Williams,joseph.williams606@outlook.com,Billing System,Bug Report,I would like to request a refund for the recent charge.,The duplicate charge was reversed and refund processed within 3-5 business days.,High,Resolved,Social Media,South America,39,Other,Enterprise,11,19,4,23.91,26.31,2022-10-16,2022-10-16,Yes,No,Android,Firefox,PayPal,Chinese,Afternoon,1,Individual
62074,Karen Anderson,karen.anderson59@icloud.com,CRM Platform,Bug Report,I am experiencing very slow performance while using the dashboard.,We have reset the account credentials and advised the customer to retry login.,High,Resolved,Web Form,South America,30,Other,Basic,33,18,4,52.0,69.41,2023-11-02,2023-11-16,Yes,No,iOS,,Credit Card,Japanese,Afternoon,2,Individual
174595,Jennifer Moore,jennifer.moore230@company.com,Analytics Dashboard,Bug Report,The system is not syncing data across devices properly.,Provided step-by-step troubleshooting instructions and issue resolved.,Low,Closed,Chat,Africa,23,Female,Basic,28,10,3,48.56,156.29,2024-12-16,2024-12-26,No,Yes,iOS,Chrome,PayPal,French,Morning,5,Individual
9171,Mary Brown,mary.brown140@company.com,Billing System,Bug Report,Two-factor authentication codes are not being delivered to my phone.,Subscription status corrected and confirmation email sent to customer.,High,Closed,Chat,Australia,25,Other,Free,26,8,3,40.75,86.36,2024-06-28,2024-07-02,Yes,Yes,Android,Edge,PayPal,French,Afternoon,3,Corporate
155577,Patricia Moore,patricia.moore786@gmail.com,API Service,Bug Report,I am unable to access my account after entering the correct credentials.,Provided step-by-step troubleshooting instructions and issue resolved.,High,Resolved,Social Media,Australia,30,Male,Basic,7,20,3,47.75,136.58,2023-11-23,2023-12-03,No,No,Android,Firefox,Debit Card,German,Evening,7,Small Business
98339,Sarah Lopez,sarah.lopez844@gmail.com,Analytics Dashboard,Bug Report,The system is not syncing data across devices properly.,Explained billing breakdown and clarified applicable charges.,High,Resolved,Phone,North America,72,Female,Premium,38,19,1,61.23,162.08,2023-08-13,2023-08-23,Yes,Yes,Android,Chrome,Credit Card,German,Morning,8,Small Business
82378,Susan Jackson,susan.jackson585@company.com,Web Portal,Bug Report,I am experiencing very slow performance while using the dashboard.,Bug logged internally and workaround shared with the customer.,Urgent,Closed,Chat,South America,48,Female,Enterprise,15,3,3,34.5,130.5,2023-02-05,2023-02-06,No,Yes,MacOS,Edge,Debit Card,English,Evening,7,Individual
65360,Thomas Rodriguez,thomas.rodriguez302@outlook.com,Billing System,Bug Report,The system is not syncing data across devices properly.,Data synchronization restored after backend service restart.,Urgent,Resolved,Chat,Asia,64,Other,Basic,13,7,5,61.09,227.1,2023-03-29,2023-04-06,No,No,Linux,,PayPal,German,Night,3,Corporate
115290,Jessica Taylor,jessica.taylor324@company.com,Mobile App,Bug Report,My subscription was cancelled without my request and I need clarification.,Security settings updated and customer notified of precautionary measures.,Medium,Resolved,Web Form,Australia,31,Other,Premium,54,12,1,56.21,116.78,2022-06-21,2022-07-03,No,Yes,iOS,Edge,Debit Card,English,Night,7,Corporate
77556,Sarah Garcia,sarah.garcia57@hotmail.com,Billing System,Bug Report,The application crashes whenever I try to upload a file.,Security settings updated and customer notified of precautionary measures.,High,Closed,Phone,Europe,47,Other,Basic,21,20,4,37.35,231.64,2024-08-31,2024-09-03,No,Yes,MacOS,Chrome,Bank Transfer,Spanish,Evening,2,Small Business
140175,Sarah Brown,sarah.brown471@company.com,CRM Platform,Bug Report,I would like to request a refund for the recent charge.,Explained billing breakdown and clarified applicable charges.,Urgent,Closed,Social Media,South America,61,Female,Premium,6,6,3,66.15,88.3,2024-09-14,2024-09-23,Yes,Yes,Linux,Chrome,PayPal,Spanish,Morning,5,Small Business
77315,Thomas Moore,thomas.moore218@company.com,CRM Platform,Bug Report,My subscription was cancelled without my request and I need clarification.,Security settings updated and customer notified of precautionary measures.,Medium,Resolved,Social Media,Asia,26,Male,Basic,56,8,5,65.61,226.33,2024-05-19,2024-05-24,No,Yes,Linux,Chrome,PayPal,Japanese,Morning,3,Corporate
122756,William Taylor,william.taylor603@icloud.com,Payment Gateway,Bug Report,The system is not syncing data across devices properly.,Security settings updated and customer notified of precautionary measures.,High,Resolved,Social Media,Australia,31,Female,Basic,9,18,3,27.86,216.51,2022-07-07,2022-07-08,Yes,Yes,Linux,Firefox,Debit Card,English,Evening,8,Individual
162702,Linda Davis,linda.davis6@hotmail.com,E-commerce Store,Bug Report,There seems to be a discrepancy in my billing statement for this month.,The issue was escalated to engineering and resolved in the latest patch.,Medium,Resolved,Social Media,South America,42,Female,Premium,45,1,1,48.67,64.34,2022-10-05,2022-10-18,No,Yes,Linux,,Debit Card,English,Evening,8,Corporate
14451,Susan Garcia,susan.garcia919@company.com,Cloud Storage,Bug Report,Two-factor authentication codes are not being delivered to my phone.,Explained billing breakdown and clarified applicable charges.,High,Closed,Email,Africa,19,Male,Free,18,8,4,21.12,64.25,2024-01-19,2024-01-22,Yes,No,Windows,Edge,Bank Transfer,English,Afternoon,10,Corporate
158107,John Wilson,john.wilson890@hotmail.com,Payment Gateway,Bug Report,I am experiencing very slow performance while using the dashboard.,We have reset the account credentials and advised the customer to retry login.,Urgent,Closed,Email,Africa,42,Other,Premium,24,10,4,71.54,215.81,2022-04-19,2022-04-27,No,No,Linux,Chrome,PayPal,French,Evening,5,Corporate
44207,Charles Brown,charles.brown111@icloud.com,API Service,Bug Report,The application crashes whenever I try to upload a file.,We have reset the account credentials and advised the customer to retry login.,Medium,Resolved,Social Media,South America,74,Other,Enterprise,49,6,2,16.44,232.32,2022-03-15,2022-03-25,No,No,Linux,Edge,Bank Transfer,English,Morning,4,Small Business
118612,Patricia Davis,patricia.davis301@outlook.com,Payment Gateway,Bug Report,I am unable to access my account after entering the correct credentials.,The issue was escalated to engineering and resolved in the latest patch.,Urgent,Closed,Social Media,Europe,31,Female,Basic,14,7,1,29.77,168.35,2023-09-27,2023-10-02,No,No,MacOS,,Credit Card,English,Afternoon,3,Corporate
58809,Karen Martin,karen.martin929@hotmail.com,Billing System,Bug Report,Two-factor authentication codes are not being delivered to my phone.,Security settings updated and customer notified of precautionary measures.,Medium,Resolved,Email,Africa,72,Female,Basic,46,19,2,54.47,110.9,2024-10-26,2024-10-28,No,No,Windows,Safari,Crypto,German,Morning,4,Small Business
123932,Elizabeth Lopez,elizabeth.lopez209@company.com,Cloud Storage,Bug Report,I am experiencing very slow performance while using the dashboard.,Provided step-by-step troubleshooting instructions and issue resolved.,Urgent,Resolved,Chat,Australia,59,Male,Free,37,8,4,48.9,41.42,2024-05-23,2024-06-04,No,Yes,Android,Safari,Bank Transfer,Spanish,Afternoon,2,Individual
153090,Thomas Brown,thomas.brown883@icloud.com,Cloud Storage,Bug Report,I found a bug in the latest update affecting report generation.,Security settings updated and customer notified of precautionary measures.,Urgent,Closed,Email,South America,60,Other,Free,60,3,5,22.53,217.29,2024-01-20,2024-01-20,No,No,Linux,Firefox,Debit Card,French,Night,4,Individual
178187,Sarah Wilson,sarah.wilson293@yahoo.com,Payment Gateway,Bug Report,I would like to request a refund for the recent charge.,The duplicate charge was reversed and refund processed within 3-5 business days.,Urgent,Closed,Phone,Asia,66,Male,Free,33,2,1,65.29,169.94,2022-04-25,2022-04-26,Yes,No,Windows,Firefox,Bank Transfer,French,Evening,3,Corporate
82754,James Miller,james.miller891@hotmail.com,Billing System,Bug Report,There seems to be a discrepancy in my billing statement for this month.,Explained billing breakdown and clarified applicable charges.,High,Closed,Social Media,Europe,29,Other,Enterprise,27,16,3,21.75,221.69,2023-12-04,2023-12-06,Yes,No,iOS,,Crypto,French,Afternoon,9,Corporate
41453,William Williams,william.williams718@icloud.com,Subscription Service,Bug Report,The system is not syncing data across devices properly.,Provided step-by-step troubleshooting instructions and issue resolved.,Medium,Resolved,Email,Europe,28,Male,Basic,33,19,4,36.89,141.17,2023-03-03,2023-03-05,Yes,Yes,Linux,Safari,Bank Transfer,French,Afternoon,5,Individual
118640,Mary Gonzalez,mary.gonzalez148@hotmail.com,Payment Gateway,Bug Report,I am experiencing very slow performance while using the dashboard.,Explained billing breakdown and clarified applicable charges.,Medium,Resolved,Web Form,North America,75,Male,Enterprise,1,5,3,31.35,228.14,2022-01-27,2022-02-03,Yes,Yes,Linux,,Credit Card,Japanese,Evening,5,Individual
70648,Karen Williams,karen.williams510@company.com,Mobile App,Bug Report,The application crashes whenever I try to upload a file.,Subscription status corrected and confirmation email sent to customer.,Urgent,Resolved,Phone,Asia,70,Other,Enterprise,52,20,5,55.42,68.52,2023-08-13,2023-08-18,Yes,No,MacOS,,Crypto,Chinese,Morning,5,Small Business
94811,James Jackson,james.jackson818@yahoo.com,Billing System,Bug Report,The application crashes whenever I try to upload a file.,The issue was escalated to engineering and resolved in the latest patch.,Urgent,Closed,Phone,South America,71,Male,Free,41,2,1,51.48,101.84,2023-01-13,2023-01-14,Yes,Yes,iOS,Edge,PayPal,Spanish,Morning,2,Corporate
40829,Joseph Garcia,joseph.garcia944@hotmail.com,Analytics Dashboard,Bug Report,Two-factor authentication codes are not being delivered to my phone.,Payment gateway timeout issue fixed and monitoring implemented.,Medium,Closed,Social Media,Africa,68,Other,Free,26,14,2,56.02,124.69,2023-11-18,2023-11-29,No,No,MacOS,,Debit Card,French,Evening,6,Corporate
182697,Linda Rodriguez,linda.rodriguez485@icloud.com,Billing System,Bug Report,There seems to be a discrepancy in my billing statement for this month.,Subscription status corrected and confirmation email sent to customer.,Medium,Closed,Web Form,North America,45,Male,Enterprise,47,4,3,9.84,227.4,2022-04-05,2022-04-12,No,No,iOS,Firefox,Bank Transfer,Chinese,Morning,3,Small Business
59984,Sarah Martinez,sarah.martinez9@gmail.com,Mobile App,Bug Report,The payment was deducted from my bank account but the transaction shows failed.,Data synchronization restored after backend service restart.,High,Resolved,Chat,North America,20,Male,Basic,16,11,1,45.69,84.13,2023-02-13,2023-02-27,Yes,No,MacOS,Firefox,PayPal,English,Evening,4,Corporate
140494,Richard Miller,richard.miller657@outlook.com,API Service,Bug Report,The payment was deducted from my bank account but the transaction shows failed.,Data synchronization restored after backend service restart.,Low,Resolved,Email,Australia,54,Other,Premium,17,8,1,27.15,170.52,2024-09-27,2024-10-10,Yes,No,Windows,Chrome,Bank Transfer,English,Night,7,Small Business
158973,James Thomas,james.thomas261@icloud.com,API Service,Bug Report,I would like to request a refund for the recent charge.,Explained billing breakdown and clarified applicable charges.,High,Resolved,Web Form,Africa,36,Male,Premium,26,15,2,28.47,36.26,2023-01-21,2023-01-30,No,No,Linux,Edge,Credit Card,Chinese,Evening,7,Individual
153817,Robert Jackson,robert.jackson845@gmail.com,CRM Platform,Bug Report,I am unable to access my account after entering the correct credentials.,Bug logged internally and workaround shared with the customer.,Urgent,Resolved,Phone,Africa,27,Female,Basic,41,8,4,5.18,4.3,2022-08-25,2022-09-08,No,No,Linux,Edge,Bank Transfer,Japanese,Night,6,Small Business
26060,Thomas Rodriguez,thomas.rodriguez685@yahoo.com,E-commerce Store,Bug Report,There seems to be a discrepancy in my billing statement for this month.,Explained billing breakdown and clarified applicable charges.,High,Closed,Social Media,Asia,45,Male,Free,38,18,1,71.94,109.08,2023-06-04,2023-06-17,No,Yes,Windows,,Bank Transfer,German,Afternoon,10,Corporate
102591,James Martin,james.martin437@company.com,E-commerce Store,Data Sync Issue,The system is not syncing data across devices properly.,The duplicate charge was reversed and refund processed within 3-5 business days.,High,Closed,Web Form,Asia,21,Female,Basic,18,4,4,45.94,130.94,2023-11-18,2023-12-01,No,No,MacOS,,Debit Card,English,Morning,10,Individual
6513,Karen Anderson,karen.anderson892@yahoo.com,Billing System,Data Sync Issue,I am experiencing very slow performance while using the dashboard.,Data synchronization restored after backend service restart.,Urgent,Resolved,Chat,Australia,46,Other,Free,58,2,2,45.83,138.99,2022-08-31,2022-09-13,No,Yes,Linux,Chrome,Bank Transfer,Spanish,Night,9,Small Business
118923,Sarah Anderson,sarah.anderson894@yahoo.com,Web Portal,Data Sync Issue,The application crashes whenever I try to upload a file.,The duplicate charge was reversed and refund processed within 3-5 business days.,Urgent,Resolved,Social Media,Africa,57,Other,Enterprise,32,6,4,29.52,202.2,2022-07-01,2022-07-01,No,No,Android,Firefox,Bank Transfer,German,Evening,8,Small Business
38425,David Miller,david.miller966@hotmail.com,Billing System,Data Sync Issue,The system is not syncing data across devices properly.,Security settings updated and customer notified of precautionary measures.,Low,Resolved,Social Media,Australia,68,Other,Enterprise,23,11,2,71.08,6.64,2022-04-29,2022-05-07,Yes,Yes,Windows,Safari,PayPal,Chinese,Evening,4,Small Business
161967,Susan Garcia,susan.garcia256@outlook.com,Subscription Service,Data Sync Issue,The payment was deducted from my bank account but the transaction shows failed.,We have reset the account credentials and advised the customer to retry login.,Urgent,Resolved,Phone,Europe,27,Female,Basic,55,0,1,66.15,174.66,2024-05-17,2024-05-30,No,No,Linux,,Crypto,Chinese,Afternoon,4,Small Business
175176,Jennifer Thomas,jennifer.thomas36@gmail.com,Subscription Service,Data Sync Issue,The payment was deducted from my bank account but the transaction shows failed.,Provided step-by-step troubleshooting instructions and issue resolved.,Urgent,Resolved,Web Form,Asia,34,Other,Basic,21,2,1,40.99,215.8,2024-09-13,2024-09-13,Yes,Yes,Linux,Edge,PayPal,Japanese,Afternoon,8,Individual
88785,Patricia Martinez,patricia.martinez437@company.com,E-commerce Store,Data Sync Issue,My subscription was cancelled without my request and I need clarification.,Bug logged internally and workaround shared with the customer.,High,Closed,Chat,North America,35,Male,Enterprise,21,13,5,71.84,232.11,2022-09-18,2022-10-02,No,Yes,Windows,Edge,PayPal,Japanese,Night,10,Individual
102223,Mary Johnson,mary.johnson574@gmail.com,Subscription Service,Data Sync Issue,The payment was deducted from my bank account but the transaction shows failed.,Explained billing breakdown and clarified applicable charges.,Urgent,Closed,Email,Europe,35,Male,Free,53,5,3,50.1,107.43,2023-03-19,2023-03-28,Yes,No,Linux,Chrome,Credit Card,French,Afternoon,10,Corporate
27667,Mary Rodriguez,mary.rodriguez859@yahoo.com,Subscription Service,Data Sync Issue,There seems to be a discrepancy in my billing statement for this month.,The duplicate charge was reversed and refund processed within 3-5 business days.,Low,Closed,Phone,Asia,56,Female,Free,37,0,4,42.39,168.25,2023-04-20,2023-04-30,Yes,No,Windows,Firefox,Bank Transfer,French,Afternoon,10,Corporate
176846,Michael Anderson,michael.anderson241@gmail.com,Payment Gateway,Data Sync Issue,I found a bug in the latest update affecting report generation.,We have reset the account credentials and advised the customer to retry login.,Low,Closed,Social Media,North America,62,Female,Enterprise,6,19,5,14.82,182.7,2023-11-14,2023-11-16,Yes,Yes,MacOS,Firefox,Crypto,German,Evening,8,Corporate
182065,Elizabeth Smith,elizabeth.smith231@icloud.com,Analytics Dashboard,Data Sync Issue,I would like to request a refund for the recent charge.,Bug logged internally and workaround shared with the customer.,Urgent,Resolved,Phone,North America,63,Male,Enterprise,54,10,1,59.3,146.34,2023-04-18,2023-04-24,No,No,MacOS,Firefox,Bank Transfer,German,Evening,6,Corporate
87171,Susan Lopez,susan.lopez130@yahoo.com,API Service,Data Sync Issue,The application crashes whenever I try to upload a file.,The issue was escalated to engineering and resolved in the latest patch.,Medium,Resolved,Phone,Europe,46,Female,Free,5,14,5,38.22,227.3,2024-07-30,2024-08-10,No,Yes,iOS,,Crypto,English,Evening,3,Corporate
51368,Mary Smith,mary.smith861@yahoo.com,Mobile App,Data Sync Issue,My subscription was cancelled without my request and I need clarification.,Payment gateway timeout issue fixed and monitoring implemented.,Medium,Closed,Chat,North America,61,Female,Premium,58,9,5,29.39,202.06,2024-03-23,2024-04-05,Yes,No,Android,Safari,PayPal,Spanish,Night,2,Small Business
186711,Jessica Smith,jessica.smith806@company.com,API Service,Data Sync Issue,The system is not syncing data across devices properly.,The duplicate charge was reversed and refund processed within 3-5 business days.,Low,Closed,Chat,Africa,22,Other,Free,36,1,4,43.53,70.96,2022-03-03,2022-03-09,Yes,Yes,MacOS,Safari,Crypto,French,Evening,6,Individual
69308,Mary Miller,mary.miller612@gmail.com,CRM Platform,Data Sync Issue,The application crashes whenever I try to upload a file.,Provided step-by-step troubleshooting instructions and issue resolved.,Urgent,Closed,Web Form,Australia,69,Male,Premium,43,17,5,6.29,168.28,2024-04-04,2024-04-14,Yes,No,Android,Chrome,PayPal,German,Morning,8,Corporate
71202,Thomas Martinez,thomas.martinez537@outlook.com,Analytics Dashboard,Data Sync Issue,My subscription was cancelled without my request and I need clarification.,Security settings updated and customer notified of precautionary measures.,Low,Closed,Phone,Australia,54,Other,Free,58,9,1,47.47,56.74,2023-09-02,2023-09-05,No,No,Windows,Edge,Debit Card,Spanish,Evening,3,Small Business
67011,Thomas Jones,thomas.jones473@outlook.com,Payment Gateway,Data Sync Issue,I am experiencing very slow performance while using the dashboard.,We have reset the account credentials and advised the customer to retry login.,Low,Closed,Social Media,North America,49,Other,Enterprise,32,15,1,2.56,6.94,2022-06-29,2022-07-08,No,Yes,Windows,Edge,Bank Transfer,Japanese,Night,5,Individual
28815,James Gonzalez,james.gonzalez758@icloud.com,Cloud Storage,Data Sync Issue,The system is not syncing data across devices properly.,Data synchronization restored after backend service restart.,Low,Resolved,Chat,Africa,62,Other,Free,41,10,1,18.97,101.99,2024-12-21,2024-12-31,No,No,MacOS,Edge,Bank Transfer,English,Evening,9,Individual
66446,Sarah Martinez,sarah.martinez912@outlook.com,Payment Gateway,Data Sync Issue,I found a bug in the latest update affecting report generation.,Security settings updated and customer notified of precautionary measures.,Medium,Closed,Chat,Europe,23,Other,Free,11,17,4,59.89,55.5,2023-11-13,2023-11-17,Yes,Yes,MacOS,,Debit Card,Spanish,Night,4,Individual
144336,John Hernandez,john.hernandez635@icloud.com,Subscription Service,Data Sync Issue,I am unable to access my account after entering the correct credentials.,The issue was escalated to engineering and resolved in the latest patch.,Urgent,Resolved,Web Form,Australia,50,Male,Basic,45,0,5,50.03,127.11,2024-09-02,2024-09-06,No,Yes,Linux,Chrome,Credit Card,German,Afternoon,4,Small Business
7747,Thomas Garcia,thomas.garcia595@hotmail.com,Cloud Storage,Data Sync Issue,The system is not syncing data across devices properly.,Data synchronization restored after backend service restart.,Low,Resolved,Email,South America,61,Male,Enterprise,48,1,2,59.07,110.89,2022-04-05,2022-04-12,Yes,Yes,MacOS,Edge,Crypto,Spanish,Morning,9,Small Business
86151,Mary Jackson,mary.jackson461@gmail.com,Cloud Storage,Data Sync Issue,The system is not syncing data across devices properly.,Security settings updated and customer notified of precautionary measures.,Urgent,Resolved,Web Form,Africa,27,Female,Basic,1,20,5,30.14,195.0,2023-04-27,2023-05-06,Yes,Yes,Linux,Edge,PayPal,German,Morning,10,Corporate
27334,Karen Wilson,karen.wilson243@outlook.com,API Service,Data Sync Issue,Two-factor authentication codes are not being delivered to my phone.,Bug logged internally and workaround shared with the customer.,Medium,Resolved,Web Form,Australia,70,Male,Basic,47,20,2,61.79,230.52,2022-12-22,2023-01-04,Yes,No,Linux,Edge,PayPal,Spanish,Morning,5,Small Business
133518,Thomas Wilson,thomas.wilson553@icloud.com,E-commerce Store,Data Sync Issue,I am unable to access my account after entering the correct credentials.,Payment gateway timeout issue fixed and monitoring implemented.,Medium,Resolved,Chat,Europe,20,Other,Basic,52,18,3,27.72,42.4,2022-11-02,2022-11-10,No,Yes,iOS,Edge,PayPal,German,Night,4,Small Business
194246,Elizabeth Rodriguez,elizabeth.rodriguez67@gmail.com,CRM Platform,Data Sync Issue,I found a bug in the latest update affecting report generation.,Provided step-by-step troubleshooting instructions and issue resolved.,Urgent,Closed,Email,South America,26,Female,Premium,24,11,4,5.91,125.18,2024-08-11,2024-08-13,No,Yes,Windows,Chrome,Credit Card,French,Night,9,Corporate
100042,James Lopez,james.lopez778@hotmail.com,E-commerce Store,Data Sync Issue,My subscription was cancelled without my request and I need clarification.,Payment gateway timeout issue fixed and monitoring implemented.,Low,Resolved,Web Form,North America,64,Other,Basic,50,9,5,41.75,231.41,2023-09-12,2023-09-14,No,No,Android,Firefox,Crypto,Japanese,Evening,2,Individual
87265,John Martin,john.martin41@hotmail.com,Subscription Service,Data Sync Issue,The system is not syncing data across devices properly.,Security settings updated and customer notified of precautionary measures.,Urgent,Resolved,Chat,Australia,46,Male,Basic,31,0,3,47.32,78.19,2023-01-14,2023-01-18,No,No,iOS,Chrome,Credit Card,German,Evening,5,Individual
178654,John Rodriguez,john.rodriguez641@gmail.com,Billing System,Data Sync Issue,I found a bug in the latest update affecting report generation.,Bug logged internally and workaround shared with the customer.,Low,Closed,Phone,Africa,48,Male,Free,25,15,1,69.07,118.56,2024-11-19,2024-11-25,No,No,Android,,PayPal,Japanese,Afternoon,4,Corporate
112437,Mary Gonzalez,mary.gonzalez79@outlook.com,CRM Platform,Data Sync Issue,I would like to request a refund for the recent charge.,Bug logged internally and workaround shared with the customer.,High,Closed,Social Media,Europe,71,Other,Enterprise,14,7,4,27.73,121.51,2024-12-12,2024-12-13,Yes,Yes,Android,Safari,PayPal,English,Morning,10,Corporate
121363,Mary Martinez,mary.martinez338@yahoo.com,API Service,Data Sync Issue,The system is not syncing data across devices properly.,We have reset the account credentials and advised the customer to retry login.,Medium,Closed,Web Form,South America,60,Other,Free,48,16,2,55.49,194.33,2023-05-15,2023-05-21,Yes,Yes,Android,Safari,Debit Card,Spanish,Morning,6,Individual
11615,Linda Hernandez,linda.hernandez786@yahoo.com,Mobile App,Data Sync Issue,My subscription was cancelled without my request and I need clarification.,Explained billing breakdown and clarified applicable charges.,Low,Closed,Web Form,Africa,68,Other,Free,6,15,4,41.28,37.79,2023-01-04,2023-01-04,Yes,No,MacOS,,Credit Card,English,Morning,8,Individual
74798,Richard Garcia,richard.garcia539@hotmail.com,E-commerce Store,Data Sync Issue,I found a bug in the latest update affecting report generation.,Security settings updated and customer notified of precautionary measures.,Urgent,Resolved,Web Form,Asia,34,Male,Free,47,5,5,12.39,133.54,2023-10-01,2023-10-10,Yes,Yes,Linux,,Crypto,Chinese,Afternoon,9,Individual
84874,Jessica Smith,jessica.smith426@hotmail.com,CRM Platform,Data Sync Issue,I found a bug in the latest update affecting report generation.,Explained billing breakdown and clarified applicable charges.,Low,Closed,Social Media,Australia,51,Female,Premium,53,1,4,5.1,213.02,2024-04-25,2024-05-02,No,No,iOS,Chrome,PayPal,Spanish,Afternoon,3,Individual
13945,David Martin,david.martin300@company.com,CRM Platform,Data Sync Issue,My subscription was cancelled without my request and I need clarification.,We have reset the account credentials and advised the customer to retry login.,Low,Closed,Social Media,Africa,69,Female,Enterprise,14,0,2,25.63,216.74,2024-02-05,2024-02-12,Yes,No,Windows,Firefox,Crypto,Japanese,Morning,2,Corporate
104220,Jessica Jones,jessica.jones203@outlook.com,Analytics Dashboard,Data Sync Issue,Two-factor authentication codes are not being delivered to my phone.,Subscription status corrected and confirmation email sent to customer.,Urgent,Closed,Email,South America,64,Other,Enterprise,28,10,1,43.73,25.4,2023-05-19,2023-05-19,No,Yes,Linux,Chrome,PayPal,Japanese,Afternoon,1,Individual
167997,William Brown,william.brown214@yahoo.com,Cloud Storage,Data Sync Issue,Two-factor authentication codes are not being delivered to my phone.,The duplicate charge was reversed and refund processed within 3-5 business days.,Low,Resolved,Chat,South America,38,Other,Premium,49,13,1,62.46,130.8,2022-05-31,2022-06-05,Yes,Yes,iOS,Chrome,PayPal,English,Morning,6,Small Business
63662,Joseph Martin,joseph.martin787@yahoo.com,Analytics Dashboard,Data Sync Issue,I am unable to access my account after entering the correct credentials.,The issue was escalated to engineering and resolved in the latest patch.,Urgent,Closed,Phone,Asia,60,Female,Enterprise,21,9,3,39.17,164.05,2024-12-16,2024-12-19,No,No,iOS,Chrome,Crypto,Japanese,Morning,9,Individual
68239,William Taylor,william.taylor551@yahoo.com,CRM Platform,Data Sync Issue,There seems to be a discrepancy in my billing statement for this month.,The duplicate charge was reversed and refund processed within 3-5 business days.,Medium,Closed,Web Form,North America,49,Other,Basic,59,1,1,32.94,84.56,2024-05-15,2024-05-21,No,No,Linux,Safari,PayPal,Japanese,Night,10,Individual
75810,Robert Moore,robert.moore458@icloud.com,Analytics Dashboard,Data Sync Issue,The payment was deducted from my bank account but the transaction shows failed.,Security settings updated and customer notified of precautionary measures.,Urgent,Resolved,Social Media,Europe,56,Female,Premium,12,0,3,3.45,124.94,2024-09-24,2024-10-06,Yes,No,iOS,Edge,Debit Card,Spanish,Afternoon,8,Small Business
48216,William Johnson,william.johnson37@yahoo.com,E-commerce Store,Data Sync Issue,There seems to be a discrepancy in my billing statement for this month.,Payment gateway timeout issue fixed and monitoring implemented.,Urgent,Closed,Social Media,Africa,38,Other,Premium,47,10,1,57.0,103.31,2024-10-02,2024-10-12,No,No,iOS,Edge,Crypto,Spanish,Evening,2,Corporate
195929,Joseph Brown,joseph.brown236@icloud.com,Analytics Dashboard,Data Sync Issue,The payment was deducted from my bank account but the transaction shows failed.,Provided step-by-step troubleshooting instructions and issue resolved.,Low,Resolved,Web Form,Asia,51,Male,Basic,3,9,4,25.75,48.36,2023-05-29,2023-06-07,No,No,iOS,Safari,Bank Transfer,Japanese,Morning,9,Small Business
38952,Susan Jones,susan.jones39@hotmail.com,Web Portal,Data Sync Issue,I am unable to access my account after entering the correct credentials.,Provided step-by-step troubleshooting instructions and issue resolved.,Low,Closed,Web Form,Australia,51,Female,Free,4,4,3,52.17,162.36,2023-03-28,2023-04-04,Yes,Yes,iOS,Chrome,Debit Card,German,Morning,10,Corporate
140323,Linda Martinez,linda.martinez839@outlook.com,Billing System,Data Sync Issue,The payment was deducted from my bank account but the transaction shows failed.,Security settings updated and customer notified of precautionary measures.,Urgent,Closed,Email,South America,72,Male,Basic,36,18,1,49.44,156.56,2023-06-03,2023-06-06,Yes,No,MacOS,Safari,PayPal,German,Evening,1,Small Business
171240,Jessica Davis,jessica.davis372@gmail.com,Mobile App,Data Sync Issue,I am experiencing very slow performance while using the dashboard.,Subscription status corrected and confirmation email sent to customer.,Medium,Closed,Social Media,North America,53,Female,Basic,18,3,3,1.13,92.17,2022-04-01,2022-04-06,No,Yes,Linux,,Credit Card,English,Afternoon,10,Individual
53642,Mary Jackson,mary.jackson522@company.com,Payment Gateway,Data Sync Issue,Two-factor authentication codes are not being delivered to my phone.,Provided step-by-step troubleshooting instructions and issue resolved.,Medium,Closed,Phone,Europe,70,Other,Free,24,17,2,43.62,76.0,2024-05-06,2024-05-09,Yes,Yes,Linux,Chrome,Crypto,Chinese,Evening,1,Corporate
98402,Thomas Thomas,thomas.thomas233@gmail.com,E-commerce Store,Data Sync Issue,I am unable to access my account after entering the correct credentials.,Explained billing breakdown and clarified applicable charges.,High,Closed,Social Media,Europe,62,Female,Basic,50,0,2,66.05,170.91,2022-07-16,2022-07-28,Yes,Yes,MacOS,Chrome,PayPal,French,Afternoon,5,Small Business
94098,Joseph Johnson,joseph.johnson773@icloud.com,CRM Platform,Data Sync Issue,I am experiencing very slow performance while using the dashboard.,The issue was escalated to engineering and resolved in the latest patch.,Low,Closed,Phone,Asia,34,Male,Basic,3,17,4,17.22,89.34,2022-03-30,2022-04-09,Yes,Yes,Windows,Chrome,Crypto,German,Afternoon,5,Small Business
198894,Jennifer Taylor,jennifer.taylor910@hotmail.com,API Service,Data Sync Issue,My subscription was cancelled without my request and I need clarification.,We have reset the account credentials and advised the customer to retry login.,Low,Resolved,Phone,Asia,43,Male,Basic,19,0,2,67.8,183.91,2024-09-12,2024-09-21,No,Yes,Android,Safari,PayPal,Spanish,Evening,8,Individual
158405,William Martin,william.martin870@outlook.com,Subscription Service,Data Sync Issue,There seems to be a discrepancy in my billing statement for this month.,Payment gateway timeout issue fixed and monitoring implemented.,High,Resolved,Web Form,Africa,29,Male,Premium,39,4,5,42.98,204.26,2022-05-26,2022-06-02,No,No,MacOS,,PayPal,Chinese,Morning,8,Corporate
86974,Barbara Martin,barbara.martin958@outlook.com,API Service,Data Sync Issue,The system is not syncing data across devices properly.,Subscription status corrected and confirmation email sent to customer.,Urgent,Closed,Social Media,South America,60,Male,Enterprise,40,15,3,24.4,120.92,2024-12-24,2024-12-31,Yes,No,Windows,Safari,Crypto,Spanish,Morning,9,Individual
9596,John Martinez,john.martinez186@icloud.com,CRM Platform,Data Sync Issue,I found a bug in the latest update affecting report generation.,The duplicate charge was reversed and refund processed within 3-5 business days.,Low,Resolved,Email,Asia,65,Other,Premium,25,8,2,17.45,147.17,2023-03-15,2023-03-19,No,Yes,MacOS,Firefox,PayPal,Japanese,Evening,6,Individual
196844,Patricia Martinez,patricia.martinez11@yahoo.com,Payment Gateway,Data Sync Issue,There seems to be a discrepancy in my billing statement for this month.,Data synchronization restored after backend service restart.,Low,Resolved,Phone,Africa,38,Female,Basic,55,15,4,49.2,124.97,2023-05-08,2023-05-11,No,No,Windows,Safari,Credit Card,Spanish,Afternoon,4,Individual
110200,Michael Wilson,michael.wilson512@gmail.com,Analytics Dashboard,Data Sync Issue,There seems to be a discrepancy in my billing statement for this month.,The issue was escalated to engineering and resolved in the latest patch.,Medium,Closed,Social Media,North America,50,Other,Premium,60,18,3,63.69,175.18,2023-04-21,2023-05-05,Yes,No,Linux,,Debit Card,English,Evening,9,Small Business
153508,Jennifer Jones,jennifer.jones653@gmail.com,CRM Platform,Data Sync Issue,There seems to be a discrepancy in my billing statement for this month.,The duplicate charge was reversed and refund processed within 3-5 business days.,Urgent,Resolved,Web Form,Australia,46,Other,Basic,46,19,5,68.35,92.82,2023-11-30,2023-12-08,No,Yes,iOS,Firefox,Debit Card,Japanese,Morning,5,Individual
58275,John Lopez,john.lopez395@outlook.com,Mobile App,Data Sync Issue,I would like to request a refund for the recent charge.,We have reset the account credentials and advised the customer to retry login.,Medium,Resolved,Social Media,Africa,34,Female,Enterprise,55,2,2,5.77,151.0,2022-06-15,2022-06-15,No,Yes,Linux,Chrome,Credit Card,Chinese,Morning,3,Individual
197896,James Hernandez,james.hernandez163@yahoo.com,API Service,Data Sync Issue,Two-factor authentication codes are not being delivered to my phone.,The issue was escalated to engineering and resolved in the latest patch.,High,Closed,Social Media,Europe,43,Male,Free,17,6,3,39.53,116.23,2022-03-06,2022-03-11,Yes,No,Android,Chrome,Crypto,German,Night,4,Corporate
125114,Sarah Moore,sarah.moore897@company.com,Subscription Service,Data Sync Issue,I am experiencing very slow performance while using the dashboard.,The issue was escalated to engineering and resolved in the latest patch.,Medium,Closed,Phone,Europe,37,Female,Free,59,5,3,54.16,85.5,2024-06-06,2024-06-20,No,Yes,MacOS,Edge,Crypto,Spanish,Afternoon,1,Individual
185536,Barbara Brown,barbara.brown672@company.com,E-commerce Store,Data Sync Issue,The application crashes whenever I try to upload a file.,The duplicate charge was reversed and refund processed within 3-5 business days.,Urgent,Closed,Web Form,Africa,19,Male,Premium,18,20,5,69.36,96.6,2023-01-05,2023-01-13,Yes,Yes,Windows,Edge,Credit Card,English,Morning,2,Individual
37450,Karen Martinez,karen.martinez930@gmail.com,Web Portal,Data Sync Issue,Two-factor authentication codes are not being delivered to my phone.,Payment gateway timeout issue fixed and monitoring implemented.,Urgent,Resolved,Email,Europe,44,Female,Enterprise,6,7,2,7.22,151.15,2023-05-18,2023-05-21,No,Yes,iOS,Firefox,Credit Card,Spanish,Afternoon,3,Small Business
180534,Sarah Smith,sarah.smith704@company.com,Mobile App,Data Sync Issue,The application crashes whenever I try to upload a file.,Security settings updated and customer notified of precautionary measures.,High,Resolved,Chat,Australia,66,Male,Enterprise,45,12,3,20.45,225.24,2022-03-21,2022-03-29,Yes,No,Windows,Chrome,Crypto,German,Night,2,Corporate
130215,Michael Gonzalez,michael.gonzalez43@gmail.com,Billing System,Data Sync Issue,Two-factor authentication codes are not being delivered to my phone.,The issue was escalated to engineering and resolved in the latest patch.,Medium,Closed,Email,Europe,57,Female,Enterprise,47,8,5,9.73,78.23,2023-03-30,2023-04-08,No,Yes,Android,Chrome,Crypto,Japanese,Night,3,Small Business
185581,Sarah Thomas,sarah.thomas327@gmail.com,Mobile App,Data Sync Issue,The system is not syncing data across devices properly.,Bug logged internally and workaround shared with the customer.,High,Resolved,Chat,Europe,35,Male,Free,35,4,5,41.72,214.76,2024-04-12,2024-04-15,Yes,No,iOS,Firefox,Credit Card,Spanish,Afternoon,4,Corporate
151567,John Thomas,john.thomas765@company.com,Analytics Dashboard,Data Sync Issue,The application crashes whenever I try to upload a file.,The duplicate charge was reversed and refund processed within 3-5 business days.,Urgent,Resolved,Phone,Asia,57,Male,Basic,12,12,4,4.99,97.15,2023-01-10,2023-01-12,No,No,Android,Edge,Bank Transfer,Spanish,Night,6,Small Business
101116,Richard Hernandez,richard.hernandez161@gmail.com,Payment Gateway,Data Sync Issue,My subscription was cancelled without my request and I need clarification.,Data synchronization restored after backend service restart.,Low,Resolved,Social Media,Asia,63,Female,Basic,56,7,3,61.73,213.68,2023-02-08,2023-02-14,No,Yes,Linux,Safari,PayPal,German,Afternoon,8,Corporate
11300,John Thomas,john.thomas255@company.com,Billing System,Data Sync Issue,Two-factor authentication codes are not being delivered to my phone.,The issue was escalated to engineering and resolved in the latest patch.,High,Resolved,Chat,North America,35,Female,Basic,27,11,1,64.55,234.42,2023-10-31,2023-11-05,No,No,iOS,Chrome,PayPal,German,Afternoon,8,Individual
96760,Linda Jones,linda.jones783@company.com,E-commerce Store,Data Sync Issue,I found a bug in the latest update affecting report generation.,Provided step-by-step troubleshooting instructions and issue resolved.,Low,Resolved,Phone,Africa,52,Other,Premium,26,16,3,64.11,181.88,2022-06-29,2022-07-06,Yes,No,Android,Chrome,PayPal,Spanish,Night,1,Corporate
33408,Richard Brown,richard.brown321@yahoo.com,API Service,Data Sync Issue,I found a bug in the latest update affecting report generation.,Security settings updated and customer notified of precautionary measures.,Urgent,Resolved,Web Form,Africa,46,Male,Free,44,14,5,60.56,32.89,2024-07-03,2024-07-16,No,Yes,Linux,Edge,Bank Transfer,German,Afternoon,9,Individual
102280,Charles Jackson,charles.jackson422@hotmail.com,Web Portal,Data Sync Issue,The application crashes whenever I try to upload a file.,Bug logged internally and workaround shared with the customer.,Low,Resolved,Email,South America,27,Female,Enterprise,20,20,3,25.44,150.04,2023-05-19,2023-05-19,No,Yes,Windows,Chrome,PayPal,Japanese,Morning,4,Corporate
145259,Robert Rodriguez,robert.rodriguez64@gmail.com,Billing System,Data Sync Issue,Two-factor authentication codes are not being delivered to my phone.,Provided step-by-step troubleshooting instructions and issue resolved.,Low,Closed,Email,Asia,23,Female,Free,43,4,4,56.81,162.29,2022-07-02,2022-07-04,Yes,Yes,Android,Firefox,Debit Card,French,Night,5,Small Business
109849,Sarah Miller,sarah.miller64@outlook.com,CRM Platform,Data Sync Issue,There seems to be a discrepancy in my billing statement for this month.,Provided step-by-step troubleshooting instructions and issue resolved.,Urgent,Resolved,Web Form,Europe,59,Male,Enterprise,17,2,2,54.14,92.2,2024-09-28,2024-10-10,No,Yes,MacOS,Edge,Crypto,Spanish,Evening,8,Individual
72598,James Williams,james.williams62@outlook.com,Payment Gateway,Data Sync Issue,Two-factor authentication codes are not being delivered to my phone.,The issue was escalated to engineering and resolved in the latest patch.,Low,Resolved,Social Media,South America,70,Other,Premium,3,3,3,60.43,146.95,2023-05-14,2023-05-19,Yes,Yes,MacOS,,Credit Card,French,Night,6,Corporate
130394,Richard Williams,richard.williams599@yahoo.com,Cloud Storage,Data Sync Issue,I found a bug in the latest update affecting report generation.,The issue was escalated to engineering and resolved in the latest patch.,Medium,Closed,Phone,Africa,43,Female,Free,27,17,3,15.47,52.84,2024-10-18,2024-10-25,Yes,Yes,Windows,,Crypto,English,Evening,4,Corporate
163471,Michael Gonzalez,michael.gonzalez917@gmail.com,Billing System,Data Sync Issue,I found a bug in the latest update affecting report generation.,Bug logged internally and workaround shared with the customer.,Urgent,Closed,Social Media,Australia,42,Male,Premium,22,0,4,68.93,168.13,2022-09-11,2022-09-19,Yes,No,MacOS,Chrome,Credit Card,English,Evening,1,Small Business
78402,Robert Hernandez,robert.hernandez539@outlook.com,E-commerce Store,Data Sync Issue,I would like to request a refund for the recent charge.,Provided step-by-step troubleshooting instructions and issue resolved.,High,Resolved,Email,Africa,64,Male,Free,30,4,5,6.59,157.49,2024-09-07,2024-09-08,No,No,MacOS,Firefox,PayPal,French,Evening,9,Individual
96404,Sarah Taylor,sarah.taylor124@company.com,Payment Gateway,Data Sync Issue,I would like to request a refund for the recent charge.,Payment gateway timeout issue fixed and monitoring implemented.,High,Closed,Chat,North America,20,Other,Premium,28,20,5,48.34,74.14,2022-06-08,2022-06-15,Yes,No,Android,Chrome,Debit Card,German,Afternoon,8,Small Business
175611,Karen Jones,karen.jones858@gmail.com,Cloud Storage,Data Sync Issue,There seems to be a discrepancy in my billing statement for this month.,Security settings updated and customer notified of precautionary measures.,Urgent,Closed,Social Media,South America,33,Other,Enterprise,22,9,2,11.4,117.36,2023-12-14,2023-12-20,Yes,No,MacOS,Safari,PayPal,Japanese,Afternoon,9,Corporate
7726,Jessica Williams,jessica.williams16@icloud.com,Mobile App,Data Sync Issue,My subscription was cancelled without my request and I need clarification.,We have reset the account credentials and advised the customer to retry login.,Urgent,Closed,Phone,North America,74,Other,Premium,49,2,1,66.87,139.08,2023-01-14,2023-01-28,Yes,No,iOS,Firefox,Crypto,English,Afternoon,5,Individual
114629,Robert Gonzalez,robert.gonzalez435@icloud.com,API Service,Data Sync Issue,Two-factor authentication codes are not being delivered to my phone.,Security settings updated and customer notified of precautionary measures.,Medium,Resolved,Email,North America,25,Female,Basic,21,3,4,43.49,52.46,2022-08-23,2022-09-03,No,No,Windows,Safari,Credit Card,French,Afternoon,6,Individual
19990,Charles Brown,charles.brown253@company.com,Mobile App,Data Sync Issue,I am unable to access my account after entering the correct credentials.,Data synchronization restored after backend service restart.,Urgent,Resolved,Phone,Asia,27,Male,Basic,19,4,3,3.39,146.3,2022-08-05,2022-08-07,Yes,No,Linux,Edge,Credit Card,English,Morning,8,Small Business
65846,Sarah Brown,sarah.brown262@gmail.com,Analytics Dashboard,Data Sync Issue,I am experiencing very slow performance while using the dashboard.,The issue was escalated to engineering and resolved in the latest patch.,Low,Closed,Social Media,Australia,73,Male,Premium,27,16,5,17.27,201.82,2024-12-27,2024-12-31,Yes,No,Android,Firefox,PayPal,French,Afternoon,9,Small Business
121356,Sarah Hernandez,sarah.hernandez421@gmail.com,Payment Gateway,Data Sync Issue,I am experiencing very slow performance while using the dashboard.,Explained billing breakdown and clarified applicable charges.,Urgent,Resolved,Social Media,Europe,59,Other,Premium,32,19,3,7.26,221.73,2023-11-09,2023-11-22,No,No,Android,,Credit Card,French,Night,9,Small Business
157141,Barbara Williams,barbara.williams126@gmail.com,Mobile App,Data Sync Issue,The application crashes whenever I try to upload a file.,Provided step-by-step troubleshooting instructions and issue resolved.,Urgent,Resolved,Web Form,Asia,23,Other,Enterprise,13,3,3,13.79,33.5,2023-08-28,2023-08-31,Yes,Yes,Android,Safari,Credit Card,German,Afternoon,5,Individual
159082,Jessica Thomas,jessica.thomas120@company.com,Mobile App,Data Sync Issue,I am unable to access my account after entering the correct credentials.,Payment gateway timeout issue fixed and monitoring implemented.,Low,Resolved,Web Form,Europe,23,Other,Free,38,16,4,11.81,59.59,2022-07-10,2022-07-16,No,No,iOS,,Bank Transfer,French,Evening,8,Corporate
192298,John Taylor,john.taylor140@yahoo.com,Analytics Dashboard,Data Sync Issue,I am unable to access my account after entering the correct credentials.,Security settings updated and customer notified of precautionary measures.,Low,Closed,Social Media,Europe,29,Other,Premium,39,1,1,69.67,99.68,2024-06-22,2024-06-26,No,Yes,Windows,Safari,Bank Transfer,English,Morning,4,Individual
179133,Mary Smith,mary.smith633@yahoo.com,API Service,Data Sync Issue,I found a bug in the latest update affecting report generation.,Security settings updated and customer notified of precautionary measures.,Medium,Closed,Social Media,North America,41,Female,Enterprise,46,4,2,11.88,162.54,2024-11-17,2024-11-27,No,Yes,Android,,Debit Card,Spanish,Afternoon,1,Small Business
90686,Charles Jones,charles.jones647@yahoo.com,Web Portal,Data Sync Issue,There seems to be a discrepancy in my billing statement for this month.,We have reset the account credentials and advised the customer to retry login.,Low,Closed,Chat,Asia,41,Other,Enterprise,7,6,3,40.39,231.13,2023-10-25,2023-11-07,No,Yes,Linux,Edge,Debit Card,German,Morning,6,Corporate
34467,John Lopez,john.lopez174@outlook.com,CRM Platform,Data Sync Issue,I found a bug in the latest update affecting report generation.,Security settings updated and customer notified of precautionary measures.,Medium,Closed,Email,Asia,32,Female,Enterprise,30,10,4,62.67,117.81,2022-03-28,2022-04-01,No,No,MacOS,Safari,Crypto,Spanish,Night,6,Individual
171531,Susan Garcia,susan.garcia557@icloud.com,Web Portal,Data Sync Issue,The payment was deducted from my bank account but the transaction shows failed.,Explained billing breakdown and clarified applicable charges.,Low,Closed,Email,Europe,61,Male,Basic,18,14,4,55.07,237.64,2024-07-05,2024-07-09,Yes,No,Linux,,PayPal,Spanish,Afternoon,7,Corporate
177222,John Rodriguez,john.rodriguez833@company.com,Web Portal,Data Sync Issue,The system is not syncing data across devices properly.,Explained billing breakdown and clarified applicable charges.,Urgent,Closed,Email,Australia,59,Male,Basic,30,14,1,40.84,108.55,2022-09-25,2022-10-01,Yes,No,Windows,Chrome,Bank Transfer,German,Night,7,Small Business
156536,Sarah Johnson,sarah.johnson333@outlook.com,API Service,Data Sync Issue,I am experiencing very slow performance while using the dashboard.,Data synchronization restored after backend service restart.,Low,Resolved,Social Media,Asia,67,Male,Premium,11,7,4,0.67,109.92,2022-12-16,2022-12-29,Yes,No,MacOS,Chrome,PayPal,French,Morning,6,Small Business
194066,Robert Johnson,robert.johnson775@outlook.com,Mobile App,Data Sync Issue,My subscription was cancelled without my request and I need clarification.,The issue was escalated to engineering and resolved in the latest patch.,High,Resolved,Phone,Asia,51,Other,Enterprise,41,5,4,67.43,81.14,2024-04-28,2024-04-28,No,Yes,Linux,,Crypto,English,Morning,10,Individual
86631,Patricia Wilson,patricia.wilson894@yahoo.com,Mobile App,Data Sync Issue,The application crashes whenever I try to upload a file.,Security settings updated and customer notified of precautionary measures.,High,Resolved,Phone,Europe,64,Male,Premium,9,4,5,5.01,11.43,2022-02-16,2022-02-17,No,No,Windows,Firefox,PayPal,English,Evening,1,Small Business
75900,Karen Rodriguez,karen.rodriguez429@hotmail.com,Billing System,Data Sync Issue,I am experiencing very slow performance while using the dashboard.,Data synchronization restored after backend service restart.,Urgent,Closed,Chat,Africa,28,Other,Free,47,10,2,10.97,74.07,2024-02-02,2024-02-06,Yes,No,MacOS,Safari,Bank Transfer,Japanese,Afternoon,5,Individual
187316,Elizabeth Martinez,elizabeth.martinez767@gmail.com,API Service,Data Sync Issue,There seems to be a discrepancy in my billing statement for this month.,Provided step-by-step troubleshooting instructions and issue resolved.,High,Closed,Phone,North America,24,Other,Enterprise,28,2,5,36.15,165.09,2024-03-15,2024-03-26,No,Yes,Android,Safari,Bank Transfer,Chinese,Night,5,Small Business
12613,Mary Jackson,mary.jackson115@icloud.com,Mobile App,Data Sync Issue,I am unable to access my account after entering the correct credentials.,The issue was escalated to engineering and resolved in the latest patch.,Urgent,Closed,Chat,Europe,72,Male,Enterprise,24,16,5,62.6,176.05,2023-01-23,2023-01-26,Yes,Yes,MacOS,Edge,PayPal,Chinese,Afternoon,4,Small Business
46123,Joseph Miller,joseph.miller256@icloud.com,Web Portal,Data Sync Issue,I found a bug in the latest update affecting report generation.,Data synchronization restored after backend service restart.,Medium,Closed,Phone,Asia,62,Female,Basic,44,15,3,54.38,207.49,2024-02-16,2024-03-01,Yes,Yes,Windows,Firefox,Debit Card,Spanish,Night,2,Corporate
177143,Barbara Martin,barbara.martin925@gmail.com,E-commerce Store,Data Sync Issue,I would like to request a refund for the recent charge.,Bug logged internally and workaround shared with the customer.,Medium,Closed,Social Media,South America,23,Other,Enterprise,10,14,3,5.67,185.41,2024-10-25,2024-10-31,Yes,No,MacOS,Edge,PayPal,Chinese,Evening,10,Corporate
41954,James Moore,james.moore653@hotmail.com,Payment Gateway,Data Sync Issue,I found a bug in the latest update affecting report generation.,Security settings updated and customer notified of precautionary measures.,High,Closed,Email,North America,36,Other,Enterprise,32,5,5,66.41,22.03,2024-10-23,2024-11-01,No,Yes,iOS,,Crypto,French,Night,10,Individual
137144,Richard Brown,richard.brown166@icloud.com,Analytics Dashboard,Data Sync Issue,There seems to be a discrepancy in my billing statement for this month.,Subscription status corrected and confirmation email sent to customer.,Medium,Closed,Phone,Europe,68,Other,Enterprise,53,14,2,22.08,3.98,2023-07-08,2023-07-08,No,No,iOS,,Bank Transfer,Japanese,Afternoon,1,Individual
106963,Karen Wilson,karen.wilson296@outlook.com,E-commerce Store,Data Sync Issue,I am experiencing very slow performance while using the dashboard.,Bug logged internally and workaround shared with the customer.,Urgent,Closed,Email,Asia,48,Other,Free,1,18,4,66.07,114.09,2022-03-10,2022-03-24,No,No,Android,Edge,Bank Transfer,English,Afternoon,10,Corporate
118248,Charles Taylor,charles.taylor343@outlook.com,Web Portal,Data Sync Issue,The application crashes whenever I try to upload a file.,Subscription status corrected and confirmation email sent to customer.,Urgent,Closed,Web Form,South America,52,Male,Basic,12,6,3,51.13,27.09,2023-04-30,2023-05-08,Yes,Yes,iOS,Firefox,Bank Transfer,German,Evening,7,Corporate
790,Patricia Taylor,patricia.taylor904@gmail.com,Analytics Dashboard,Data Sync Issue,The system is not syncing data across devices properly.,Security settings updated and customer notified of precautionary measures.,High,Closed,Chat,Australia,69,Female,Basic,2,6,3,58.05,159.87,2023-10-14,2023-10-15,Yes,No,MacOS,Safari,Debit Card,French,Night,7,Individual
113262,Barbara Rodriguez,barbara.rodriguez589@outlook.com,API Service,Data Sync Issue,Two-factor authentication codes are not being delivered to my phone.,The duplicate charge was reversed and refund processed within 3-5 business days.,Medium,Closed,Web Form,South America,63,Other,Basic,58,17,2,40.44,131.62,2022-09-20,2022-09-25,Yes,Yes,Android,Chrome,Debit Card,Chinese,Afternoon,1,Small Business
32011,David Martin,david.martin403@company.com,Cloud Storage,Data Sync Issue,I found a bug in the latest update affecting report generation.,Subscription status corrected and confirmation email sent to customer.,Urgent,Closed,Email,Africa,73,Male,Enterprise,22,19,1,50.2,116.84,2023-10-21,2023-10-21,No,No,MacOS,Chrome,PayPal,French,Night,6,Small Business
176766,Sarah Davis,sarah.davis544@hotmail.com,Mobile App,Data Sync Issue,There seems to be a discrepancy in my billing statement for this month.,Bug logged internally and workaround shared with the customer.,Low,Closed,Web Form,Australia,61,Female,Basic,41,14,4,10.76,178.35,2024-06-17,2024-07-01,No,Yes,Windows,Chrome,Bank Transfer,Chinese,Morning,10,Corporate
129375,Richard Thomas,richard.thomas970@gmail.com,API Service,Data Sync Issue,Two-factor authentication codes are not being delivered to my phone.,The duplicate charge was reversed and refund processed within 3-5 business days.,Medium,Closed,Web Form,Africa,56,Female,Basic,24,12,3,60.57,176.76,2022-01-03,2022-01-06,Yes,Yes,Windows,Safari,Debit Card,German,Evening,5,Individual
5500,Susan Jones,susan.jones21@company.com,Subscription Service,Data Sync Issue,I would like to request a refund for the recent charge.,Explained billing breakdown and clarified applicable charges.,High,Closed,Social Media,Asia,42,Female,Free,5,1,5,25.22,30.21,2022-01-20,2022-01-22,Yes,No,MacOS,,Crypto,Japanese,Morning,6,Corporate
145287,Patricia Garcia,patricia.garcia792@yahoo.com,E-commerce Store,Data Sync Issue,I am experiencing very slow performance while using the dashboard.,The duplicate charge was reversed and refund processed within 3-5 business days.,Medium,Resolved,Social Media,Europe,52,Other,Enterprise,32,1,3,45.99,21.06,2024-01-14,2024-01-24,No,Yes,Android,Chrome,Bank Transfer,German,Morning,7,Individual
64201,Jessica Jones,jessica.jones86@company.com,Subscription Service,Data Sync Issue,I found a bug in the latest update affecting report generation.,Bug logged internally and workaround shared with the customer.,Low,Resolved,Chat,Europe,74,Female,Basic,23,16,3,52.03,225.18,2024-05-18,2024-05-25,No,Yes,Android,,Debit Card,Japanese,Night,1,Individual
5893,Michael Wilson,michael.wilson187@yahoo.com,Billing System,Data Sync Issue,I would like to request a refund for the recent charge.,Subscription status corrected and confirmation email sent to customer.,Urgent,Closed,Phone,Asia,30,Male,Enterprise,39,0,2,68.94,224.81,2022-03-30,2022-04-09,No,Yes,Windows,Safari,Credit Card,Spanish,Afternoon,6,Small Business
115498,Karen Brown,karen.brown460@outlook.com,Web Portal,Data Sync Issue,I found a bug in the latest update affecting report generation.,We have reset the account credentials and advised the customer to retry login.,High,Closed,Chat,South America,18,Male,Premium,35,7,4,4.13,232.13,2024-04-04,2024-04-05,Yes,No,Windows,Edge,Credit Card,Chinese,Morning,10,Individual
108091,Richard Martin,richard.martin226@company.com,Analytics Dashboard,Data Sync Issue,I am experiencing very slow performance while using the dashboard.,Bug logged internally and workaround shared with the customer.,Urgent,Resolved,Phone,North America,21,Other,Free,38,20,4,6.43,231.31,2024-02-10,2024-02-24,Yes,No,MacOS,Safari,Credit Card,Japanese,Night,3,Individual
27533,Susan Brown,susan.brown347@company.com,CRM Platform,Data Sync Issue,I am experiencing very slow performance while using the dashboard.,The duplicate charge was reversed and refund processed within 3-5 business days.,High,Resolved,Chat,North America,26,Female,Enterprise,23,6,2,31.39,81.65,2022-09-26,2022-10-04,Yes,No,Windows,Chrome,Debit Card,German,Evening,9,Small Business
88522,Mary Martinez,mary.martinez967@outlook.com,Payment Gateway,Data Sync Issue,My subscription was cancelled without my request and I need clarification.,Explained billing breakdown and clarified applicable charges.,Urgent,Resolved,Phone,Asia,46,Other,Enterprise,39,12,4,17.36,34.54,2024-04-04,2024-04-04,No,No,iOS,Chrome,Debit Card,English,Evening,10,Corporate
96556,Jennifer Smith,jennifer.smith808@outlook.com,CRM Platform,Data Sync Issue,The payment was deducted from my bank account but the transaction shows failed.,We have reset the account credentials and advised the customer to retry login.,High,Closed,Email,Australia,43,Other,Free,59,2,1,57.08,129.84,2022-08-03,2022-08-16,No,Yes,iOS,Edge,PayPal,Spanish,Evening,1,Individual
111105,Jessica Brown,jessica.brown349@yahoo.com,E-commerce Store,Data Sync Issue,The application crashes whenever I try to upload a file.,Provided step-by-step troubleshooting instructions and issue resolved.,High,Closed,Web Form,Asia,71,Male,Enterprise,29,16,4,14.11,17.75,2023-09-01,2023-09-13,Yes,Yes,iOS,Firefox,PayPal,English,Afternoon,5,Corporate
23308,Richard Rodriguez,richard.rodriguez704@icloud.com,Web Portal,Data Sync Issue,I am experiencing very slow performance while using the dashboard.,Subscription status corrected and confirmation email sent to customer.,Low,Resolved,Web Form,Australia,53,Male,Premium,3,10,5,48.81,223.53,2024-03-13,2024-03-20,Yes,No,iOS,,Credit Card,Spanish,Evening,1,Individual
184313,Susan Taylor,susan.taylor344@icloud.com,API Service,Data Sync Issue,The payment was deducted from my bank account but the transaction shows failed.,Provided step-by-step troubleshooting instructions and issue resolved.,High,Closed,Chat,Australia,43,Other,Free,20,1,3,11.85,5.59,2023-11-14,2023-11-24,Yes,No,Windows,Firefox,Credit Card,Chinese,Morning,1,Small Business
1914,Mary Jackson,mary.jackson795@gmail.com,Mobile App,Data Sync Issue,I would like to request a refund for the recent charge.,Security settings updated and customer notified of precautionary measures.,High,Resolved,Social Media,Europe,25,Female,Free,3,20,5,40.3,23.1,2024-02-10,2024-02-13,Yes,No,Android,Firefox,Credit Card,English,Afternoon,8,Small Business
38396,Joseph Gonzalez,joseph.gonzalez906@gmail.com,CRM Platform,Data Sync Issue,I found a bug in the latest update affecting report generation.,Explained billing breakdown and clarified applicable charges.,High,Resolved,Web Form,South America,66,Other,Free,26,16,3,20.22,234.45,2024-09-02,2024-09-08,No,Yes,Windows,Firefox,Bank Transfer,Spanish,Morning,10,Small Business
188042,Richard Anderson,richard.anderson281@hotmail.com,Payment Gateway,Feature Request,Two-factor authentication codes are not being delivered to my phone.,Bug logged internally and workaround shared with the customer.,Medium,Resolved,Social Media,Africa,70,Male,Enterprise,39,6,5,49.47,214.5,2024-04-13,2024-04-18,No,No,Android,Chrome,Crypto,English,Evening,8,Individual
49940,James Anderson,james.anderson968@hotmail.com,E-commerce Store,Feature Request,I am unable to access my account after entering the correct credentials.,Bug logged internally and workaround shared with the customer.,Medium,Resolved,Chat,Europe,35,Other,Basic,29,17,3,26.68,199.92,2022-12-17,2022-12-23,Yes,No,MacOS,Edge,Credit Card,Japanese,Afternoon,7,Corporate
189074,Elizabeth Hernandez,elizabeth.hernandez205@yahoo.com,CRM Platform,Feature Request,I am unable to access my account after entering the correct credentials.,We have reset the account credentials and advised the customer to retry login.,Urgent,Closed,Email,Europe,46,Other,Basic,9,3,1,25.07,105.56,2024-02-27,2024-03-11,No,Yes,Linux,,Credit Card,French,Evening,6,Corporate
49725,Linda Williams,linda.williams648@yahoo.com,CRM Platform,Feature Request,I am experiencing very slow performance while using the dashboard.,The duplicate charge was reversed and refund processed within 3-5 business days.,Urgent,Closed,Phone,Europe,39,Female,Enterprise,7,5,4,24.64,225.04,2023-02-26,2023-03-07,Yes,Yes,Linux,Edge,PayPal,Japanese,Night,10,Individual
191759,Susan Jackson,susan.jackson679@gmail.com,Subscription Service,Feature Request,The payment was deducted from my bank account but the transaction shows failed.,The duplicate charge was reversed and refund processed within 3-5 business days.,Urgent,Closed,Chat,South America,36,Male,Premium,12,12,3,55.25,78.13,2023-05-22,2023-06-03,No,Yes,Windows,Firefox,PayPal,Chinese,Morning,6,Corporate
84135,William Thomas,william.thomas983@company.com,CRM Platform,Feature Request,The system is not syncing data across devices properly.,Subscription status corrected and confirmation email sent to customer.,Low,Closed,Email,Asia,54,Other,Premium,33,1,2,23.98,189.43,2022-10-30,2022-11-09,Yes,Yes,Linux,Edge,Debit Card,Japanese,Morning,4,Small Business
151734,Robert Moore,robert.moore904@company.com,Billing System,Feature Request,The payment was deducted from my bank account but the transaction shows failed.,The issue was escalated to engineering and resolved in the latest patch.,Urgent,Closed,Chat,North America,73,Other,Free,44,2,4,3.74,154.55,2022-05-18,2022-05-31,Yes,No,Linux,Firefox,Debit Card,English,Night,6,Corporate
125384,Jessica Brown,jessica.brown383@outlook.com,Web Portal,Feature Request,Two-factor authentication codes are not being delivered to my phone.,Security settings updated and customer notified of precautionary measures.,Medium,Resolved,Web Form,Australia,62,Male,Premium,38,10,3,12.46,57.75,2022-05-27,2022-05-29,Yes,No,Android,,Credit Card,Japanese,Afternoon,8,Corporate
135107,Thomas Gonzalez,thomas.gonzalez511@icloud.com,Cloud Storage,Feature Request,I found a bug in the latest update affecting report generation.,The issue was escalated to engineering and resolved in the latest patch.,Low,Resolved,Phone,South America,21,Male,Free,13,10,4,16.32,7.06,2022-06-14,2022-06-28,Yes,No,Linux,Safari,Credit Card,German,Evening,7,Corporate
110748,Mary Martin,mary.martin229@outlook.com,Web Portal,Feature Request,The system is not syncing data across devices properly.,Payment gateway timeout issue fixed and monitoring implemented.,Low,Resolved,Phone,North America,70,Male,Enterprise,46,10,3,37.31,49.06,2024-04-20,2024-04-29,No,Yes,iOS,,Bank Transfer,Spanish,Night,8,Corporate
7452,William Davis,william.davis785@icloud.com,Mobile App,Feature Request,My subscription was cancelled without my request and I need clarification.,The duplicate charge was reversed and refund processed within 3-5 business days.,Medium,Resolved,Social Media,Australia,19,Male,Basic,41,3,1,18.21,152.06,2022-11-04,2022-11-14,Yes,No,iOS,,Credit Card,Chinese,Night,6,Small Business
153195,Sarah Williams,sarah.williams705@yahoo.com,Analytics Dashboard,Feature Request,I am experiencing very slow performance while using the dashboard.,The duplicate charge was reversed and refund processed within 3-5 business days.,High,Resolved,Chat,Asia,38,Female,Basic,28,13,3,24.43,171.49,2024-02-26,2024-03-01,Yes,Yes,MacOS,Chrome,Bank Transfer,French,Night,9,Corporate
156214,Barbara Martinez,barbara.martinez967@outlook.com,Mobile App,Feature Request,The application crashes whenever I try to upload a file.,We have reset the account credentials and advised the customer to retry login.,High,Closed,Phone,Africa,51,Other,Basic,35,2,2,5.61,187.53,2023-03-16,2023-03-23,Yes,Yes,Windows,,Credit Card,Japanese,Night,3,Individual
11038,Charles Smith,charles.smith810@icloud.com,API Service,Feature Request,The payment was deducted from my bank account but the transaction shows failed.,Payment gateway timeout issue fixed and monitoring implemented.,Medium,Resolved,Email,Australia,66,Male,Basic,27,7,5,22.33,91.62,2023-03-05,2023-03-12,No,No,MacOS,Firefox,Crypto,French,Evening,4,Corporate
12971,James Miller,james.miller719@company.com,CRM Platform,Feature Request,I am experiencing very slow performance while using the dashboard.,The issue was escalated to engineering and resolved in the latest patch.,Low,Resolved,Email,South America,27,Male,Premium,54,8,1,31.09,146.5,2022-11-09,2022-11-21,No,No,iOS,Edge,Bank Transfer,Chinese,Evening,1,Corporate
130769,Elizabeth Moore,elizabeth.moore381@outlook.com,Cloud Storage,Feature Request,The application crashes whenever I try to upload a file.,We have reset the account credentials and advised the customer to retry login.,Low,Resolved,Email,South America,21,Other,Free,41,16,2,43.2,158.35,2023-07-22,2023-08-01,Yes,No,Android,Chrome,PayPal,German,Night,8,Small Business
160435,Thomas Lopez,thomas.lopez267@hotmail.com,Mobile App,Feature Request,The system is not syncing data across devices properly.,The duplicate charge was reversed and refund processed within 3-5 business days.,Medium,Closed,Email,Europe,41,Female,Enterprise,59,6,1,44.3,65.61,2023-11-02,2023-11-08,No,Yes,MacOS,Firefox,Debit Card,Japanese,Night,10,Small Business
25573,Richard Taylor,richard.taylor41@hotmail.com,Web Portal,Feature Request,I would like to request a refund for the recent charge.,Security settings updated and customer notified of precautionary measures.,Urgent,Closed,Social Media,North America,71,Male,Premium,17,20,5,14.44,176.4,2022-02-02,2022-02-14,No,No,MacOS,Firefox,Crypto,Chinese,Afternoon,7,Small Business
187179,William Moore,william.moore835@gmail.com,Web Portal,Feature Request,I found a bug in the latest update affecting report generation.,Data synchronization restored after backend service restart.,Medium,Closed,Chat,North America,50,Other,Basic,23,18,5,59.8,164.34,2024-01-01,2024-01-08,Yes,Yes,Linux,,Bank Transfer,Chinese,Morning,10,Individual
161327,William Martin,william.martin696@company.com,Payment Gateway,Feature Request,The application crashes whenever I try to upload a file.,Bug logged internally and workaround shared with the customer.,Low,Resolved,Social Media,North America,34,Female,Basic,49,16,5,6.51,164.23,2022-08-16,2022-08-27,No,Yes,MacOS,Safari,Bank Transfer,Spanish,Afternoon,1,Individual
127937,David Taylor,david.taylor551@company.com,Analytics Dashboard,Feature Request,The application crashes whenever I try to upload a file.,Data synchronization restored after backend service restart.,Medium,Closed,Phone,North America,20,Female,Basic,38,6,5,50.41,225.2,2023-03-20,2023-03-28,No,Yes,iOS,Edge,Credit Card,English,Evening,5,Individual
5291,William Brown,william.brown121@yahoo.com,CRM Platform,Feature Request,I found a bug in the latest update affecting report generation.,Explained billing breakdown and clarified applicable charges.,Medium,Closed,Chat,Asia,24,Other,Free,26,6,5,40.04,8.17,2023-03-02,2023-03-11,No,No,Windows,,Debit Card,English,Afternoon,3,Small Business
5482,Susan Davis,susan.davis885@icloud.com,Billing System,Feature Request,I am experiencing very slow performance while using the dashboard.,Provided step-by-step troubleshooting instructions and issue resolved.,Low,Closed,Phone,Europe,30,Female,Enterprise,51,12,2,48.04,52.09,2023-03-30,2023-04-01,No,Yes,Windows,,Bank Transfer,German,Night,3,Individual
51092,Charles Moore,charles.moore236@icloud.com,CRM Platform,Feature Request,The system is not syncing data across devices properly.,Data synchronization restored after backend service restart.,Urgent,Closed,Web Form,North America,61,Male,Basic,8,3,3,18.4,27.64,2023-11-30,2023-12-11,Yes,No,MacOS,Firefox,Bank Transfer,Japanese,Night,8,Corporate
174498,Joseph Davis,joseph.davis472@outlook.com,Subscription Service,Feature Request,Two-factor authentication codes are not being delivered to my phone.,Security settings updated and customer notified of precautionary measures.,High,Resolved,Social Media,North America,28,Female,Enterprise,59,20,2,30.01,13.13,2022-10-08,2022-10-11,No,Yes,MacOS,Edge,Crypto,German,Night,4,Small Business
173116,Susan Johnson,susan.johnson282@company.com,Cloud Storage,Feature Request,I am experiencing very slow performance while using the dashboard.,We have reset the account credentials and advised the customer to retry login.,High,Closed,Social Media,Asia,60,Female,Premium,15,12,1,20.52,193.65,2024-04-02,2024-04-12,No,No,MacOS,Safari,Bank Transfer,Chinese,Night,9,Individual
45201,Thomas Anderson,thomas.anderson526@outlook.com,Web Portal,Feature Request,My subscription was cancelled without my request and I need clarification.,Explained billing breakdown and clarified applicable charges.,High,Resolved,Social Media,Africa,60,Female,Enterprise,42,15,4,1.0,20.08,2022-08-06,2022-08-11,No,No,Linux,Chrome,PayPal,French,Evening,6,Corporate
19709,Sarah Jones,sarah.jones777@yahoo.com,CRM Platform,Feature Request,I found a bug in the latest update affecting report generation.,The issue was escalated to engineering and resolved in the latest patch.,Urgent,Closed,Phone,Australia,43,Female,Enterprise,46,12,5,18.36,130.93,2022-07-17,2022-07-20,No,Yes,Linux,,Debit Card,French,Afternoon,9,Corporate
135229,Jennifer Moore,jennifer.moore98@gmail.com,Cloud Storage,Feature Request,I found a bug in the latest update affecting report generation.,The issue was escalated to engineering and resolved in the latest patch.,Medium,Closed,Phone,North America,47,Male,Free,2,9,1,61.85,192.22,2022-01-16,2022-01-16,No,No,MacOS,Edge,Bank Transfer,Japanese,Evening,3,Corporate
82246,Jessica Jones,jessica.jones825@company.com,CRM Platform,Feature Request,I am unable to access my account after entering the correct credentials.,Explained billing breakdown and clarified applicable charges.,High,Resolved,Email,South America,34,Other,Enterprise,48,17,5,40.75,23.76,2024-05-16,2024-05-17,Yes,Yes,Linux,Safari,PayPal,Chinese,Afternoon,3,Corporate
88414,David Jones,david.jones378@yahoo.com,Payment Gateway,Feature Request,I would like to request a refund for the recent charge.,The issue was escalated to engineering and resolved in the latest patch.,Urgent,Closed,Email,North America,64,Female,Premium,50,16,1,2.15,154.31,2023-05-01,2023-05-09,Yes,Yes,Windows,Safari,Bank Transfer,Chinese,Evening,9,Corporate
139972,Charles Brown,charles.brown691@company.com,Mobile App,Feature Request,I am experiencing very slow performance while using the dashboard.,We have reset the account credentials and advised the customer to retry login.,Medium,Closed,Chat,Africa,56,Male,Free,44,6,1,38.68,45.63,2023-07-03,2023-07-08,Yes,No,iOS,Edge,Bank Transfer,Spanish,Afternoon,5,Individual
8061,Mary Jones,mary.jones168@hotmail.com,CRM Platform,Feature Request,Two-factor authentication codes are not being delivered to my phone.,Provided step-by-step troubleshooting instructions and issue resolved.,High,Closed,Chat,Europe,23,Male,Free,12,18,5,35.9,126.53,2024-09-16,2024-09-22,Yes,No,Linux,Safari,Crypto,English,Evening,9,Individual
97801,Elizabeth Anderson,elizabeth.anderson624@gmail.com,API Service,Feature Request,The system is not syncing data across devices properly.,The issue was escalated to engineering and resolved in the latest patch.,High,Resolved,Phone,Africa,59,Female,Free,43,3,1,52.36,109.1,2022-04-29,2022-05-12,No,Yes,iOS,Firefox,Crypto,English,Afternoon,4,Individual
107662,James Williams,james.williams484@gmail.com,Web Portal,Feature Request,I found a bug in the latest update affecting report generation.,Explained billing breakdown and clarified applicable charges.,Urgent,Closed,Social Media,North America,38,Other,Basic,56,20,3,45.73,194.97,2022-03-20,2022-03-21,No,Yes,Linux,,Credit Card,Spanish,Evening,10,Individual
124156,Thomas Thomas,thomas.thomas297@icloud.com,API Service,Feature Request,I found a bug in the latest update affecting report generation.,Provided step-by-step troubleshooting instructions and issue resolved.,Urgent,Resolved,Social Media,North America,55,Other,Free,36,2,4,40.33,166.77,2023-10-07,2023-10-14,No,No,Linux,Firefox,Credit Card,Japanese,Evening,7,Small Business
142599,Sarah Williams,sarah.williams187@gmail.com,E-commerce Store,Feature Request,I am unable to access my account after entering the correct credentials.,Payment gateway timeout issue fixed and monitoring implemented.,Low,Closed,Email,North America,70,Female,Enterprise,52,7,3,55.69,68.43,2022-09-08,2022-09-20,Yes,No,Windows,,Credit Card,Spanish,Night,8,Corporate
58687,Jessica Smith,jessica.smith449@gmail.com,CRM Platform,Feature Request,My subscription was cancelled without my request and I need clarification.,Explained billing breakdown and clarified applicable charges.,Urgent,Resolved,Email,Asia,33,Female,Premium,21,5,3,70.03,170.65,2022-07-29,2022-08-06,No,No,Android,Edge,Debit Card,Spanish,Morning,7,Corporate
55880,Jennifer Jackson,jennifer.jackson155@outlook.com,API Service,Feature Request,There seems to be a discrepancy in my billing statement for this month.,Explained billing breakdown and clarified applicable charges.,High,Closed,Chat,North America,64,Female,Enterprise,47,1,1,69.89,210.95,2023-01-21,2023-01-29,Yes,No,Android,Safari,PayPal,English,Afternoon,2,Corporate
33535,John Jackson,john.jackson966@gmail.com,E-commerce Store,Feature Request,I am experiencing very slow performance while using the dashboard.,Subscription status corrected and confirmation email sent to customer.,Medium,Closed,Phone,Africa,60,Male,Premium,47,5,1,11.0,153.33,2022-03-16,2022-03-25,Yes,No,Windows,Firefox,Debit Card,English,Afternoon,2,Individual
198553,David Martin,david.martin814@outlook.com,Cloud Storage,Feature Request,There seems to be a discrepancy in my billing statement for this month.,The issue was escalated to engineering and resolved in the latest patch.,High,Resolved,Social Media,Africa,38,Male,Free,40,8,2,18.06,186.52,2023-12-07,2023-12-07,Yes,Yes,Linux,,Crypto,Spanish,Night,9,Small Business
158089,Joseph Moore,joseph.moore704@outlook.com,Mobile App,Feature Request,I found a bug in the latest update affecting report generation.,Bug logged internally and workaround shared with the customer.,High,Resolved,Web Form,South America,28,Male,Free,14,7,4,51.7,78.26,2022-08-01,2022-08-08,Yes,No,Linux,Firefox,PayPal,English,Evening,7,Individual
64042,Barbara Davis,barbara.davis750@company.com,CRM Platform,Feature Request,I found a bug in the latest update affecting report generation.,Data synchronization restored after backend service restart.,Medium,Resolved,Web Form,Asia,60,Female,Free,19,0,1,60.54,224.06,2023-09-06,2023-09-16,No,No,iOS,Safari,PayPal,Japanese,Morning,3,Corporate
130745,Barbara Martin,barbara.martin480@outlook.com,Mobile App,Feature Request,There seems to be a discrepancy in my billing statement for this month.,Subscription status corrected and confirmation email sent to customer.,Low,Resolved,Web Form,Asia,26,Other,Enterprise,51,5,3,47.98,203.5,2023-06-25,2023-07-08,Yes,No,Android,Chrome,Crypto,Chinese,Night,9,Individual
7555,Susan Garcia,susan.garcia432@yahoo.com,Web Portal,Feature Request,There seems to be a discrepancy in my billing statement for this month.,Payment gateway timeout issue fixed and monitoring implemented.,Urgent,Closed,Social Media,Europe,20,Female,Basic,26,8,4,10.3,36.34,2024-05-24,2024-05-25,No,No,iOS,Firefox,PayPal,English,Night,2,Individual
65978,Barbara Johnson,barbara.johnson370@yahoo.com,Cloud Storage,Feature Request,The application crashes whenever I try to upload a file.,Provided step-by-step troubleshooting instructions and issue resolved.,Urgent,Resolved,Email,Europe,61,Male,Free,7,10,4,34.95,162.64,2024-09-06,2024-09-08,Yes,No,MacOS,,PayPal,French,Evening,4,Individual
71804,Richard Brown,richard.brown406@outlook.com,CRM Platform,Feature Request,The application crashes whenever I try to upload a file.,Data synchronization restored after backend service restart.,Medium,Resolved,Web Form,Asia,32,Other,Free,25,1,2,2.33,68.03,2024-07-21,2024-07-21,Yes,No,Linux,Firefox,Debit Card,German,Evening,7,Individual
144194,Mary Martinez,mary.martinez738@company.com,Subscription Service,Feature Request,My subscription was cancelled without my request and I need clarification.,Data synchronization restored after backend service restart.,Urgent,Closed,Chat,South America,55,Other,Free,36,13,5,45.14,57.44,2022-12-30,2023-01-13,Yes,No,Windows,,Bank Transfer,Chinese,Morning,9,Individual
187967,Patricia Martinez,patricia.martinez404@company.com,E-commerce Store,Feature Request,The payment was deducted from my bank account but the transaction shows failed.,Explained billing breakdown and clarified applicable charges.,Medium,Resolved,Email,Asia,52,Female,Enterprise,1,20,4,13.97,8.63,2023-11-22,2023-12-01,Yes,Yes,MacOS,Chrome,Debit Card,Japanese,Morning,5,Small Business
37625,Linda Miller,linda.miller869@gmail.com,Payment Gateway,Feature Request,I would like to request a refund for the recent charge.,Subscription status corrected and confirmation email sent to customer.,Medium,Resolved,Email,Australia,75,Other,Enterprise,30,0,4,71.0,48.65,2022-03-30,2022-03-30,Yes,Yes,Windows,Safari,Crypto,Japanese,Evening,4,Corporate
41567,Sarah Johnson,sarah.johnson582@hotmail.com,CRM Platform,Feature Request,The application crashes whenever I try to upload a file.,The duplicate charge was reversed and refund processed within 3-5 business days.,Urgent,Closed,Social Media,Europe,59,Male,Premium,3,11,2,60.05,16.11,2024-06-28,2024-07-10,Yes,No,iOS,Safari,Bank Transfer,German,Morning,8,Small Business
78180,Joseph Johnson,joseph.johnson147@outlook.com,Mobile App,Feature Request,My subscription was cancelled without my request and I need clarification.,Subscription status corrected and confirmation email sent to customer.,Low,Closed,Chat,South America,52,Male,Free,47,20,1,34.59,81.19,2022-01-19,2022-01-26,No,Yes,MacOS,,PayPal,English,Morning,2,Individual
105719,Elizabeth Thomas,elizabeth.thomas554@icloud.com,Subscription Service,Feature Request,The payment was deducted from my bank account but the transaction shows failed.,We have reset the account credentials and advised the customer to retry login.,Urgent,Resolved,Chat,Europe,23,Male,Free,36,8,1,58.12,2.75,2023-05-18,2023-05-23,Yes,Yes,iOS,Edge,Credit Card,German,Morning,10,Corporate
101319,Patricia Martin,patricia.martin59@yahoo.com,CRM Platform,Feature Request,The system is not syncing data across devices properly.,Payment gateway timeout issue fixed and monitoring implemented.,High,Resolved,Phone,South America,71,Other,Basic,20,11,3,6.09,84.66,2023-10-05,2023-10-05,Yes,Yes,iOS,,Bank Transfer,English,Morning,4,Individual
105632,Elizabeth Anderson,elizabeth.anderson809@icloud.com,E-commerce Store,Feature Request,The payment was deducted from my bank account but the transaction shows failed.,Payment gateway timeout issue fixed and monitoring implemented.,Urgent,Closed,Chat,South America,24,Male,Free,49,15,2,17.17,67.43,2023-08-28,2023-09-03,Yes,No,iOS,Chrome,Crypto,Japanese,Morning,5,Corporate
163614,William Moore,william.moore665@outlook.com,E-commerce Store,Feature Request,I am unable to access my account after entering the correct credentials.,Security settings updated and customer notified of precautionary measures.,Urgent,Closed,Email,Europe,39,Female,Premium,35,2,4,65.7,189.67,2022-09-30,2022-10-07,No,No,Android,Firefox,Crypto,French,Evening,9,Small Business
54788,Susan Garcia,susan.garcia619@yahoo.com,CRM Platform,Feature Request,The payment was deducted from my bank account but the transaction shows failed.,Subscription status corrected and confirmation email sent to customer.,Medium,Resolved,Chat,Africa,63,Other,Basic,10,3,4,38.94,237.41,2023-09-17,2023-09-22,Yes,Yes,Windows,Edge,Crypto,Spanish,Morning,10,Corporate
109862,Susan Smith,susan.smith538@hotmail.com,Cloud Storage,Feature Request,I would like to request a refund for the recent charge.,Data synchronization restored after backend service restart.,Urgent,Closed,Chat,Australia,67,Female,Premium,59,13,4,70.27,122.68,2022-04-25,2022-05-03,No,No,Windows,Chrome,Bank Transfer,German,Morning,3,Corporate
134725,David Williams,david.williams255@hotmail.com,Subscription Service,Feature Request,The payment was deducted from my bank account but the transaction shows failed.,Provided step-by-step troubleshooting instructions and issue resolved.,Medium,Resolved,Email,Africa,49,Male,Enterprise,50,14,1,49.32,171.66,2024-10-21,2024-10-27,Yes,No,Linux,,PayPal,Japanese,Night,4,Corporate
125476,Thomas Rodriguez,thomas.rodriguez133@gmail.com,Subscription Service,Feature Request,I am experiencing very slow performance while using the dashboard.,Explained billing breakdown and clarified applicable charges.,Medium,Closed,Chat,North America,23,Female,Free,42,3,1,58.63,74.35,2023-09-28,2023-10-09,Yes,Yes,iOS,Safari,Bank Transfer,Spanish,Morning,9,Corporate
21092,Jessica Wilson,jessica.wilson435@gmail.com,API Service,Feature Request,There seems to be a discrepancy in my billing statement for this month.,Subscription status corrected and confirmation email sent to customer.,High,Closed,Email,North America,57,Other,Basic,38,1,3,47.05,112.22,2023-02-02,2023-02-11,Yes,Yes,Windows,Safari,PayPal,Japanese,Afternoon,1,Corporate
164932,Susan Lopez,susan.lopez498@gmail.com,Mobile App,Feature Request,The application crashes whenever I try to upload a file.,Provided step-by-step troubleshooting instructions and issue resolved.,High,Closed,Web Form,Australia,71,Female,Free,17,6,1,16.96,103.1,2023-04-09,2023-04-20,No,No,Linux,Edge,Crypto,Japanese,Night,1,Individual
28770,Robert Jones,robert.jones757@outlook.com,Analytics Dashboard,Feature Request,There seems to be a discrepancy in my billing statement for this month.,Provided step-by-step troubleshooting instructions and issue resolved.,High,Resolved,Social Media,Australia,45,Male,Free,11,1,4,24.55,44.16,2022-08-20,2022-08-21,Yes,No,Linux,Chrome,Credit Card,Chinese,Evening,7,Small Business
150254,Susan Davis,susan.davis413@outlook.com,Web Portal,Feature Request,I found a bug in the latest update affecting report generation.,Explained billing breakdown and clarified applicable charges.,Medium,Closed,Email,South America,24,Female,Enterprise,2,11,4,18.11,6.72,2024-09-10,2024-09-12,Yes,No,Windows,Edge,Credit Card,Japanese,Morning,1,Small Business
154264,Patricia Gonzalez,patricia.gonzalez312@company.com,Payment Gateway,Feature Request,The payment was deducted from my bank account but the transaction shows failed.,The issue was escalated to engineering and resolved in the latest patch.,Urgent,Resolved,Phone,Australia,52,Male,Premium,56,7,5,38.1,192.83,2022-07-31,2022-08-04,No,Yes,Linux,,Bank Transfer,Chinese,Morning,5,Individual
105051,Jessica Martinez,jessica.martinez502@icloud.com,API Service,Feature Request,I am unable to access my account after entering the correct credentials.,We have reset the account credentials and advised the customer to retry login.,Urgent,Closed,Email,Europe,57,Male,Enterprise,41,19,5,3.62,73.95,2022-07-04,2022-07-13,Yes,No,Windows,Chrome,Bank Transfer,Japanese,Evening,3,Small Business
50661,Elizabeth Moore,elizabeth.moore203@company.com,CRM Platform,Feature Request,The system is not syncing data across devices properly.,Data synchronization restored after backend service restart.,High,Closed,Email,Asia,47,Other,Free,30,11,1,68.3,78.59,2023-05-02,2023-05-05,No,Yes,iOS,Chrome,Credit Card,Japanese,Afternoon,1,Individual
80193,Elizabeth Rodriguez,elizabeth.rodriguez134@yahoo.com,Mobile App,Feature Request,I am experiencing very slow performance while using the dashboard.,Payment gateway timeout issue fixed and monitoring implemented.,Low,Closed,Social Media,Asia,67,Female,Basic,9,5,3,44.11,49.78,2022-02-27,2022-03-03,No,No,MacOS,,Credit Card,German,Afternoon,10,Corporate
31879,Linda Miller,linda.miller24@outlook.com,Subscription Service,Feature Request,My subscription was cancelled without my request and I need clarification.,We have reset the account credentials and advised the customer to retry login.,Low,Resolved,Chat,Australia,21,Male,Premium,59,13,2,41.16,63.47,2024-09-22,2024-09-22,No,No,iOS,,Bank Transfer,Spanish,Afternoon,7,Corporate
4916,James Garcia,james.garcia276@outlook.com,Billing System,Feature Request,I would like to request a refund for the recent charge.,The issue was escalated to engineering and resolved in the latest patch.,Urgent,Resolved,Chat,Africa,33,Female,Premium,7,1,4,12.9,100.18,2022-01-16,2022-01-28,Yes,No,iOS,Chrome,Credit Card,Chinese,Afternoon,6,Small Business
120270,Michael Taylor,michael.taylor109@company.com,CRM Platform,Feature Request,The payment was deducted from my bank account but the transaction shows failed.,The duplicate charge was reversed and refund processed within 3-5 business days.,High,Closed,Web Form,North America,66,Other,Enterprise,23,6,4,10.82,176.96,2024-12-29,2025-01-12,Yes,Yes,MacOS,,Credit Card,Chinese,Morning,5,Individual
18453,John Anderson,john.anderson142@gmail.com,Subscription Service,Feature Request,I found a bug in the latest update affecting report generation.,Data synchronization restored after backend service restart.,Medium,Resolved,Chat,South America,59,Other,Basic,14,18,3,49.69,120.77,2023-02-12,2023-02-18,No,No,Linux,Chrome,Bank Transfer,Chinese,Afternoon,2,Individual
121633,Robert Jackson,robert.jackson415@gmail.com,Analytics Dashboard,Feature Request,The payment was deducted from my bank account but the transaction shows failed.,The duplicate charge was reversed and refund processed within 3-5 business days.,Low,Closed,Email,Africa,71,Female,Basic,5,16,4,43.09,31.76,2024-04-22,2024-04-28,Yes,No,Android,Safari,Crypto,Spanish,Afternoon,3,Corporate
17038,David Lopez,david.lopez182@company.com,E-commerce Store,Feature Request,Two-factor authentication codes are not being delivered to my phone.,Provided step-by-step troubleshooting instructions and issue resolved.,Low,Resolved,Web Form,Africa,61,Female,Free,3,0,2,29.39,186.34,2023-09-24,2023-10-06,Yes,Yes,Windows,Safari,Crypto,English,Morning,9,Individual
176349,Jessica Lopez,jessica.lopez731@company.com,Billing System,Feature Request,There seems to be a discrepancy in my billing statement for this month.,Security settings updated and customer notified of precautionary measures.,Urgent,Closed,Email,South America,49,Female,Free,19,20,3,24.58,214.97,2024-12-13,2024-12-20,No,No,Windows,Safari,Debit Card,German,Morning,7,Corporate
139543,David Brown,david.brown727@outlook.com,Analytics Dashboard,Feature Request,There seems to be a discrepancy in my billing statement for this month.,Explained billing breakdown and clarified applicable charges.,Urgent,Resolved,Email,South America,32,Male,Premium,10,5,5,68.42,204.55,2023-08-23,2023-08-30,Yes,No,Windows,Chrome,PayPal,Japanese,Evening,9,Small Business
131194,Barbara Moore,barbara.moore150@outlook.com,API Service,Feature Request,I would like to request a refund for the recent charge.,Bug logged internally and workaround shared with the customer.,High,Closed,Phone,Africa,50,Other,Basic,9,2,2,52.43,9.77,2023-02-24,2023-02-24,Yes,No,iOS,Chrome,PayPal,English,Night,1,Small Business
109755,William Martinez,william.martinez883@yahoo.com,E-commerce Store,Feature Request,I am experiencing very slow performance while using the dashboard.,Data synchronization restored after backend service restart.,Medium,Closed,Web Form,Asia,33,Female,Premium,22,1,2,1.54,226.55,2023-11-01,2023-11-06,Yes,Yes,iOS,Edge,Debit Card,Chinese,Evening,10,Corporate
178788,Karen Williams,karen.williams475@outlook.com,E-commerce Store,Feature Request,I am unable to access my account after entering the correct credentials.,Data synchronization restored after backend service restart.,Low,Closed,Social Media,Africa,67,Other,Basic,11,9,4,63.72,117.67,2023-10-07,2023-10-12,Yes,Yes,Windows,Edge,Credit Card,Japanese,Night,7,Corporate
196826,Jennifer Martin,jennifer.martin358@hotmail.com,Subscription Service,Feature Request,I am experiencing very slow performance while using the dashboard.,Subscription status corrected and confirmation email sent to customer.,Urgent,Closed,Social Media,Europe,28,Other,Basic,37,15,5,53.68,141.7,2024-10-03,2024-10-03,No,No,Windows,Firefox,Crypto,Japanese,Evening,7,Small Business
37273,Linda Davis,linda.davis405@icloud.com,Subscription Service,Feature Request,The payment was deducted from my bank account but the transaction shows failed.,Data synchronization restored after backend service restart.,Urgent,Closed,Email,North America,60,Male,Premium,20,19,2,2.53,92.98,2023-01-27,2023-02-01,Yes,Yes,Linux,Firefox,Debit Card,French,Evening,5,Small Business
33216,Joseph Davis,joseph.davis259@company.com,Web Portal,Feature Request,There seems to be a discrepancy in my billing statement for this month.,Explained billing breakdown and clarified applicable charges.,High,Closed,Social Media,North America,53,Other,Enterprise,7,14,3,41.12,238.17,2022-03-20,2022-03-25,Yes,No,MacOS,,Bank Transfer,Japanese,Afternoon,4,Individual
158324,Patricia Rodriguez,patricia.rodriguez300@outlook.com,Analytics Dashboard,Feature Request,Two-factor authentication codes are not being delivered to my phone.,Bug logged internally and workaround shared with the customer.,Low,Closed,Web Form,North America,49,Other,Free,60,13,2,62.34,117.84,2022-10-07,2022-10-08,Yes,No,MacOS,Chrome,Bank Transfer,Chinese,Afternoon,5,Individual
166244,David Lopez,david.lopez880@outlook.com,Mobile App,Feature Request,The system is not syncing data across devices properly.,We have reset the account credentials and advised the customer to retry login.,Urgent,Closed,Chat,Asia,21,Other,Premium,18,6,4,25.75,60.83,2024-03-23,2024-03-24,No,No,Android,,Bank Transfer,French,Night,3,Small Business
191576,Linda Taylor,linda.taylor398@icloud.com,Web Portal,Feature Request,I am experiencing very slow performance while using the dashboard.,Provided step-by-step troubleshooting instructions and issue resolved.,Medium,Resolved,Social Media,Europe,62,Other,Basic,43,18,1,40.66,171.42,2022-12-22,2023-01-01,Yes,Yes,MacOS,Edge,PayPal,Spanish,Afternoon,9,Individual
32955,Sarah Johnson,sarah.johnson112@outlook.com,Billing System,Feature Request,I would like to request a refund for the recent charge.,Payment gateway timeout issue fixed and monitoring implemented.,Medium,Resolved,Chat,Europe,36,Other,Enterprise,23,3,1,35.12,3.13,2022-04-27,2022-05-05,Yes,No,Windows,Safari,Crypto,German,Afternoon,4,Individual
88270,Linda Anderson,linda.anderson768@outlook.com,API Service,Feature Request,My subscription was cancelled without my request and I need clarification.,The duplicate charge was reversed and refund processed within 3-5 business days.,Medium,Resolved,Social Media,Australia,31,Male,Free,29,1,4,19.56,177.05,2023-02-17,2023-02-22,No,Yes,iOS,Safari,Bank Transfer,French,Morning,10,Individual
101850,Charles Thomas,charles.thomas734@yahoo.com,CRM Platform,Feature Request,The payment was deducted from my bank account but the transaction shows failed.,Subscription status corrected and confirmation email sent to customer.,Urgent,Closed,Social Media,Asia,30,Male,Premium,48,10,1,11.24,56.13,2023-04-25,2023-04-26,No,Yes,Linux,Firefox,PayPal,German,Evening,1,Individual
45216,Barbara Davis,barbara.davis30@icloud.com,Billing System,Feature Request,Two-factor authentication codes are not being delivered to my phone.,The issue was escalated to engineering and resolved in the latest patch.,Low,Resolved,Phone,North America,25,Other,Enterprise,36,5,5,70.37,136.9,2022-12-25,2023-01-01,No,Yes,Android,Safari,Crypto,Spanish,Night,7,Individual
123768,Barbara Smith,barbara.smith437@gmail.com,API Service,Feature Request,The system is not syncing data across devices properly.,Data synchronization restored after backend service restart.,High,Resolved,Phone,Australia,72,Other,Premium,55,0,5,71.52,86.64,2024-02-19,2024-02-23,No,Yes,Windows,,Crypto,French,Evening,9,Individual
112781,Sarah Lopez,sarah.lopez545@hotmail.com,Web Portal,Feature Request,I found a bug in the latest update affecting report generation.,Bug logged internally and workaround shared with the customer.,Urgent,Resolved,Phone,Australia,66,Male,Enterprise,54,11,4,17.03,216.96,2022-08-19,2022-08-28,No,Yes,Android,,Crypto,French,Night,7,Small Business
64948,John Smith,john.smith372@hotmail.com,Subscription Service,Feature Request,I would like to request a refund for the recent charge.,Subscription status corrected and confirmation email sent to customer.,High,Closed,Social Media,Asia,30,Female,Premium,20,17,4,50.76,233.88,2023-06-22,2023-06-24,Yes,Yes,MacOS,Safari,Debit Card,Japanese,Morning,7,Individual
122373,David Thomas,david.thomas40@hotmail.com,CRM Platform,Feature Request,There seems to be a discrepancy in my billing statement for this month.,Security settings updated and customer notified of precautionary measures.,Low,Resolved,Phone,Australia,60,Other,Premium,48,2,5,22.1,165.95,2024-10-05,2024-10-10,No,Yes,MacOS,Firefox,Debit Card,Spanish,Afternoon,8,Corporate
118150,Thomas Miller,thomas.miller533@outlook.com,Subscription Service,Feature Request,There seems to be a discrepancy in my billing statement for this month.,Provided step-by-step troubleshooting instructions and issue resolved.,Urgent,Resolved,Social Media,Europe,29,Other,Basic,33,6,5,55.68,186.08,2023-08-22,2023-09-05,No,Yes,Android,Firefox,Debit Card,English,Evening,7,Individual
122994,Robert Davis,robert.davis303@gmail.com,Billing System,Feature Request,Two-factor authentication codes are not being delivered to my phone.,Explained billing breakdown and clarified applicable charges.,High,Resolved,Web Form,Australia,45,Other,Premium,5,2,2,55.65,27.17,2024-11-21,2024-11-26,Yes,Yes,Android,Edge,Credit Card,English,Night,10,Small Business
95260,John Gonzalez,john.gonzalez225@company.com,Payment Gateway,Feature Request,Two-factor authentication codes are not being delivered to my phone.,Payment gateway timeout issue fixed and monitoring implemented.,Medium,Resolved,Web Form,North America,33,Female,Premium,16,1,3,67.81,217.07,2022-10-31,2022-11-14,Yes,Yes,iOS,Edge,Credit Card,French,Evening,2,Corporate
158984,Jennifer Rodriguez,jennifer.rodriguez14@outlook.com,Web Portal,Feature Request,I would like to request a refund for the recent charge.,The issue was escalated to engineering and resolved in the latest patch.,High,Resolved,Web Form,Africa,38,Male,Premium,57,2,2,5.77,103.0,2022-08-10,2022-08-19,Yes,Yes,Windows,Edge,Bank Transfer,German,Night,1,Small Business
74400,David Gonzalez,david.gonzalez514@hotmail.com,E-commerce Store,Feature Request,The application crashes whenever I try to upload a file.,Subscription status corrected and confirmation email sent to customer.,High,Resolved,Email,Asia,72,Female,Free,28,14,4,28.68,224.28,2024-01-05,2024-01-09,Yes,No,MacOS,Safari,Debit Card,Spanish,Evening,2,Individual
133032,Elizabeth Wilson,elizabeth.wilson519@company.com,Mobile App,Feature Request,My subscription was cancelled without my request and I need clarification.,The duplicate charge was reversed and refund processed within 3-5 business days.,High,Resolved,Email,Asia,67,Male,Premium,46,20,2,37.06,57.37,2022-10-24,2022-10-26,No,Yes,MacOS,Chrome,Crypto,Chinese,Morning,3,Corporate
84715,Joseph Garcia,joseph.garcia344@hotmail.com,Subscription Service,Feature Request,I am experiencing very slow performance while using the dashboard.,Provided step-by-step troubleshooting instructions and issue resolved.,Low,Closed,Phone,Africa,38,Other,Basic,2,18,1,7.15,187.03,2024-12-18,2024-12-20,Yes,No,Linux,Edge,Crypto,Chinese,Night,3,Small Business
66793,James Garcia,james.garcia527@company.com,API Service,Feature Request,Two-factor authentication codes are not being delivered to my phone.,The duplicate charge was reversed and refund processed within 3-5 business days.,High,Closed,Email,Europe,56,Other,Free,57,12,2,19.06,113.52,2024-11-11,2024-11-23,Yes,No,MacOS,,Credit Card,English,Night,2,Corporate
66636,Richard Martin,richard.martin163@icloud.com,CRM Platform,Feature Request,The system is not syncing data across devices properly.,Subscription status corrected and confirmation email sent to customer.,High,Resolved,Social Media,South America,30,Male,Premium,15,15,4,11.74,233.72,2024-07-01,2024-07-04,Yes,No,Android,Edge,Bank Transfer,Chinese,Night,9,Individual
28119,John Anderson,john.anderson522@icloud.com,Analytics Dashboard,Feature Request,The system is not syncing data across devices properly.,Explained billing breakdown and clarified applicable charges.,Medium,Closed,Chat,North America,53,Female,Premium,8,4,1,67.02,120.32,2023-05-18,2023-05-30,No,Yes,Android,Safari,Debit Card,English,Afternoon,7,Individual
13047,Susan Miller,susan.miller223@icloud.com,CRM Platform,Feature Request,I found a bug in the latest update affecting report generation.,Explained billing breakdown and clarified applicable charges.,Urgent,Resolved,Email,North America,68,Female,Free,13,11,1,16.33,77.16,2024-06-02,2024-06-10,Yes,Yes,iOS,Chrome,Debit Card,Japanese,Evening,1,Small Business
167303,James Miller,james.miller936@gmail.com,Cloud Storage,Feature Request,Two-factor authentication codes are not being delivered to my phone.,Subscription status corrected and confirmation email sent to customer.,Medium,Closed,Chat,Asia,43,Other,Basic,60,4,4,21.25,16.96,2022-09-23,2022-10-04,Yes,Yes,Android,,PayPal,French,Evening,10,Small Business
24524,Jessica Moore,jessica.moore289@icloud.com,Analytics Dashboard,Feature Request,I would like to request a refund for the recent charge.,The issue was escalated to engineering and resolved in the latest patch.,Medium,Closed,Chat,Australia,53,Other,Free,27,9,4,57.44,107.31,2022-07-10,2022-07-20,Yes,No,MacOS,Edge,Bank Transfer,English,Evening,10,Corporate
30756,Richard Rodriguez,richard.rodriguez89@gmail.com,Web Portal,Feature Request,I found a bug in the latest update affecting report generation.,The duplicate charge was reversed and refund processed within 3-5 business days.,Low,Resolved,Chat,Australia,29,Female,Enterprise,13,13,3,42.15,64.95,2022-01-03,2022-01-11,Yes,No,MacOS,Safari,Bank Transfer,German,Evening,6,Individual
52346,Michael Taylor,michael.taylor30@company.com,Cloud Storage,Feature Request,I found a bug in the latest update affecting report generation.,We have reset the account credentials and advised the customer to retry login.,High,Closed,Phone,Asia,51,Female,Free,46,13,3,20.4,208.54,2024-07-18,2024-07-28,Yes,Yes,MacOS,Firefox,Crypto,Chinese,Afternoon,3,Individual
152467,Patricia Jackson,patricia.jackson325@icloud.com,Mobile App,Feature Request,Two-factor authentication codes are not being delivered to my phone.,The issue was escalated to engineering and resolved in the latest patch.,Medium,Closed,Web Form,Africa,73,Other,Basic,3,18,4,61.2,39.96,2024-12-30,2025-01-01,Yes,Yes,Linux,,Bank Transfer,French,Morning,10,Small Business
13484,Michael Moore,michael.moore509@icloud.com,Cloud Storage,Feature Request,I would like to request a refund for the recent charge.,Bug logged internally and workaround shared with the customer.,Urgent,Closed,Social Media,Europe,72,Female,Free,32,6,5,38.31,59.92,2023-07-23,2023-07-23,No,No,MacOS,Chrome,PayPal,French,Evening,9,Individual
120513,Joseph Lopez,joseph.lopez273@icloud.com,Analytics Dashboard,Feature Request,Two-factor authentication codes are not being delivered to my phone.,Data synchronization restored after backend service restart.,Low,Resolved,Social Media,Australia,19,Male,Basic,57,7,3,49.74,126.51,2023-10-14,2023-10-15,No,No,iOS,Edge,Bank Transfer,Japanese,Morning,6,Corporate
155031,Elizabeth Martinez,elizabeth.martinez598@yahoo.com,Subscription Service,Feature Request,The payment was deducted from my bank account but the transaction shows failed.,We have reset the account credentials and advised the customer to retry login.,High,Closed,Web Form,Africa,53,Male,Free,50,2,5,7.59,196.85,2024-06-18,2024-06-18,Yes,No,MacOS,,Credit Card,German,Morning,2,Corporate
2361,Elizabeth Moore,elizabeth.moore124@gmail.com,Cloud Storage,Feature Request,Two-factor authentication codes are not being delivered to my phone.,Data synchronization restored after backend service restart.,Medium,Resolved,Email,North America,49,Male,Enterprise,1,5,1,27.3,131.27,2022-07-23,2022-08-05,No,No,Windows,Firefox,PayPal,French,Night,8,Individual
127892,Jessica Jackson,jessica.jackson783@company.com,E-commerce Store,Feature Request,I am experiencing very slow performance while using the dashboard.,We have reset the account credentials and advised the customer to retry login.,High,Closed,Email,Africa,73,Female,Basic,2,6,3,45.79,81.11,2023-10-16,2023-10-16,Yes,Yes,iOS,Edge,Debit Card,Chinese,Night,2,Corporate
97415,Charles Martinez,charles.martinez905@yahoo.com,Analytics Dashboard,Feature Request,The payment was deducted from my bank account but the transaction shows failed.,Bug logged internally and workaround shared with the customer.,Medium,Resolved,Chat,Europe,41,Male,Free,21,18,4,59.8,212.14,2023-01-10,2023-01-10,Yes,No,MacOS,Edge,Crypto,English,Morning,10,Corporate
169038,Karen Moore,karen.moore486@icloud.com,E-commerce Store,Feature Request,I found a bug in the latest update affecting report generation.,Data synchronization restored after backend service restart.,Medium,Closed,Phone,Europe,23,Female,Enterprise,47,3,2,52.6,225.94,2023-03-18,2023-03-22,Yes,Yes,Android,Chrome,Bank Transfer,Japanese,Night,6,Corporate
86332,Mary Lopez,mary.lopez575@outlook.com,Subscription Service,Feature Request,The system is not syncing data across devices properly.,Bug logged internally and workaround shared with the customer.,Medium,Closed,Social Media,Africa,42,Other,Basic,45,1,4,21.02,98.81,2022-08-13,2022-08-26,Yes,Yes,Android,,Credit Card,Japanese,Morning,5,Individual
48988,William Hernandez,william.hernandez792@yahoo.com,Web Portal,Feature Request,I am experiencing very slow performance while using the dashboard.,Bug logged internally and workaround shared with the customer.,Medium,Resolved,Web Form,Europe,43,Other,Premium,25,3,3,2.95,208.31,2023-05-27,2023-05-30,Yes,No,Linux,Firefox,Debit Card,Japanese,Afternoon,2,Corporate
163390,Joseph Wilson,joseph.wilson784@yahoo.com,Payment Gateway,Feature Request,My subscription was cancelled without my request and I need clarification.,We have reset the account credentials and advised the customer to retry login.,Low,Resolved,Social Media,North America,22,Male,Enterprise,49,19,1,35.69,176.65,2022-03-13,2022-03-18,Yes,No,Windows,,Debit Card,German,Morning,5,Small Business
51267,Richard Brown,richard.brown808@outlook.com,Analytics Dashboard,Feature Request,My subscription was cancelled without my request and I need clarification.,Security settings updated and customer notified of precautionary measures.,Urgent,Resolved,Web Form,Asia,64,Male,Free,9,18,4,71.73,209.51,2024-03-28,2024-03-28,Yes,No,Linux,Chrome,PayPal,French,Evening,3,Small Business
68177,Richard Garcia,richard.garcia326@outlook.com,Cloud Storage,Login Issue,The application crashes whenever I try to upload a file.,Payment gateway timeout issue fixed and monitoring implemented.,High,Resolved,Email,Europe,44,Female,Basic,58,5,2,7.91,54.13,2022-11-03,2022-11-08,Yes,No,Android,Safari,Debit Card,Chinese,Evening,9,Corporate
156080,Elizabeth Johnson,elizabeth.johnson747@icloud.com,Cloud Storage,Login Issue,There seems to be a discrepancy in my billing statement for this month.,We have reset the account credentials and advised the customer to retry login.,High,Closed,Chat,Asia,40,Male,Enterprise,48,16,5,19.67,138.7,2024-01-26,2024-02-09,Yes,No,Windows,,Bank Transfer,Spanish,Afternoon,5,Corporate
50021,Susan Anderson,susan.anderson974@hotmail.com,Cloud Storage,Login Issue,The application crashes whenever I try to upload a file.,Data synchronization restored after backend service restart.,Urgent,Closed,Chat,Europe,33,Other,Premium,16,7,1,48.57,202.98,2024-10-01,2024-10-09,No,Yes,Linux,,Crypto,Chinese,Afternoon,6,Individual
147399,Susan Jones,susan.jones26@outlook.com,API Service,Login Issue,The system is not syncing data across devices properly.,Data synchronization restored after backend service restart.,Low,Closed,Chat,Asia,36,Male,Premium,33,9,4,21.11,190.42,2022-04-26,2022-05-02,No,Yes,iOS,Chrome,Credit Card,English,Night,7,Individual
83393,Jennifer Hernandez,jennifer.hernandez496@hotmail.com,E-commerce Store,Login Issue,I would like to request a refund for the recent charge.,We have reset the account credentials and advised the customer to retry login.,Urgent,Resolved,Web Form,Europe,41,Female,Enterprise,44,12,2,51.14,121.25,2023-03-10,2023-03-24,No,Yes,Windows,Chrome,Crypto,Chinese,Afternoon,7,Individual
52098,Jennifer Hernandez,jennifer.hernandez77@outlook.com,API Service,Login Issue,The payment was deducted from my bank account but the transaction shows failed.,Security settings updated and customer notified of precautionary measures.,High,Closed,Web Form,South America,39,Female,Basic,15,8,4,62.58,2.93,2024-08-25,2024-09-02,No,Yes,Linux,,Credit Card,English,Afternoon,8,Corporate
155999,Jennifer Lopez,jennifer.lopez958@company.com,Subscription Service,Login Issue,I would like to request a refund for the recent charge.,Data synchronization restored after backend service restart.,Low,Resolved,Social Media,North America,18,Female,Enterprise,40,8,3,34.47,54.26,2023-07-03,2023-07-03,Yes,No,Windows,,Bank Transfer,Japanese,Morning,7,Individual
5220,David Garcia,david.garcia107@company.com,Cloud Storage,Login Issue,I found a bug in the latest update affecting report generation.,Bug logged internally and workaround shared with the customer.,Medium,Closed,Email,Asia,29,Other,Enterprise,60,7,4,65.53,71.52,2022-03-14,2022-03-15,Yes,No,Windows,Edge,Bank Transfer,French,Night,3,Small Business
143741,Sarah Anderson,sarah.anderson358@yahoo.com,Web Portal,Login Issue,There seems to be a discrepancy in my billing statement for this month.,Security settings updated and customer notified of precautionary measures.,High,Resolved,Phone,Asia,28,Female,Enterprise,10,10,4,35.13,27.27,2023-07-26,2023-08-02,No,Yes,MacOS,Chrome,Credit Card,Japanese,Night,8,Individual
184933,William Johnson,william.johnson302@hotmail.com,Analytics Dashboard,Login Issue,I found a bug in the latest update affecting report generation.,Provided step-by-step troubleshooting instructions and issue resolved.,High,Resolved,Email,Australia,75,Female,Enterprise,56,12,5,5.77,79.57,2023-02-03,2023-02-08,Yes,No,Windows,Safari,PayPal,Japanese,Night,3,Individual
78246,Patricia Rodriguez,patricia.rodriguez294@outlook.com,Payment Gateway,Login Issue,I am unable to access my account after entering the correct credentials.,We have reset the account credentials and advised the customer to retry login.,Medium,Closed,Web Form,South America,21,Male,Free,53,5,2,59.91,24.81,2023-10-19,2023-10-20,No,No,Linux,Chrome,Debit Card,Japanese,Night,10,Corporate
176759,Elizabeth Martinez,elizabeth.martinez861@company.com,Payment Gateway,Login Issue,My subscription was cancelled without my request and I need clarification.,Security settings updated and customer notified of precautionary measures.,High,Resolved,Phone,Africa,18,Other,Free,39,13,2,48.2,205.5,2024-02-12,2024-02-18,No,Yes,Linux,Safari,PayPal,Spanish,Night,9,Individual
120978,Richard Jackson,richard.jackson85@hotmail.com,Analytics Dashboard,Login Issue,The payment was deducted from my bank account but the transaction shows failed.,The duplicate charge was reversed and refund processed within 3-5 business days.,Urgent,Resolved,Web Form,North America,62,Female,Enterprise,38,11,1,46.04,136.97,2024-08-21,2024-08-31,No,Yes,Windows,,Crypto,Japanese,Morning,7,Small Business
138582,David Martin,david.martin343@company.com,Analytics Dashboard,Login Issue,The system is not syncing data across devices properly.,Explained billing breakdown and clarified applicable charges.,High,Closed,Social Media,Asia,54,Male,Enterprise,23,13,2,1.02,183.75,2024-01-06,2024-01-13,No,Yes,Windows,,Credit Card,Chinese,Night,9,Small Business
83674,Richard Smith,richard.smith520@icloud.com,CRM Platform,Login Issue,I am unable to access my account after entering the correct credentials.,Payment gateway timeout issue fixed and monitoring implemented.,Urgent,Closed,Email,Australia,67,Other,Premium,37,11,5,40.11,19.31,2022-08-22,2022-08-26,No,Yes,iOS,Safari,Crypto,English,Evening,10,Corporate
98597,Karen Thomas,karen.thomas839@icloud.com,Web Portal,Login Issue,I am experiencing very slow performance while using the dashboard.,The issue was escalated to engineering and resolved in the latest patch.,Medium,Resolved,Chat,Africa,70,Male,Free,35,16,4,56.21,66.8,2022-03-11,2022-03-25,No,Yes,Windows,,Crypto,Spanish,Afternoon,6,Small Business
153190,Richard Miller,richard.miller194@gmail.com,Subscription Service,Login Issue,I found a bug in the latest update affecting report generation.,Data synchronization restored after backend service restart.,High,Resolved,Chat,South America,43,Male,Enterprise,55,2,2,43.25,228.3,2023-05-27,2023-05-27,No,No,Android,Chrome,Credit Card,Japanese,Evening,6,Small Business
198355,Linda Garcia,linda.garcia383@yahoo.com,E-commerce Store,Login Issue,The system is not syncing data across devices properly.,The issue was escalated to engineering and resolved in the latest patch.,Medium,Resolved,Chat,Asia,44,Female,Enterprise,22,13,5,14.2,17.36,2023-08-13,2023-08-17,No,No,Linux,Chrome,PayPal,French,Evening,9,Individual
66279,Jessica Garcia,jessica.garcia262@yahoo.com,Subscription Service,Login Issue,Two-factor authentication codes are not being delivered to my phone.,Payment gateway timeout issue fixed and monitoring implemented.,Medium,Closed,Social Media,Africa,57,Male,Enterprise,43,8,1,9.62,236.63,2024-10-28,2024-10-29,Yes,Yes,Linux,Chrome,Debit Card,German,Morning,3,Small Business
157694,Susan Martinez,susan.martinez956@gmail.com,Web Portal,Login Issue,The application crashes whenever I try to upload a file.,Payment gateway timeout issue fixed and monitoring implemented.,High,Closed,Web Form,South America,51,Female,Premium,24,15,3,25.57,143.92,2024-12-14,2024-12-16,No,Yes,Windows,Safari,Debit Card,French,Afternoon,4,Small Business
140918,Robert Miller,robert.miller114@gmail.com,Analytics Dashboard,Login Issue,I am experiencing very slow performance while using the dashboard.,Payment gateway timeout issue fixed and monitoring implemented.,High,Closed,Chat,Europe,18,Female,Free,13,7,1,2.18,59.97,2022-03-01,2022-03-05,Yes,Yes,MacOS,Edge,Crypto,Chinese,Night,8,Small Business
68137,Jennifer Jackson,jennifer.jackson192@company.com,Billing System,Login Issue,There seems to be a discrepancy in my billing statement for this month.,Security settings updated and customer notified of precautionary measures.,Urgent,Resolved,Email,Asia,48,Other,Premium,43,4,5,44.24,190.81,2024-06-15,2024-06-26,No,No,iOS,Edge,Bank Transfer,English,Morning,3,Individual
26503,Mary Lopez,mary.lopez371@hotmail.com,API Service,Login Issue,I am unable to access my account after entering the correct credentials.,The issue was escalated to engineering and resolved in the latest patch.,Low,Closed,Phone,Europe,66,Other,Enterprise,21,19,3,26.37,158.38,2024-06-14,2024-06-18,Yes,Yes,Windows,Chrome,Bank Transfer,German,Morning,2,Small Business
113756,Susan Taylor,susan.taylor341@yahoo.com,Subscription Service,Login Issue,I am unable to access my account after entering the correct credentials.,We have reset the account credentials and advised the customer to retry login.,Medium,Closed,Email,Asia,21,Other,Premium,53,4,5,54.87,108.69,2023-01-04,2023-01-04,No,Yes,MacOS,Firefox,PayPal,French,Night,3,Corporate
12121,Elizabeth Lopez,elizabeth.lopez292@outlook.com,Payment Gateway,Login Issue,Two-factor authentication codes are not being delivered to my phone.,The issue was escalated to engineering and resolved in the latest patch.,Medium,Closed,Social Media,South America,29,Female,Free,11,20,3,31.68,228.75,2023-12-26,2024-01-04,No,Yes,iOS,Firefox,Credit Card,Chinese,Afternoon,2,Corporate
79868,Jessica Wilson,jessica.wilson845@outlook.com,Mobile App,Login Issue,I would like to request a refund for the recent charge.,Data synchronization restored after backend service restart.,Urgent,Closed,Email,North America,47,Female,Premium,14,13,4,53.63,208.15,2022-02-20,2022-02-24,Yes,Yes,iOS,Firefox,Debit Card,Chinese,Afternoon,2,Individual
86821,James Smith,james.smith490@gmail.com,Web Portal,Login Issue,The payment was deducted from my bank account but the transaction shows failed.,We have reset the account credentials and advised the customer to retry login.,Medium,Closed,Email,Australia,54,Other,Basic,23,9,5,68.52,63.43,2023-12-23,2024-01-01,No,Yes,iOS,Chrome,Credit Card,Chinese,Night,7,Corporate
61964,Elizabeth Gonzalez,elizabeth.gonzalez835@yahoo.com,Mobile App,Login Issue,The system is not syncing data across devices properly.,Provided step-by-step troubleshooting instructions and issue resolved.,High,Resolved,Social Media,North America,22,Male,Basic,35,12,2,12.85,106.21,2023-12-01,2023-12-10,No,No,Android,Chrome,Bank Transfer,English,Evening,10,Corporate
62898,Jennifer Miller,jennifer.miller154@gmail.com,E-commerce Store,Login Issue,Two-factor authentication codes are not being delivered to my phone.,Payment gateway timeout issue fixed and monitoring implemented.,Medium,Closed,Web Form,South America,75,Male,Enterprise,42,14,3,15.92,93.75,2023-05-14,2023-05-27,No,No,Linux,Chrome,PayPal,Spanish,Afternoon,1,Individual
144531,James Brown,james.brown886@icloud.com,Billing System,Login Issue,I am unable to access my account after entering the correct credentials.,Data synchronization restored after backend service restart.,High,Closed,Social Media,Africa,33,Female,Free,2,5,2,50.66,196.65,2023-08-08,2023-08-21,Yes,Yes,Android,Edge,Crypto,Chinese,Morning,2,Individual
145120,Michael Thomas,michael.thomas686@gmail.com,E-commerce Store,Login Issue,I am unable to access my account after entering the correct credentials.,Subscription status corrected and confirmation email sent to customer.,Urgent,Closed,Chat,North America,75,Other,Free,38,18,4,52.95,91.93,2024-07-10,2024-07-17,Yes,No,Android,Safari,Credit Card,Spanish,Evening,8,Small Business
77747,Sarah Lopez,sarah.lopez351@icloud.com,E-commerce Store,Login Issue,I am experiencing very slow performance while using the dashboard.,Payment gateway timeout issue fixed and monitoring implemented.,Urgent,Closed,Web Form,South America,46,Other,Free,7,7,2,58.09,32.53,2024-06-17,2024-06-18,Yes,Yes,Linux,,PayPal,Chinese,Night,7,Individual
194574,Robert Rodriguez,robert.rodriguez803@hotmail.com,Payment Gateway,Login Issue,My subscription was cancelled without my request and I need clarification.,We have reset the account credentials and advised the customer to retry login.,Urgent,Closed,Web Form,Asia,72,Other,Basic,16,6,4,13.97,168.63,2023-10-27,2023-11-02,No,Yes,iOS,Firefox,Crypto,German,Night,8,Small Business
142965,John Taylor,john.taylor520@hotmail.com,API Service,Login Issue,I am unable to access my account after entering the correct credentials.,Explained billing breakdown and clarified applicable charges.,Urgent,Resolved,Chat,Asia,38,Other,Enterprise,3,15,1,60.03,238.19,2023-12-25,2024-01-03,Yes,No,iOS,Firefox,Crypto,Spanish,Evening,7,Corporate
74873,Barbara Thomas,barbara.thomas209@icloud.com,Cloud Storage,Login Issue,I would like to request a refund for the recent charge.,Provided step-by-step troubleshooting instructions and issue resolved.,Urgent,Closed,Social Media,Europe,53,Male,Enterprise,41,2,3,28.27,179.19,2023-12-02,2023-12-05,Yes,No,iOS,Safari,Credit Card,Spanish,Morning,2,Individual
40958,Joseph Garcia,joseph.garcia195@hotmail.com,Billing System,Login Issue,I would like to request a refund for the recent charge.,Bug logged internally and workaround shared with the customer.,High,Closed,Email,North America,29,Male,Premium,4,17,3,29.65,128.33,2024-11-20,2024-11-24,Yes,No,MacOS,Firefox,Bank Transfer,French,Morning,3,Small Business
156886,Linda Martinez,linda.martinez961@hotmail.com,Cloud Storage,Login Issue,I am unable to access my account after entering the correct credentials.,The duplicate charge was reversed and refund processed within 3-5 business days.,Medium,Closed,Email,South America,67,Other,Free,10,18,4,26.67,35.23,2023-12-17,2023-12-27,Yes,Yes,MacOS,Safari,PayPal,Spanish,Morning,1,Small Business
129270,Karen Gonzalez,karen.gonzalez953@hotmail.com,E-commerce Store,Login Issue,The application crashes whenever I try to upload a file.,We have reset the account credentials and advised the customer to retry login.,Medium,Resolved,Social Media,Europe,40,Female,Premium,22,17,2,37.85,144.74,2024-04-27,2024-04-28,No,Yes,Windows,,Credit Card,English,Morning,3,Corporate
60231,Thomas Rodriguez,thomas.rodriguez828@icloud.com,Payment Gateway,Login Issue,Two-factor authentication codes are not being delivered to my phone.,Security settings updated and customer notified of precautionary measures.,Urgent,Closed,Web Form,Australia,60,Female,Enterprise,57,9,3,8.06,10.86,2023-03-14,2023-03-17,No,Yes,Linux,Firefox,PayPal,Chinese,Morning,7,Individual
169834,Mary Davis,mary.davis708@gmail.com,Subscription Service,Login Issue,My subscription was cancelled without my request and I need clarification.,Explained billing breakdown and clarified applicable charges.,Urgent,Closed,Web Form,Africa,66,Male,Basic,27,18,3,21.82,140.46,2022-04-28,2022-05-11,Yes,No,Windows,Safari,Credit Card,Spanish,Afternoon,5,Corporate
80734,Thomas Martin,thomas.martin869@yahoo.com,API Service,Login Issue,I am experiencing very slow performance while using the dashboard.,Provided step-by-step troubleshooting instructions and issue resolved.,Medium,Resolved,Email,North America,57,Other,Basic,53,15,1,27.17,194.04,2024-02-05,2024-02-05,No,No,Android,Safari,Bank Transfer,German,Morning,8,Individual
199781,Patricia Martin,patricia.martin84@gmail.com,Billing System,Login Issue,I found a bug in the latest update affecting report generation.,Security settings updated and customer notified of precautionary measures.,Medium,Closed,Social Media,Australia,74,Male,Premium,23,15,2,11.44,140.49,2023-10-22,2023-10-22,Yes,Yes,Linux,Safari,PayPal,English,Afternoon,9,Small Business
38732,Elizabeth Smith,elizabeth.smith16@yahoo.com,Subscription Service,Login Issue,Two-factor authentication codes are not being delivered to my phone.,We have reset the account credentials and advised the customer to retry login.,High,Closed,Web Form,Australia,43,Male,Premium,18,17,3,18.74,100.77,2022-09-05,2022-09-10,Yes,No,Windows,Firefox,Credit Card,German,Evening,7,Small Business
177679,Susan Davis,susan.davis362@yahoo.com,Mobile App,Login Issue,I am unable to access my account after entering the correct credentials.,Subscription status corrected and confirmation email sent to customer.,Urgent,Closed,Phone,Australia,40,Male,Basic,10,6,4,16.2,93.9,2023-12-22,2023-12-27,Yes,No,Linux,Chrome,Bank Transfer,German,Afternoon,2,Individual
73471,Elizabeth Smith,elizabeth.smith887@hotmail.com,Payment Gateway,Login Issue,The payment was deducted from my bank account but the transaction shows failed.,Subscription status corrected and confirmation email sent to customer.,High,Resolved,Chat,Australia,54,Male,Premium,49,20,2,41.59,30.05,2023-06-03,2023-06-05,No,Yes,MacOS,,Debit Card,Spanish,Night,7,Corporate
195152,Thomas Moore,thomas.moore67@yahoo.com,API Service,Login Issue,The system is not syncing data across devices properly.,Security settings updated and customer notified of precautionary measures.,Low,Closed,Email,Africa,38,Male,Free,9,11,2,25.69,182.61,2024-04-07,2024-04-07,Yes,No,Android,Firefox,Crypto,French,Morning,9,Corporate
83154,Sarah Wilson,sarah.wilson13@yahoo.com,CRM Platform,Login Issue,I am experiencing very slow performance while using the dashboard.,Provided step-by-step troubleshooting instructions and issue resolved.,Medium,Closed,Chat,Europe,63,Other,Free,54,4,5,46.98,62.19,2022-09-07,2022-09-17,Yes,Yes,iOS,Safari,Crypto,Spanish,Afternoon,6,Corporate
146416,John Moore,john.moore216@icloud.com,Cloud Storage,Login Issue,The application crashes whenever I try to upload a file.,Bug logged internally and workaround shared with the customer.,Low,Closed,Social Media,Africa,72,Male,Free,33,13,1,47.4,41.51,2022-06-05,2022-06-13,Yes,No,Linux,Edge,Debit Card,English,Night,4,Small Business
131554,Barbara Gonzalez,barbara.gonzalez54@outlook.com,Analytics Dashboard,Login Issue,I would like to request a refund for the recent charge.,The issue was escalated to engineering and resolved in the latest patch.,Low,Closed,Email,South America,51,Male,Free,35,0,5,55.7,34.96,2024-01-23,2024-01-24,Yes,Yes,iOS,Edge,PayPal,Chinese,Afternoon,2,Small Business
196862,James Wilson,james.wilson927@company.com,Mobile App,Login Issue,The payment was deducted from my bank account but the transaction shows failed.,We have reset the account credentials and advised the customer to retry login.,Low,Closed,Email,Africa,51,Male,Free,38,19,2,2.09,60.88,2022-01-26,2022-02-01,Yes,No,Android,Edge,Bank Transfer,Japanese,Morning,1,Corporate
15654,Susan Williams,susan.williams578@yahoo.com,Analytics Dashboard,Login Issue,The system is not syncing data across devices properly.,Provided step-by-step troubleshooting instructions and issue resolved.,Low,Resolved,Social Media,South America,23,Male,Premium,7,11,1,60.84,86.8,2024-08-26,2024-09-06,No,No,iOS,Chrome,Bank Transfer,Spanish,Afternoon,10,Corporate
52677,Charles Wilson,charles.wilson242@hotmail.com,Billing System,Login Issue,I found a bug in the latest update affecting report generation.,Security settings updated and customer notified of precautionary measures.,Medium,Closed,Social Media,Africa,27,Male,Premium,40,1,5,13.97,1.2,2024-12-30,2025-01-08,Yes,No,Windows,Firefox,Bank Transfer,English,Evening,10,Small Business
112743,Barbara Anderson,barbara.anderson168@outlook.com,CRM Platform,Login Issue,My subscription was cancelled without my request and I need clarification.,The duplicate charge was reversed and refund processed within 3-5 business days.,High,Closed,Web Form,South America,22,Male,Enterprise,45,17,1,11.65,17.17,2023-01-08,2023-01-20,No,No,Android,Safari,PayPal,French,Afternoon,3,Corporate
23520,Sarah Taylor,sarah.taylor829@yahoo.com,E-commerce Store,Login Issue,Two-factor authentication codes are not being delivered to my phone.,Explained billing breakdown and clarified applicable charges.,High,Resolved,Social Media,Europe,55,Male,Free,45,9,3,2.74,54.49,2022-12-05,2022-12-17,No,Yes,MacOS,Safari,Bank Transfer,French,Evening,2,Individual
44445,Thomas Johnson,thomas.johnson453@gmail.com,Billing System,Login Issue,The system is not syncing data across devices properly.,Payment gateway timeout issue fixed and monitoring implemented.,Low,Resolved,Web Form,Asia,48,Male,Basic,35,19,2,17.69,126.49,2024-02-25,2024-03-05,Yes,Yes,Android,,PayPal,Japanese,Morning,7,Individual
46034,Karen Jones,karen.jones505@icloud.com,Payment Gateway,Login Issue,Two-factor authentication codes are not being delivered to my phone.,Explained billing breakdown and clarified applicable charges.,Medium,Closed,Social Media,South America,52,Other,Enterprise,26,6,5,70.08,210.28,2023-05-01,2023-05-10,No,Yes,Android,Chrome,Credit Card,German,Afternoon,6,Individual
72236,Jessica Hernandez,jessica.hernandez522@outlook.com,Payment Gateway,Login Issue,I am experiencing very slow performance while using the dashboard.,Bug logged internally and workaround shared with the customer.,Urgent,Resolved,Email,Asia,45,Other,Free,34,14,2,68.31,46.76,2024-08-16,2024-08-24,No,Yes,Linux,,Bank Transfer,German,Night,9,Individual
18742,Richard Gonzalez,richard.gonzalez909@outlook.com,Web Portal,Login Issue,The application crashes whenever I try to upload a file.,The issue was escalated to engineering and resolved in the latest patch.,High,Closed,Web Form,Africa,41,Other,Basic,31,15,4,47.3,65.12,2023-08-21,2023-08-29,No,No,MacOS,Firefox,PayPal,Chinese,Afternoon,5,Corporate
80142,Elizabeth Lopez,elizabeth.lopez862@gmail.com,Analytics Dashboard,Login Issue,I am unable to access my account after entering the correct credentials.,Explained billing breakdown and clarified applicable charges.,Medium,Resolved,Chat,Australia,55,Male,Enterprise,26,4,1,50.73,23.06,2022-03-04,2022-03-09,Yes,No,Android,Firefox,Credit Card,Chinese,Afternoon,8,Corporate
89127,John Lopez,john.lopez601@yahoo.com,Analytics Dashboard,Login Issue,The payment was deducted from my bank account but the transaction shows failed.,The issue was escalated to engineering and resolved in the latest patch.,Urgent,Resolved,Social Media,Africa,56,Female,Basic,39,16,4,18.47,78.77,2022-05-23,2022-05-23,Yes,Yes,MacOS,,Credit Card,Spanish,Afternoon,6,Small Business
50981,Sarah Lopez,sarah.lopez989@hotmail.com,Subscription Service,Login Issue,The payment was deducted from my bank account but the transaction shows failed.,The duplicate charge was reversed and refund processed within 3-5 business days.,High,Resolved,Phone,North America,72,Other,Free,13,19,4,12.8,91.32,2023-06-02,2023-06-15,No,No,Windows,Chrome,Credit Card,Spanish,Morning,3,Small Business
162176,Elizabeth Martinez,elizabeth.martinez414@icloud.com,Payment Gateway,Login Issue,My subscription was cancelled without my request and I need clarification.,Explained billing breakdown and clarified applicable charges.,High,Resolved,Social Media,Africa,23,Other,Basic,30,2,5,62.43,59.6,2022-12-06,2022-12-20,No,No,MacOS,Edge,Credit Card,French,Morning,2,Corporate
144864,David Martinez,david.martinez698@hotmail.com,Web Portal,Login Issue,Two-factor authentication codes are not being delivered to my phone.,The issue was escalated to engineering and resolved in the latest patch.,High,Resolved,Phone,Australia,62,Other,Free,30,13,5,7.25,149.65,2023-01-27,2023-02-10,Yes,Yes,iOS,Chrome,Debit Card,German,Afternoon,9,Individual
72370,James Garcia,james.garcia461@gmail.com,Subscription Service,Login Issue,I am unable to access my account after entering the correct credentials.,The duplicate charge was reversed and refund processed within 3-5 business days.,Urgent,Closed,Web Form,Australia,37,Female,Enterprise,33,2,2,25.46,145.03,2022-10-07,2022-10-14,Yes,Yes,Android,Firefox,Credit Card,English,Evening,7,Corporate
87263,Thomas Jones,thomas.jones819@outlook.com,Analytics Dashboard,Login Issue,My subscription was cancelled without my request and I need clarification.,Subscription status corrected and confirmation email sent to customer.,Low,Resolved,Phone,Europe,23,Male,Basic,38,3,3,38.83,200.12,2024-01-24,2024-01-29,No,Yes,iOS,Safari,Credit Card,Chinese,Evening,8,Small Business
172310,Patricia Martinez,patricia.martinez809@hotmail.com,Cloud Storage,Login Issue,I am experiencing very slow performance while using the dashboard.,The issue was escalated to engineering and resolved in the latest patch.,Medium,Resolved,Web Form,Australia,28,Other,Premium,26,3,4,28.12,89.85,2022-11-23,2022-11-24,No,No,Linux,Edge,Crypto,Japanese,Afternoon,3,Individual
154320,Michael Anderson,michael.anderson968@outlook.com,Mobile App,Login Issue,I am unable to access my account after entering the correct credentials.,Bug logged internally and workaround shared with the customer.,High,Resolved,Social Media,North America,23,Female,Basic,11,1,2,4.18,26.54,2022-11-26,2022-11-27,No,Yes,iOS,,Crypto,English,Evening,2,Corporate
97339,Charles Gonzalez,charles.gonzalez182@company.com,E-commerce Store,Login Issue,Two-factor authentication codes are not being delivered to my phone.,Data synchronization restored after backend service restart.,Medium,Closed,Phone,North America,55,Male,Premium,56,18,3,53.34,171.99,2022-01-31,2022-02-12,Yes,No,iOS,,PayPal,Chinese,Evening,8,Individual
167528,Linda Jackson,linda.jackson905@company.com,Billing System,Login Issue,I would like to request a refund for the recent charge.,The duplicate charge was reversed and refund processed within 3-5 business days.,Medium,Closed,Email,North America,40,Male,Enterprise,37,9,3,66.8,62.95,2024-06-23,2024-06-27,No,Yes,MacOS,Safari,Credit Card,German,Night,5,Small Business
174207,Richard Garcia,richard.garcia146@icloud.com,API Service,Login Issue,The payment was deducted from my bank account but the transaction shows failed.,Security settings updated and customer notified of precautionary measures.,High,Closed,Web Form,Europe,25,Female,Premium,21,7,2,36.55,205.76,2024-10-08,2024-10-12,Yes,No,MacOS,Chrome,Bank Transfer,Japanese,Afternoon,4,Small Business
72396,Charles Anderson,charles.anderson106@hotmail.com,Cloud Storage,Login Issue,I am unable to access my account after entering the correct credentials.,Bug logged internally and workaround shared with the customer.,High,Closed,Web Form,Asia,64,Female,Free,37,14,4,9.16,232.01,2024-07-26,2024-08-08,No,No,Linux,Edge,Crypto,French,Night,4,Corporate
146289,James Johnson,james.johnson229@icloud.com,E-commerce Store,Login Issue,I am experiencing very slow performance while using the dashboard.,Explained billing breakdown and clarified applicable charges.,Urgent,Resolved,Chat,Europe,36,Male,Enterprise,38,18,3,51.43,42.57,2023-11-16,2023-11-24,Yes,Yes,Android,Firefox,Credit Card,Chinese,Morning,5,Corporate
12426,Mary Lopez,mary.lopez359@gmail.com,Subscription Service,Login Issue,I am experiencing very slow performance while using the dashboard.,Payment gateway timeout issue fixed and monitoring implemented.,High,Closed,Social Media,Europe,75,Male,Basic,52,17,1,68.38,130.12,2024-09-27,2024-09-27,No,Yes,Linux,Edge,Credit Card,German,Evening,1,Corporate
88067,William Thomas,william.thomas388@gmail.com,Analytics Dashboard,Login Issue,The application crashes whenever I try to upload a file.,Data synchronization restored after backend service restart.,Low,Resolved,Phone,Asia,71,Female,Basic,47,20,4,23.62,112.08,2023-12-29,2024-01-03,Yes,No,Windows,Safari,Debit Card,French,Evening,6,Individual
164290,Charles Moore,charles.moore962@gmail.com,Subscription Service,Login Issue,I am unable to access my account after entering the correct credentials.,The duplicate charge was reversed and refund processed within 3-5 business days.,Urgent,Resolved,Web Form,South America,59,Female,Basic,60,6,5,60.28,124.47,2024-03-26,2024-04-06,No,No,Windows,Safari,PayPal,Chinese,Night,2,Corporate
128892,Mary Jackson,mary.jackson397@hotmail.com,CRM Platform,Login Issue,There seems to be a discrepancy in my billing statement for this month.,We have reset the account credentials and advised the customer to retry login.,Low,Closed,Phone,South America,21,Female,Free,45,7,2,34.21,70.61,2023-04-23,2023-05-03,No,Yes,Windows,Safari,Credit Card,Spanish,Evening,6,Corporate
17335,Sarah Smith,sarah.smith21@yahoo.com,Cloud Storage,Login Issue,I am experiencing very slow performance while using the dashboard.,Provided step-by-step troubleshooting instructions and issue resolved.,Low,Closed,Web Form,Europe,51,Male,Basic,53,0,1,44.06,40.22,2024-09-20,2024-09-27,No,Yes,Android,Chrome,Credit Card,Spanish,Morning,9,Corporate
6331,Thomas Rodriguez,thomas.rodriguez454@company.com,Billing System,Login Issue,My subscription was cancelled without my request and I need clarification.,Security settings updated and customer notified of precautionary measures.,High,Resolved,Social Media,Europe,44,Female,Premium,48,20,1,1.86,207.9,2022-07-21,2022-07-22,Yes,Yes,Windows,Chrome,Credit Card,French,Afternoon,9,Small Business
58381,Michael Jones,michael.jones340@yahoo.com,Billing System,Login Issue,I would like to request a refund for the recent charge.,Subscription status corrected and confirmation email sent to customer.,Low,Closed,Email,Africa,51,Other,Enterprise,38,15,4,32.64,104.51,2023-03-02,2023-03-12,Yes,No,Android,Chrome,Crypto,French,Night,3,Small Business
104131,David Garcia,david.garcia252@gmail.com,Analytics Dashboard,Login Issue,The system is not syncing data across devices properly.,Subscription status corrected and confirmation email sent to customer.,Low,Closed,Web Form,Europe,55,Female,Premium,16,2,5,16.99,192.08,2023-06-19,2023-07-02,No,Yes,Linux,Safari,Bank Transfer,French,Night,7,Individual
138872,John Williams,john.williams235@outlook.com,E-commerce Store,Login Issue,The payment was deducted from my bank account but the transaction shows failed.,The duplicate charge was reversed and refund processed within 3-5 business days.,High,Closed,Social Media,North America,64,Female,Basic,10,14,4,20.0,28.65,2023-11-25,2023-11-28,Yes,Yes,Linux,Chrome,PayPal,Spanish,Afternoon,1,Corporate
178066,Susan Moore,susan.moore949@hotmail.com,Payment Gateway,Login Issue,I am unable to access my account after entering the correct credentials.,Bug logged internally and workaround shared with the customer.,Urgent,Resolved,Phone,Asia,24,Other,Premium,58,14,1,17.22,110.72,2022-07-30,2022-08-10,Yes,No,Android,Safari,Crypto,Japanese,Night,8,Individual
166557,Mary Hernandez,mary.hernandez214@company.com,Web Portal,Login Issue,I am experiencing very slow performance while using the dashboard.,Explained billing breakdown and clarified applicable charges.,Urgent,Resolved,Web Form,South America,72,Male,Premium,11,14,3,56.56,116.29,2022-12-04,2022-12-18,No,No,MacOS,Chrome,Debit Card,French,Night,8,Individual
179169,Thomas Brown,thomas.brown753@gmail.com,Analytics Dashboard,Login Issue,The application crashes whenever I try to upload a file.,The issue was escalated to engineering and resolved in the latest patch.,Urgent,Resolved,Chat,Australia,74,Other,Premium,14,20,3,45.52,148.9,2023-10-11,2023-10-24,No,No,Windows,,PayPal,Spanish,Afternoon,8,Individual
139580,Mary Anderson,mary.anderson229@icloud.com,CRM Platform,Login Issue,My subscription was cancelled without my request and I need clarification.,Payment gateway timeout issue fixed and monitoring implemented.,Urgent,Resolved,Email,North America,18,Other,Premium,10,20,5,71.51,196.55,2024-11-23,2024-12-03,Yes,Yes,Windows,Firefox,PayPal,Chinese,Morning,8,Small Business
151066,Richard Johnson,richard.johnson737@icloud.com,E-commerce Store,Login Issue,Two-factor authentication codes are not being delivered to my phone.,Security settings updated and customer notified of precautionary measures.,High,Closed,Web Form,Europe,33,Male,Premium,48,18,1,64.1,104.23,2024-07-12,2024-07-12,Yes,Yes,Linux,,Crypto,Spanish,Morning,4,Corporate
112318,Jessica Jones,jessica.jones132@yahoo.com,E-commerce Store,Login Issue,I found a bug in the latest update affecting report generation.,Subscription status corrected and confirmation email sent to customer.,Urgent,Closed,Web Form,Europe,37,Male,Free,46,6,3,32.36,7.73,2022-07-23,2022-08-04,Yes,No,Windows,Chrome,Bank Transfer,German,Afternoon,4,Small Business
143669,James Jackson,james.jackson440@icloud.com,Mobile App,Login Issue,My subscription was cancelled without my request and I need clarification.,Explained billing breakdown and clarified applicable charges.,High,Closed,Phone,North America,20,Female,Basic,40,5,5,43.45,124.38,2024-09-04,2024-09-13,No,No,MacOS,Firefox,PayPal,Chinese,Night,1,Individual
122730,John Gonzalez,john.gonzalez106@yahoo.com,Subscription Service,Login Issue,The payment was deducted from my bank account but the transaction shows failed.,The issue was escalated to engineering and resolved in the latest patch.,Medium,Resolved,Social Media,Europe,66,Male,Basic,38,10,2,33.6,189.33,2023-11-18,2023-11-24,No,Yes,iOS,Edge,Debit Card,French,Morning,2,Corporate
140206,Elizabeth Gonzalez,elizabeth.gonzalez100@hotmail.com,Cloud Storage,Login Issue,The system is not syncing data across devices properly.,Security settings updated and customer notified of precautionary measures.,Low,Resolved,Phone,Europe,18,Other,Enterprise,3,17,5,6.37,206.96,2023-01-05,2023-01-11,Yes,Yes,Linux,Chrome,PayPal,Chinese,Afternoon,6,Individual
93798,Michael Brown,michael.brown859@company.com,Billing System,Login Issue,The application crashes whenever I try to upload a file.,Subscription status corrected and confirmation email sent to customer.,Medium,Closed,Web Form,South America,31,Other,Free,18,1,1,70.41,137.97,2023-07-20,2023-07-30,No,No,iOS,Chrome,Debit Card,Spanish,Night,6,Corporate
74125,Patricia Davis,patricia.davis938@company.com,E-commerce Store,Login Issue,I am experiencing very slow performance while using the dashboard.,Data synchronization restored after backend service restart.,Urgent,Resolved,Phone,Australia,43,Other,Premium,56,8,1,29.83,3.57,2022-09-24,2022-10-02,Yes,No,Linux,,PayPal,Japanese,Afternoon,9,Individual
164677,Sarah Gonzalez,sarah.gonzalez750@yahoo.com,Analytics Dashboard,Login Issue,The payment was deducted from my bank account but the transaction shows failed.,The issue was escalated to engineering and resolved in the latest patch.,Medium,Resolved,Web Form,North America,67,Female,Premium,13,8,5,25.18,79.41,2022-12-03,2022-12-08,Yes,No,iOS,,Debit Card,French,Evening,4,Corporate
165286,Mary Taylor,mary.taylor280@company.com,Subscription Service,Login Issue,There seems to be a discrepancy in my billing statement for this month.,Data synchronization restored after backend service restart.,Urgent,Closed,Social Media,South America,31,Female,Basic,40,11,4,28.91,93.09,2022-03-01,2022-03-07,Yes,No,iOS,Edge,Credit Card,Japanese,Night,6,Corporate
180808,Elizabeth Martinez,elizabeth.martinez653@yahoo.com,E-commerce Store,Login Issue,I found a bug in the latest update affecting report generation.,Explained billing breakdown and clarified applicable charges.,Low,Closed,Social Media,Asia,47,Female,Enterprise,6,12,5,44.16,86.73,2024-04-04,2024-04-12,Yes,No,Android,Safari,Crypto,Chinese,Evening,2,Corporate
37166,James Anderson,james.anderson869@company.com,Billing System,Login Issue,I am experiencing very slow performance while using the dashboard.,Data synchronization restored after backend service restart.,High,Resolved,Email,Australia,40,Male,Enterprise,3,5,1,59.64,93.58,2022-09-26,2022-09-26,Yes,No,MacOS,Firefox,Crypto,English,Afternoon,9,Corporate
7966,James Taylor,james.taylor741@gmail.com,Subscription Service,Login Issue,The application crashes whenever I try to upload a file.,Provided step-by-step troubleshooting instructions and issue resolved.,Medium,Resolved,Email,Australia,68,Male,Basic,3,5,1,37.69,138.0,2024-03-05,2024-03-17,Yes,No,MacOS,Edge,Bank Transfer,Japanese,Morning,5,Small Business
132582,Sarah Johnson,sarah.johnson379@outlook.com,Web Portal,Login Issue,I would like to request a refund for the recent charge.,Payment gateway timeout issue fixed and monitoring implemented.,High,Resolved,Email,Europe,64,Other,Basic,32,6,5,70.59,84.61,2022-08-27,2022-08-27,No,No,Windows,Firefox,Debit Card,Japanese,Evening,9,Corporate
104803,Charles Hernandez,charles.hernandez380@yahoo.com,CRM Platform,Login Issue,The payment was deducted from my bank account but the transaction shows failed.,Provided step-by-step troubleshooting instructions and issue resolved.,Medium,Resolved,Email,South America,22,Other,Premium,8,13,4,54.47,144.99,2024-03-23,2024-03-26,Yes,Yes,iOS,Firefox,Credit Card,Japanese,Evening,8,Corporate
126344,Michael Martinez,michael.martinez581@icloud.com,Billing System,Login Issue,There seems to be a discrepancy in my billing statement for this month.,The issue was escalated to engineering and resolved in the latest patch.,Medium,Resolved,Chat,South America,71,Other,Enterprise,19,5,2,14.13,159.32,2022-04-17,2022-04-21,Yes,Yes,Linux,,Crypto,Spanish,Afternoon,7,Small Business
83338,Robert Rodriguez,robert.rodriguez443@company.com,Analytics Dashboard,Login Issue,Two-factor authentication codes are not being delivered to my phone.,Security settings updated and customer notified of precautionary measures.,High,Closed,Social Media,Europe,50,Female,Premium,29,0,5,65.3,20.1,2023-12-20,2023-12-29,Yes,Yes,Windows,Firefox,Bank Transfer,Chinese,Morning,8,Individual
121500,Thomas Taylor,thomas.taylor247@hotmail.com,Payment Gateway,Login Issue,The payment was deducted from my bank account but the transaction shows failed.,Explained billing breakdown and clarified applicable charges.,Urgent,Resolved,Social Media,Asia,34,Male,Basic,6,17,5,43.5,237.16,2022-03-13,2022-03-24,No,Yes,Android,,Bank Transfer,German,Afternoon,5,Corporate
12787,Robert Brown,robert.brown13@company.com,Cloud Storage,Login Issue,The system is not syncing data across devices properly.,The duplicate charge was reversed and refund processed within 3-5 business days.,Medium,Closed,Email,Africa,38,Other,Enterprise,52,20,3,30.69,147.45,2023-10-30,2023-10-31,Yes,No,Windows,Chrome,Debit Card,French,Afternoon,3,Small Business
2148,Jessica Thomas,jessica.thomas770@yahoo.com,Billing System,Login Issue,There seems to be a discrepancy in my billing statement for this month.,Subscription status corrected and confirmation email sent to customer.,Low,Closed,Email,North America,68,Male,Free,3,15,4,39.14,233.48,2024-03-08,2024-03-20,Yes,Yes,iOS,Firefox,Bank Transfer,Japanese,Evening,2,Corporate
90479,Linda Johnson,linda.johnson528@hotmail.com,API Service,Login Issue,The application crashes whenever I try to upload a file.,The duplicate charge was reversed and refund processed within 3-5 business days.,Low,Closed,Phone,Africa,68,Male,Enterprise,30,0,1,23.6,16.39,2024-05-02,2024-05-02,Yes,Yes,Android,,Crypto,German,Afternoon,1,Corporate
156969,Michael Martin,michael.martin114@hotmail.com,CRM Platform,Login Issue,I would like to request a refund for the recent charge.,Provided step-by-step troubleshooting instructions and issue resolved.,Urgent,Resolved,Web Form,North America,51,Other,Basic,48,20,5,70.78,166.47,2024-06-11,2024-06-17,Yes,No,MacOS,Chrome,PayPal,Spanish,Evening,3,Corporate
112531,Joseph Martin,joseph.martin461@company.com,Payment Gateway,Login Issue,My subscription was cancelled without my request and I need clarification.,Security settings updated and customer notified of precautionary measures.,High,Closed,Phone,North America,57,Other,Premium,16,11,1,71.34,164.42,2023-02-16,2023-03-01,No,Yes,Android,Firefox,Debit Card,Spanish,Night,1,Individual
66964,Jessica Davis,jessica.davis216@hotmail.com,Analytics Dashboard,Login Issue,I am experiencing very slow performance while using the dashboard.,Data synchronization restored after backend service restart.,Urgent,Resolved,Email,South America,68,Male,Enterprise,34,3,3,12.06,23.79,2023-10-23,2023-10-31,Yes,Yes,Windows,Firefox,PayPal,German,Evening,6,Corporate
20357,Elizabeth Hernandez,elizabeth.hernandez332@hotmail.com,Mobile App,Login Issue,The payment was deducted from my bank account but the transaction shows failed.,Explained billing breakdown and clarified applicable charges.,Medium,Resolved,Web Form,Asia,36,Male,Free,31,18,4,42.1,146.19,2022-10-06,2022-10-17,No,No,Android,Safari,Crypto,Spanish,Afternoon,6,Small Business
50072,David Williams,david.williams570@icloud.com,Payment Gateway,Login Issue,Two-factor authentication codes are not being delivered to my phone.,Subscription status corrected and confirmation email sent to customer.,High,Resolved,Email,Australia,49,Female,Premium,1,11,3,45.07,127.74,2023-10-20,2023-10-31,Yes,No,Linux,Chrome,Credit Card,English,Evening,8,Corporate
86688,David Williams,david.williams212@company.com,E-commerce Store,Login Issue,There seems to be a discrepancy in my billing statement for this month.,Security settings updated and customer notified of precautionary measures.,Urgent,Closed,Social Media,Asia,48,Male,Premium,43,6,1,28.55,235.28,2022-08-22,2022-09-01,Yes,Yes,Windows,Safari,Crypto,Chinese,Evening,4,Individual
191529,Joseph Miller,joseph.miller794@company.com,Analytics Dashboard,Login Issue,The system is not syncing data across devices properly.,Provided step-by-step troubleshooting instructions and issue resolved.,Urgent,Resolved,Email,North America,24,Female,Basic,51,3,3,33.05,44.35,2022-06-18,2022-06-21,No,No,MacOS,,Bank Transfer,English,Evening,6,Individual
137126,Barbara Martin,barbara.martin820@company.com,Payment Gateway,Login Issue,Two-factor authentication codes are not being delivered to my phone.,We have reset the account credentials and advised the customer to retry login.,Medium,Closed,Web Form,South America,25,Other,Enterprise,27,6,1,17.36,58.26,2024-11-29,2024-12-10,No,Yes,Android,Safari,Debit Card,Chinese,Night,3,Individual
128746,Barbara Moore,barbara.moore302@hotmail.com,Cloud Storage,Login Issue,I am unable to access my account after entering the correct credentials.,The issue was escalated to engineering and resolved in the latest patch.,Medium,Resolved,Phone,North America,56,Other,Enterprise,31,11,5,60.95,47.65,2023-08-12,2023-08-25,Yes,Yes,iOS,Firefox,Crypto,English,Evening,1,Corporate
97227,William Williams,william.williams961@icloud.com,Mobile App,Login Issue,I found a bug in the latest update affecting report generation.,Explained billing breakdown and clarified applicable charges.,High,Resolved,Web Form,Asia,51,Female,Enterprise,51,12,3,65.46,159.5,2022-05-11,2022-05-20,No,Yes,MacOS,Edge,Bank Transfer,Japanese,Afternoon,7,Individual
52238,Patricia Hernandez,patricia.hernandez686@company.com,API Service,Login Issue,My subscription was cancelled without my request and I need clarification.,The issue was escalated to engineering and resolved in the latest patch.,High,Resolved,Phone,Africa,58,Male,Premium,27,1,2,60.44,123.19,2023-07-04,2023-07-06,Yes,Yes,Linux,Chrome,Debit Card,Spanish,Night,10,Small Business
170778,Barbara Brown,barbara.brown808@yahoo.com,API Service,Login Issue,There seems to be a discrepancy in my billing statement for this month.,Subscription status corrected and confirmation email sent to customer.,High,Resolved,Chat,Australia,43,Other,Enterprise,10,13,2,24.16,27.08,2022-02-18,2022-02-27,Yes,No,iOS,Chrome,Debit Card,English,Night,2,Small Business
84103,Barbara Davis,barbara.davis609@company.com,CRM Platform,Login Issue,The system is not syncing data across devices properly.,The duplicate charge was reversed and refund processed within 3-5 business days.,High,Resolved,Web Form,Asia,56,Male,Premium,36,2,5,39.86,144.74,2022-03-14,2022-03-24,No,Yes,Windows,Chrome,Bank Transfer,Spanish,Afternoon,1,Small Business
40646,Sarah Johnson,sarah.johnson280@hotmail.com,Analytics Dashboard,Login Issue,The system is not syncing data across devices properly.,Bug logged internally and workaround shared with the customer.,Low,Closed,Social Media,Africa,74,Male,Premium,9,3,2,30.84,237.25,2024-03-13,2024-03-25,No,Yes,Linux,Chrome,Credit Card,Japanese,Afternoon,2,Corporate
30677,Linda Miller,linda.miller678@yahoo.com,CRM Platform,Login Issue,The system is not syncing data across devices properly.,Subscription status corrected and confirmation email sent to customer.,Low,Resolved,Social Media,Australia,65,Other,Basic,32,4,5,29.63,88.12,2022-06-14,2022-06-24,Yes,Yes,Android,,PayPal,Chinese,Morning,8,Small Business
70260,David Gonzalez,david.gonzalez622@company.com,Payment Gateway,Payment Problem,I am experiencing very slow performance while using the dashboard.,Data synchronization restored after backend service restart.,Low,Resolved,Chat,Africa,55,Other,Premium,25,14,2,53.72,238.02,2023-04-30,2023-05-14,Yes,No,Android,Edge,PayPal,English,Afternoon,6,Small Business
169173,Karen Moore,karen.moore199@icloud.com,Payment Gateway,Payment Problem,My subscription was cancelled without my request and I need clarification.,Provided step-by-step troubleshooting instructions and issue resolved.,Urgent,Resolved,Social Media,Australia,40,Female,Basic,10,20,2,5.79,71.02,2024-05-13,2024-05-13,No,No,Android,Safari,PayPal,Japanese,Morning,9,Small Business
146713,Thomas Thomas,thomas.thomas200@company.com,Payment Gateway,Payment Problem,The system is not syncing data across devices properly.,Subscription status corrected and confirmation email sent to customer.,Medium,Closed,Social Media,Europe,63,Female,Premium,32,5,2,7.8,73.53,2024-02-23,2024-03-05,No,No,Windows,Safari,PayPal,Japanese,Afternoon,9,Individual
79466,Charles Rodriguez,charles.rodriguez297@hotmail.com,Analytics Dashboard,Payment Problem,I would like to request a refund for the recent charge.,We have reset the account credentials and advised the customer to retry login.,Low,Closed,Chat,Asia,43,Male,Free,33,12,3,13.63,62.23,2023-10-05,2023-10-07,Yes,Yes,iOS,Safari,Credit Card,Spanish,Morning,3,Individual
173210,Karen Hernandez,karen.hernandez738@company.com,Payment Gateway,Payment Problem,There seems to be a discrepancy in my billing statement for this month.,Bug logged internally and workaround shared with the customer.,Low,Closed,Chat,Europe,44,Male,Free,39,17,5,7.94,4.37,2022-07-17,2022-07-24,No,No,Android,Safari,Credit Card,English,Night,5,Small Business
14210,Susan Davis,susan.davis761@yahoo.com,Subscription Service,Payment Problem,Two-factor authentication codes are not being delivered to my phone.,Explained billing breakdown and clarified applicable charges.,Low,Resolved,Web Form,Europe,21,Other,Premium,40,7,5,36.97,151.57,2024-06-15,2024-06-24,No,Yes,Windows,Firefox,Bank Transfer,French,Night,5,Individual
66036,Susan Taylor,susan.taylor591@icloud.com,Subscription Service,Payment Problem,Two-factor authentication codes are not being delivered to my phone.,The issue was escalated to engineering and resolved in the latest patch.,Low,Closed,Email,North America,46,Male,Premium,33,18,1,1.63,91.9,2022-05-26,2022-05-28,No,Yes,iOS,Firefox,Credit Card,French,Afternoon,5,Small Business
103918,Susan Gonzalez,susan.gonzalez560@icloud.com,Cloud Storage,Payment Problem,The system is not syncing data across devices properly.,The issue was escalated to engineering and resolved in the latest patch.,High,Resolved,Phone,North America,45,Other,Premium,39,14,1,26.76,184.23,2022-07-29,2022-08-11,Yes,No,Linux,Chrome,Debit Card,French,Morning,7,Individual
167278,Elizabeth Taylor,elizabeth.taylor740@hotmail.com,E-commerce Store,Payment Problem,The application crashes whenever I try to upload a file.,Subscription status corrected and confirmation email sent to customer.,Medium,Closed,Phone,Europe,75,Female,Free,13,19,3,62.18,165.05,2023-01-03,2023-01-13,Yes,No,iOS,Edge,Bank Transfer,Spanish,Evening,6,Corporate
150708,Barbara Thomas,barbara.thomas804@outlook.com,Billing System,Payment Problem,I would like to request a refund for the recent charge.,The issue was escalated to engineering and resolved in the latest patch.,Low,Resolved,Phone,Africa,40,Female,Enterprise,30,18,3,62.64,229.02,2022-04-29,2022-05-11,Yes,Yes,Linux,,Credit Card,Chinese,Night,7,Small Business
71692,Susan Anderson,susan.anderson211@icloud.com,Web Portal,Payment Problem,Two-factor authentication codes are not being delivered to my phone.,Payment gateway timeout issue fixed and monitoring implemented.,Low,Resolved,Email,South America,60,Male,Basic,20,17,5,37.69,43.08,2024-09-26,2024-10-03,No,No,Linux,,Debit Card,Spanish,Afternoon,2,Individual
142960,Thomas Moore,thomas.moore713@icloud.com,Analytics Dashboard,Payment Problem,I am experiencing very slow performance while using the dashboard.,We have reset the account credentials and advised the customer to retry login.,Medium,Resolved,Phone,Australia,71,Male,Free,47,18,4,4.65,217.51,2022-07-12,2022-07-19,No,No,Linux,Edge,Credit Card,French,Morning,9,Corporate
42711,Robert Martinez,robert.martinez174@icloud.com,API Service,Payment Problem,I would like to request a refund for the recent charge.,The duplicate charge was reversed and refund processed within 3-5 business days.,Low,Resolved,Web Form,Africa,65,Female,Basic,6,10,5,37.83,113.81,2023-01-29,2023-02-09,Yes,Yes,iOS,Firefox,Credit Card,German,Morning,5,Corporate
99090,Patricia Smith,patricia.smith566@company.com,Cloud Storage,Payment Problem,Two-factor authentication codes are not being delivered to my phone.,We have reset the account credentials and advised the customer to retry login.,Urgent,Resolved,Phone,Europe,52,Female,Free,7,7,2,4.44,2.6,2023-04-02,2023-04-11,No,No,Android,Firefox,PayPal,German,Evening,8,Corporate
125242,Jennifer Brown,jennifer.brown763@yahoo.com,Cloud Storage,Payment Problem,There seems to be a discrepancy in my billing statement for this month.,Provided step-by-step troubleshooting instructions and issue resolved.,Medium,Closed,Phone,Asia,30,Male,Basic,5,0,1,47.81,7.62,2023-07-30,2023-08-04,Yes,No,MacOS,,Credit Card,Japanese,Morning,9,Corporate
171899,Patricia Anderson,patricia.anderson787@gmail.com,Mobile App,Payment Problem,There seems to be a discrepancy in my billing statement for this month.,Bug logged internally and workaround shared with the customer.,Medium,Closed,Web Form,Asia,51,Male,Premium,18,2,2,20.63,61.4,2024-07-10,2024-07-11,Yes,Yes,Linux,,PayPal,Chinese,Afternoon,1,Small Business
34858,Charles Brown,charles.brown136@company.com,Subscription Service,Payment Problem,I would like to request a refund for the recent charge.,The duplicate charge was reversed and refund processed within 3-5 business days.,Urgent,Closed,Chat,Australia,43,Other,Free,36,8,2,45.12,199.19,2022-12-13,2022-12-27,No,No,Windows,Safari,Crypto,French,Morning,2,Corporate
142216,James Taylor,james.taylor930@gmail.com,Mobile App,Payment Problem,I would like to request a refund for the recent charge.,Explained billing breakdown and clarified applicable charges.,High,Closed,Social Media,Asia,44,Female,Enterprise,39,11,5,2.08,53.22,2022-09-05,2022-09-08,Yes,Yes,iOS,Firefox,Debit Card,Spanish,Morning,6,Individual
139785,Robert Moore,robert.moore684@gmail.com,Web Portal,Payment Problem,The application crashes whenever I try to upload a file.,Security settings updated and customer notified of precautionary measures.,High,Resolved,Web Form,Europe,27,Other,Free,32,15,3,40.05,162.01,2022-12-09,2022-12-16,Yes,No,iOS,Firefox,Crypto,French,Morning,6,Small Business
156671,Thomas Johnson,thomas.johnson611@company.com,Payment Gateway,Payment Problem,The payment was deducted from my bank account but the transaction shows failed.,The issue was escalated to engineering and resolved in the latest patch.,Low,Closed,Email,South America,70,Male,Premium,27,3,5,68.47,53.25,2023-06-21,2023-06-23,Yes,No,iOS,Edge,Bank Transfer,Spanish,Afternoon,5,Corporate
95586,Patricia Taylor,patricia.taylor103@hotmail.com,Analytics Dashboard,Payment Problem,I am experiencing very slow performance while using the dashboard.,Subscription status corrected and confirmation email sent to customer.,Low,Closed,Chat,Africa,63,Female,Basic,30,15,3,17.48,33.65,2023-05-30,2023-05-30,Yes,No,Linux,Firefox,PayPal,French,Morning,5,Corporate
27479,Charles Gonzalez,charles.gonzalez116@company.com,Cloud Storage,Payment Problem,I am experiencing very slow performance while using the dashboard.,Explained billing breakdown and clarified applicable charges.,Medium,Closed,Chat,North America,28,Male,Basic,44,9,4,20.32,6.62,2024-02-22,2024-02-25,Yes,No,Linux,Chrome,Bank Transfer,English,Afternoon,5,Corporate
109797,James Lopez,james.lopez204@gmail.com,CRM Platform,Payment Problem,My subscription was cancelled without my request and I need clarification.,Payment gateway timeout issue fixed and monitoring implemented.,Low,Resolved,Chat,Asia,37,Female,Enterprise,7,17,3,12.36,63.37,2022-03-21,2022-03-31,No,Yes,Android,Safari,PayPal,German,Afternoon,4,Individual
93857,Thomas Thomas,thomas.thomas67@icloud.com,Billing System,Payment Problem,The payment was deducted from my bank account but the transaction shows failed.,Payment gateway timeout issue fixed and monitoring implemented.,High,Closed,Email,Asia,72,Female,Premium,26,8,3,13.16,119.73,2022-04-29,2022-05-07,No,No,Windows,Chrome,Debit Card,German,Night,4,Corporate
128191,Jessica Jones,jessica.jones293@icloud.com,Mobile App,Payment Problem,There seems to be a discrepancy in my billing statement for this month.,Payment gateway timeout issue fixed and monitoring implemented.,Medium,Closed,Phone,Australia,71,Other,Premium,5,16,1,11.39,202.72,2022-06-08,2022-06-18,No,Yes,Android,Edge,Credit Card,Japanese,Afternoon,1,Small Business
88350,Charles Jones,charles.jones713@yahoo.com,Cloud Storage,Payment Problem,The system is not syncing data across devices properly.,The duplicate charge was reversed and refund processed within 3-5 business days.,Medium,Resolved,Web Form,Australia,21,Male,Enterprise,53,15,2,52.96,91.21,2022-03-24,2022-03-28,Yes,No,Linux,Firefox,Bank Transfer,Spanish,Afternoon,6,Small Business
94832,Linda Martin,linda.martin889@gmail.com,Analytics Dashboard,Payment Problem,The system is not syncing data across devices properly.,Data synchronization restored after backend service restart.,Urgent,Resolved,Web Form,Africa,31,Other,Premium,27,8,4,24.42,106.02,2023-05-20,2023-05-28,No,No,Android,Firefox,PayPal,English,Night,7,Individual
58338,Elizabeth Martin,elizabeth.martin980@hotmail.com,Subscription Service,Payment Problem,I found a bug in the latest update affecting report generation.,We have reset the account credentials and advised the customer to retry login.,Medium,Resolved,Social Media,Europe,33,Female,Enterprise,29,16,1,8.53,30.5,2022-05-23,2022-05-25,No,Yes,Android,Safari,Bank Transfer,French,Afternoon,7,Corporate
162572,Karen Thomas,karen.thomas325@gmail.com,E-commerce Store,Payment Problem,Two-factor authentication codes are not being delivered to my phone.,The duplicate charge was reversed and refund processed within 3-5 business days.,Low,Resolved,Chat,Asia,25,Female,Free,10,16,1,59.88,236.28,2024-09-23,2024-10-04,Yes,Yes,Windows,Edge,Bank Transfer,English,Afternoon,10,Individual
128491,Sarah Brown,sarah.brown114@yahoo.com,Billing System,Payment Problem,My subscription was cancelled without my request and I need clarification.,Subscription status corrected and confirmation email sent to customer.,Urgent,Closed,Web Form,Africa,19,Other,Premium,29,8,2,6.79,189.09,2023-02-06,2023-02-18,No,Yes,MacOS,Safari,Bank Transfer,French,Night,7,Individual
160967,Linda Williams,linda.williams763@icloud.com,API Service,Payment Problem,The system is not syncing data across devices properly.,Payment gateway timeout issue fixed and monitoring implemented.,Low,Resolved,Web Form,North America,68,Female,Premium,26,18,5,68.82,85.85,2024-06-14,2024-06-28,No,No,iOS,,Debit Card,Spanish,Afternoon,10,Small Business
53849,James Garcia,james.garcia410@yahoo.com,Mobile App,Payment Problem,The payment was deducted from my bank account but the transaction shows failed.,Explained billing breakdown and clarified applicable charges.,Medium,Resolved,Chat,North America,34,Male,Basic,34,19,5,17.9,98.29,2024-07-06,2024-07-14,Yes,Yes,Linux,Edge,Credit Card,Spanish,Evening,9,Small Business
131233,Thomas Martinez,thomas.martinez774@company.com,Analytics Dashboard,Payment Problem,The system is not syncing data across devices properly.,Provided step-by-step troubleshooting instructions and issue resolved.,Medium,Closed,Phone,Australia,32,Other,Basic,40,1,2,35.87,118.33,2022-03-02,2022-03-14,No,Yes,Android,Safari,Bank Transfer,German,Night,8,Small Business
57330,David Thomas,david.thomas882@yahoo.com,Cloud Storage,Payment Problem,There seems to be a discrepancy in my billing statement for this month.,Provided step-by-step troubleshooting instructions and issue resolved.,Medium,Closed,Phone,Asia,39,Male,Basic,51,16,4,30.48,38.16,2024-06-19,2024-06-26,Yes,Yes,Android,Chrome,PayPal,Spanish,Afternoon,1,Small Business
97956,Sarah Martin,sarah.martin488@company.com,Mobile App,Payment Problem,I would like to request a refund for the recent charge.,Bug logged internally and workaround shared with the customer.,High,Closed,Email,Australia,25,Male,Premium,5,5,3,31.55,74.3,2023-03-06,2023-03-17,Yes,No,Android,Safari,Credit Card,Spanish,Afternoon,9,Small Business
158022,Thomas Williams,thomas.williams155@gmail.com,Cloud Storage,Payment Problem,The system is not syncing data across devices properly.,Payment gateway timeout issue fixed and monitoring implemented.,High,Resolved,Email,North America,31,Other,Enterprise,38,13,4,36.94,220.94,2024-06-03,2024-06-09,No,No,MacOS,,Bank Transfer,French,Night,5,Small Business
193091,Elizabeth Martinez,elizabeth.martinez84@outlook.com,Mobile App,Payment Problem,My subscription was cancelled without my request and I need clarification.,Subscription status corrected and confirmation email sent to customer.,Medium,Resolved,Email,Australia,41,Male,Enterprise,11,17,5,30.83,91.15,2023-02-03,2023-02-08,Yes,No,Linux,Chrome,Crypto,French,Evening,5,Corporate
66725,Linda Gonzalez,linda.gonzalez426@outlook.com,E-commerce Store,Payment Problem,I found a bug in the latest update affecting report generation.,We have reset the account credentials and advised the customer to retry login.,Urgent,Closed,Web Form,South America,45,Male,Basic,10,13,5,12.53,131.23,2023-02-15,2023-02-24,Yes,Yes,MacOS,Safari,Bank Transfer,Japanese,Afternoon,8,Individual
26378,Jessica Garcia,jessica.garcia420@outlook.com,Billing System,Payment Problem,The application crashes whenever I try to upload a file.,The duplicate charge was reversed and refund processed within 3-5 business days.,High,Resolved,Email,North America,23,Other,Premium,58,16,3,6.25,114.17,2022-01-16,2022-01-25,No,No,Android,,Bank Transfer,English,Evening,2,Small Business
128757,Thomas Miller,thomas.miller56@hotmail.com,CRM Platform,Payment Problem,Two-factor authentication codes are not being delivered to my phone.,The issue was escalated to engineering and resolved in the latest patch.,High,Closed,Social Media,North America,36,Female,Free,16,9,1,62.98,120.77,2023-05-17,2023-05-25,No,No,Windows,Edge,Crypto,English,Evening,10,Small Business
73592,Charles Lopez,charles.lopez380@hotmail.com,E-commerce Store,Payment Problem,The payment was deducted from my bank account but the transaction shows failed.,Bug logged internally and workaround shared with the customer.,Medium,Resolved,Chat,Africa,27,Female,Enterprise,43,9,3,4.56,204.65,2022-02-07,2022-02-20,Yes,No,MacOS,Firefox,PayPal,German,Night,5,Corporate
157236,William Moore,william.moore537@yahoo.com,Payment Gateway,Payment Problem,I am experiencing very slow performance while using the dashboard.,Data synchronization restored after backend service restart.,Low,Resolved,Web Form,Australia,68,Female,Enterprise,10,7,1,7.18,102.41,2023-08-17,2023-08-17,No,No,MacOS,,Credit Card,French,Evening,8,Corporate
157089,Jessica Lopez,jessica.lopez449@hotmail.com,Analytics Dashboard,Payment Problem,There seems to be a discrepancy in my billing statement for this month.,The duplicate charge was reversed and refund processed within 3-5 business days.,Medium,Closed,Chat,Africa,32,Female,Basic,24,11,1,58.14,101.08,2023-02-09,2023-02-09,No,No,iOS,Chrome,PayPal,English,Afternoon,5,Individual
117289,Joseph Anderson,joseph.anderson842@gmail.com,E-commerce Store,Payment Problem,I found a bug in the latest update affecting report generation.,Bug logged internally and workaround shared with the customer.,Medium,Resolved,Chat,Australia,42,Other,Basic,17,17,4,58.19,211.78,2023-10-20,2023-10-22,Yes,No,Android,Chrome,PayPal,Japanese,Evening,6,Small Business
103742,Linda Garcia,linda.garcia960@icloud.com,Analytics Dashboard,Payment Problem,Two-factor authentication codes are not being delivered to my phone.,The duplicate charge was reversed and refund processed within 3-5 business days.,Urgent,Resolved,Phone,South America,37,Male,Free,26,1,1,39.84,103.66,2022-07-12,2022-07-22,No,Yes,Windows,Firefox,PayPal,Spanish,Night,2,Individual
127629,Barbara Rodriguez,barbara.rodriguez229@outlook.com,CRM Platform,Payment Problem,I found a bug in the latest update affecting report generation.,We have reset the account credentials and advised the customer to retry login.,Low,Resolved,Web Form,Australia,32,Other,Premium,51,14,3,43.51,2.81,2024-12-28,2024-12-30,No,No,MacOS,Edge,Bank Transfer,Spanish,Evening,2,Individual
20951,Jessica Thomas,jessica.thomas381@company.com,Mobile App,Payment Problem,I found a bug in the latest update affecting report generation.,The duplicate charge was reversed and refund processed within 3-5 business days.,Low,Resolved,Social Media,Europe,40,Other,Premium,15,2,3,12.87,206.7,2024-10-25,2024-10-29,No,Yes,MacOS,Firefox,Debit Card,English,Morning,7,Corporate
143020,Barbara Garcia,barbara.garcia504@yahoo.com,E-commerce Store,Payment Problem,I am unable to access my account after entering the correct credentials.,Data synchronization restored after backend service restart.,Medium,Closed,Chat,Europe,56,Other,Free,45,16,1,43.38,205.71,2023-06-06,2023-06-16,Yes,No,Linux,Safari,Crypto,German,Night,7,Small Business
174671,Jennifer Garcia,jennifer.garcia213@company.com,Web Portal,Payment Problem,There seems to be a discrepancy in my billing statement for this month.,The duplicate charge was reversed and refund processed within 3-5 business days.,High,Resolved,Chat,Australia,58,Male,Basic,41,5,3,42.71,225.35,2023-03-26,2023-04-03,Yes,No,Android,Safari,Bank Transfer,Japanese,Evening,8,Corporate
54202,William Garcia,william.garcia602@company.com,E-commerce Store,Payment Problem,The payment was deducted from my bank account but the transaction shows failed.,Data synchronization restored after backend service restart.,Urgent,Resolved,Email,Africa,69,Female,Free,39,3,4,50.92,208.34,2022-07-05,2022-07-17,Yes,Yes,Linux,Safari,PayPal,German,Morning,6,Small Business
64973,Charles Rodriguez,charles.rodriguez924@company.com,Cloud Storage,Payment Problem,I would like to request a refund for the recent charge.,Security settings updated and customer notified of precautionary measures.,Low,Closed,Phone,North America,62,Male,Free,3,12,3,12.99,17.54,2024-08-11,2024-08-17,Yes,No,MacOS,Chrome,Debit Card,German,Evening,10,Small Business
120903,Richard Lopez,richard.lopez896@company.com,Analytics Dashboard,Payment Problem,My subscription was cancelled without my request and I need clarification.,Provided step-by-step troubleshooting instructions and issue resolved.,Medium,Closed,Social Media,North America,29,Female,Enterprise,3,5,5,53.09,22.43,2024-05-01,2024-05-01,Yes,No,Android,Edge,Debit Card,Japanese,Afternoon,7,Corporate
60343,Richard Brown,richard.brown698@hotmail.com,API Service,Payment Problem,There seems to be a discrepancy in my billing statement for this month.,Bug logged internally and workaround shared with the customer.,Medium,Closed,Email,South America,27,Male,Enterprise,12,19,3,66.95,18.96,2022-08-27,2022-09-03,No,Yes,iOS,Chrome,Credit Card,Japanese,Afternoon,8,Small Business
148241,Joseph Smith,joseph.smith726@hotmail.com,CRM Platform,Payment Problem,I found a bug in the latest update affecting report generation.,Bug logged internally and workaround shared with the customer.,High,Closed,Web Form,Australia,19,Male,Free,42,18,1,56.71,157.33,2022-10-18,2022-10-29,Yes,No,Windows,Firefox,PayPal,Japanese,Morning,5,Small Business
100040,Susan Thomas,susan.thomas292@gmail.com,CRM Platform,Payment Problem,The payment was deducted from my bank account but the transaction shows failed.,Provided step-by-step troubleshooting instructions and issue resolved.,High,Closed,Email,Africa,33,Other,Basic,38,3,3,5.62,115.2,2022-04-03,2022-04-10,Yes,No,iOS,Firefox,Credit Card,Japanese,Afternoon,2,Small Business
124051,Robert Wilson,robert.wilson519@hotmail.com,Mobile App,Payment Problem,I am experiencing very slow performance while using the dashboard.,Data synchronization restored after backend service restart.,High,Resolved,Social Media,North America,68,Female,Enterprise,26,8,2,2.11,179.73,2024-01-29,2024-02-06,Yes,Yes,Windows,Firefox,Crypto,German,Morning,9,Small Business
165129,Karen Miller,karen.miller408@hotmail.com,Analytics Dashboard,Payment Problem,I found a bug in the latest update affecting report generation.,The duplicate charge was reversed and refund processed within 3-5 business days.,Urgent,Resolved,Web Form,Asia,68,Female,Free,43,0,2,33.58,19.37,2023-07-06,2023-07-16,Yes,No,MacOS,Firefox,Crypto,Chinese,Evening,2,Individual
139711,Patricia Jackson,patricia.jackson82@company.com,Payment Gateway,Payment Problem,The payment was deducted from my bank account but the transaction shows failed.,Explained billing breakdown and clarified applicable charges.,Urgent,Resolved,Chat,North America,29,Female,Free,48,14,3,39.9,202.96,2023-04-19,2023-05-01,No,Yes,iOS,Safari,PayPal,Japanese,Night,9,Corporate
153597,Linda Hernandez,linda.hernandez982@icloud.com,Cloud Storage,Payment Problem,There seems to be a discrepancy in my billing statement for this month.,Explained billing breakdown and clarified applicable charges.,High,Resolved,Social Media,Australia,54,Female,Premium,9,11,4,56.58,63.06,2024-07-24,2024-08-06,No,No,Android,Safari,Bank Transfer,French,Evening,4,Corporate
134813,Charles Miller,charles.miller880@company.com,Payment Gateway,Payment Problem,The payment was deducted from my bank account but the transaction shows failed.,Bug logged internally and workaround shared with the customer.,Urgent,Closed,Social Media,Australia,73,Other,Basic,47,15,5,40.96,129.77,2022-03-14,2022-03-20,No,No,MacOS,,Credit Card,English,Morning,9,Small Business
82417,John Gonzalez,john.gonzalez290@gmail.com,Web Portal,Payment Problem,I would like to request a refund for the recent charge.,Security settings updated and customer notified of precautionary measures.,Urgent,Resolved,Phone,Australia,53,Female,Premium,26,7,4,2.62,181.59,2022-10-15,2022-10-28,Yes,Yes,iOS,Edge,Bank Transfer,German,Morning,5,Small Business
190016,Sarah Martin,sarah.martin477@company.com,Billing System,Payment Problem,My subscription was cancelled without my request and I need clarification.,Payment gateway timeout issue fixed and monitoring implemented.,High,Resolved,Phone,Australia,73,Other,Premium,51,16,1,29.11,113.25,2022-03-13,2022-03-24,No,No,Linux,Edge,Credit Card,English,Night,8,Individual
116419,Joseph Rodriguez,joseph.rodriguez77@hotmail.com,Cloud Storage,Payment Problem,I am unable to access my account after entering the correct credentials.,We have reset the account credentials and advised the customer to retry login.,Medium,Closed,Social Media,Australia,63,Other,Enterprise,41,12,4,41.2,13.49,2023-08-09,2023-08-09,No,No,Windows,Firefox,Debit Card,Spanish,Afternoon,2,Individual
131522,Charles Lopez,charles.lopez624@yahoo.com,Web Portal,Payment Problem,Two-factor authentication codes are not being delivered to my phone.,Subscription status corrected and confirmation email sent to customer.,Low,Closed,Social Media,North America,48,Female,Enterprise,22,11,4,56.29,187.03,2024-03-11,2024-03-12,Yes,Yes,Android,Edge,Bank Transfer,English,Evening,8,Individual
59436,John Johnson,john.johnson852@icloud.com,E-commerce Store,Payment Problem,I would like to request a refund for the recent charge.,We have reset the account credentials and advised the customer to retry login.,Medium,Resolved,Email,North America,32,Male,Premium,36,3,2,60.78,205.78,2024-04-08,2024-04-10,No,No,iOS,Chrome,Credit Card,Japanese,Evening,5,Corporate
31634,Karen Thomas,karen.thomas998@outlook.com,Analytics Dashboard,Payment Problem,The payment was deducted from my bank account but the transaction shows failed.,Payment gateway timeout issue fixed and monitoring implemented.,Low,Resolved,Phone,Australia,73,Other,Premium,37,5,5,48.01,164.47,2022-11-13,2022-11-23,Yes,No,Windows,Edge,Bank Transfer,German,Night,6,Individual
15083,Joseph Miller,joseph.miller434@yahoo.com,Cloud Storage,Payment Problem,The payment was deducted from my bank account but the transaction shows failed.,Security settings updated and customer notified of precautionary measures.,Low,Resolved,Email,Asia,52,Male,Basic,46,6,5,32.34,233.98,2022-09-22,2022-09-30,No,Yes,MacOS,Safari,Bank Transfer,Spanish,Afternoon,7,Corporate
146043,Thomas Martinez,thomas.martinez151@icloud.com,E-commerce Store,Payment Problem,My subscription was cancelled without my request and I need clarification.,Payment gateway timeout issue fixed and monitoring implemented.,Medium,Closed,Chat,North America,19,Female,Premium,25,10,1,64.92,121.89,2023-07-29,2023-08-05,Yes,No,Windows,Safari,PayPal,English,Night,10,Individual
134742,Linda Jones,linda.jones773@yahoo.com,API Service,Payment Problem,The application crashes whenever I try to upload a file.,Payment gateway timeout issue fixed and monitoring implemented.,Medium,Closed,Web Form,Europe,33,Other,Basic,11,8,2,39.53,132.62,2023-05-29,2023-06-01,Yes,Yes,Linux,,Debit Card,French,Evening,4,Small Business
198962,Patricia Lopez,patricia.lopez286@yahoo.com,CRM Platform,Payment Problem,I am experiencing very slow performance while using the dashboard.,Explained billing breakdown and clarified applicable charges.,Urgent,Resolved,Web Form,South America,23,Other,Free,42,16,3,68.84,203.22,2024-01-26,2024-01-28,Yes,Yes,Android,,Credit Card,French,Night,8,Small Business
78375,David Martin,david.martin744@company.com,E-commerce Store,Payment Problem,I found a bug in the latest update affecting report generation.,The issue was escalated to engineering and resolved in the latest patch.,High,Resolved,Phone,Africa,38,Other,Enterprise,58,19,1,11.55,194.66,2022-10-06,2022-10-17,No,No,Android,Edge,Credit Card,English,Evening,10,Small Business
35706,Jessica Hernandez,jessica.hernandez124@gmail.com,API Service,Payment Problem,My subscription was cancelled without my request and I need clarification.,Payment gateway timeout issue fixed and monitoring implemented.,Urgent,Resolved,Web Form,North America,22,Other,Enterprise,57,14,3,55.95,35.74,2022-05-24,2022-06-02,Yes,Yes,Linux,,Credit Card,English,Evening,3,Corporate
196080,James Martinez,james.martinez272@gmail.com,API Service,Payment Problem,My subscription was cancelled without my request and I need clarification.,We have reset the account credentials and advised the customer to retry login.,Medium,Closed,Email,Asia,39,Female,Enterprise,44,1,5,67.57,222.46,2023-05-09,2023-05-18,No,Yes,Linux,Chrome,Bank Transfer,German,Morning,4,Corporate
19410,Joseph Garcia,joseph.garcia809@icloud.com,Web Portal,Payment Problem,I found a bug in the latest update affecting report generation.,Payment gateway timeout issue fixed and monitoring implemented.,Medium,Closed,Chat,Europe,25,Female,Premium,12,20,3,67.77,144.81,2023-06-03,2023-06-09,No,Yes,MacOS,Firefox,Crypto,English,Night,7,Individual
5877,David Johnson,david.johnson707@icloud.com,Billing System,Payment Problem,I am unable to access my account after entering the correct credentials.,Explained billing breakdown and clarified applicable charges.,Medium,Resolved,Social Media,Asia,31,Male,Enterprise,59,16,4,25.04,185.92,2022-08-07,2022-08-20,Yes,No,iOS,,PayPal,Japanese,Evening,9,Corporate
195347,Thomas Thomas,thomas.thomas366@gmail.com,API Service,Payment Problem,The payment was deducted from my bank account but the transaction shows failed.,We have reset the account credentials and advised the customer to retry login.,Low,Resolved,Email,South America,69,Male,Premium,35,16,3,9.88,35.49,2024-11-01,2024-11-15,No,No,iOS,Edge,Debit Card,Spanish,Morning,4,Individual
44396,Linda Lopez,linda.lopez28@company.com,Cloud Storage,Payment Problem,I would like to request a refund for the recent charge.,Explained billing breakdown and clarified applicable charges.,Urgent,Closed,Chat,Australia,34,Other,Basic,5,0,3,43.66,134.75,2024-01-09,2024-01-18,No,Yes,iOS,Edge,Credit Card,Chinese,Night,6,Individual
11524,Karen Martinez,karen.martinez157@gmail.com,Analytics Dashboard,Payment Problem,My subscription was cancelled without my request and I need clarification.,Explained billing breakdown and clarified applicable charges.,Low,Closed,Chat,North America,57,Other,Premium,18,12,3,61.04,111.64,2022-10-07,2022-10-14,No,Yes,Android,Chrome,Crypto,Chinese,Evening,9,Corporate
43652,John Williams,john.williams220@yahoo.com,Billing System,Payment Problem,I am unable to access my account after entering the correct credentials.,We have reset the account credentials and advised the customer to retry login.,Low,Closed,Social Media,Europe,43,Other,Premium,59,10,5,36.8,75.33,2022-04-06,2022-04-12,Yes,No,Windows,Safari,Bank Transfer,Japanese,Evening,5,Individual
5979,Joseph Martin,joseph.martin715@yahoo.com,Payment Gateway,Payment Problem,The system is not syncing data across devices properly.,Bug logged internally and workaround shared with the customer.,Urgent,Resolved,Chat,Asia,18,Female,Premium,15,20,2,5.24,174.64,2022-03-28,2022-04-02,Yes,Yes,Android,Safari,Bank Transfer,German,Morning,4,Individual
107920,Sarah Anderson,sarah.anderson770@outlook.com,Subscription Service,Payment Problem,I am experiencing very slow performance while using the dashboard.,Explained billing breakdown and clarified applicable charges.,Urgent,Closed,Phone,Africa,21,Other,Basic,22,9,3,5.83,22.68,2024-12-04,2024-12-18,Yes,Yes,iOS,Chrome,Credit Card,Chinese,Morning,3,Individual
6372,Robert Gonzalez,robert.gonzalez135@yahoo.com,CRM Platform,Payment Problem,There seems to be a discrepancy in my billing statement for this month.,The duplicate charge was reversed and refund processed within 3-5 business days.,Low,Closed,Web Form,Europe,28,Female,Basic,34,5,1,47.45,205.53,2022-07-19,2022-07-20,No,Yes,Windows,Chrome,Crypto,Chinese,Afternoon,2,Small Business
135754,Sarah Moore,sarah.moore340@hotmail.com,Mobile App,Payment Problem,There seems to be a discrepancy in my billing statement for this month.,Subscription status corrected and confirmation email sent to customer.,Medium,Closed,Web Form,Europe,73,Male,Premium,1,18,4,58.02,184.66,2022-05-27,2022-06-10,No,No,Windows,Firefox,Bank Transfer,Japanese,Afternoon,6,Corporate
29523,Barbara Jackson,barbara.jackson961@gmail.com,E-commerce Store,Payment Problem,I am experiencing very slow performance while using the dashboard.,We have reset the account credentials and advised the customer to retry login.,High,Resolved,Phone,Australia,75,Female,Premium,35,7,2,8.78,188.31,2022-01-20,2022-01-28,No,Yes,Linux,Chrome,Debit Card,Japanese,Afternoon,9,Small Business
172729,Linda Martinez,linda.martinez227@icloud.com,API Service,Payment Problem,The application crashes whenever I try to upload a file.,We have reset the account credentials and advised the customer to retry login.,Medium,Resolved,Web Form,Asia,51,Male,Enterprise,51,20,3,30.35,128.66,2022-11-02,2022-11-15,Yes,No,Android,,Debit Card,French,Evening,5,Corporate
151757,John Miller,john.miller531@company.com,Cloud Storage,Payment Problem,There seems to be a discrepancy in my billing statement for this month.,Security settings updated and customer notified of precautionary measures.,Medium,Resolved,Phone,Asia,22,Other,Free,57,17,4,36.91,164.99,2023-11-12,2023-11-14,Yes,Yes,Windows,Safari,Credit Card,Chinese,Morning,3,Small Business
157165,Linda Jackson,linda.jackson61@company.com,Cloud Storage,Payment Problem,The payment was deducted from my bank account but the transaction shows failed.,Provided step-by-step troubleshooting instructions and issue resolved.,Urgent,Closed,Chat,Australia,50,Male,Free,10,0,5,21.22,91.66,2023-08-30,2023-09-05,Yes,Yes,Windows,Safari,Debit Card,Chinese,Morning,3,Small Business
176556,Elizabeth Gonzalez,elizabeth.gonzalez876@outlook.com,Web Portal,Payment Problem,The payment was deducted from my bank account but the transaction shows failed.,Provided step-by-step troubleshooting instructions and issue resolved.,Low,Closed,Chat,Africa,31,Male,Enterprise,13,17,2,7.46,12.24,2022-02-18,2022-03-03,No,No,Linux,,Crypto,French,Afternoon,5,Corporate
37865,Jennifer Hernandez,jennifer.hernandez515@gmail.com,E-commerce Store,Payment Problem,I would like to request a refund for the recent charge.,We have reset the account credentials and advised the customer to retry login.,Urgent,Resolved,Phone,Africa,23,Female,Premium,14,1,1,12.78,36.34,2024-07-30,2024-08-09,Yes,No,Windows,Chrome,Credit Card,Spanish,Evening,5,Individual
198870,Michael Taylor,michael.taylor512@icloud.com,API Service,Payment Problem,The payment was deducted from my bank account but the transaction shows failed.,Security settings updated and customer notified of precautionary measures.,Medium,Closed,Web Form,Asia,49,Female,Basic,51,16,4,11.91,11.8,2023-01-08,2023-01-10,No,No,iOS,Safari,Credit Card,English,Afternoon,4,Corporate
130536,James Garcia,james.garcia108@hotmail.com,Cloud Storage,Payment Problem,Two-factor authentication codes are not being delivered to my phone.,The duplicate charge was reversed and refund processed within 3-5 business days.,Urgent,Closed,Email,Australia,67,Female,Enterprise,18,4,3,12.96,60.81,2022-02-02,2022-02-15,No,Yes,MacOS,Firefox,Credit Card,German,Evening,5,Individual
159859,Elizabeth Gonzalez,elizabeth.gonzalez271@hotmail.com,Subscription Service,Payment Problem,Two-factor authentication codes are not being delivered to my phone.,Explained billing breakdown and clarified applicable charges.,High,Resolved,Email,Africa,23,Male,Basic,12,6,2,51.24,237.27,2024-06-18,2024-06-21,No,No,iOS,Chrome,Crypto,German,Evening,4,Individual
10922,Mary Brown,mary.brown357@hotmail.com,Subscription Service,Payment Problem,My subscription was cancelled without my request and I need clarification.,Subscription status corrected and confirmation email sent to customer.,Medium,Resolved,Email,South America,66,Female,Basic,52,1,5,14.41,1.92,2023-09-11,2023-09-17,Yes,No,Windows,Firefox,Crypto,Spanish,Morning,9,Individual
17624,Mary Williams,mary.williams114@outlook.com,Analytics Dashboard,Payment Problem,I found a bug in the latest update affecting report generation.,Data synchronization restored after backend service restart.,Medium,Closed,Chat,Australia,62,Other,Enterprise,47,0,4,27.93,234.19,2023-01-28,2023-01-31,No,No,Linux,Chrome,Crypto,Japanese,Night,5,Corporate
83159,Jessica Jones,jessica.jones329@company.com,CRM Platform,Payment Problem,I am unable to access my account after entering the correct credentials.,Security settings updated and customer notified of precautionary measures.,Medium,Resolved,Social Media,North America,56,Male,Premium,55,1,2,14.54,183.27,2023-03-10,2023-03-13,No,No,Android,Safari,Debit Card,English,Afternoon,5,Small Business
120399,Elizabeth Jones,elizabeth.jones797@yahoo.com,Billing System,Payment Problem,The application crashes whenever I try to upload a file.,Payment gateway timeout issue fixed and monitoring implemented.,Medium,Closed,Chat,Australia,63,Other,Free,7,5,1,66.65,1.79,2024-01-07,2024-01-21,Yes,Yes,MacOS,Edge,Bank Transfer,Japanese,Evening,1,Corporate
130535,William Anderson,william.anderson885@outlook.com,Subscription Service,Payment Problem,The payment was deducted from my bank account but the transaction shows failed.,Explained billing breakdown and clarified applicable charges.,Urgent,Closed,Phone,Australia,58,Female,Enterprise,48,16,4,13.5,148.5,2023-03-15,2023-03-24,Yes,No,Linux,Chrome,Crypto,Spanish,Night,2,Individual
27360,Jessica Jackson,jessica.jackson612@hotmail.com,Subscription Service,Payment Problem,There seems to be a discrepancy in my billing statement for this month.,Explained billing breakdown and clarified applicable charges.,High,Resolved,Web Form,South America,51,Other,Enterprise,7,3,3,10.98,42.53,2023-10-05,2023-10-09,Yes,Yes,Windows,Firefox,Crypto,Japanese,Night,3,Individual
121445,Jessica Williams,jessica.williams406@outlook.com,API Service,Payment Problem,The application crashes whenever I try to upload a file.,Payment gateway timeout issue fixed and monitoring implemented.,Urgent,Closed,Chat,Europe,57,Female,Free,55,7,1,32.72,109.38,2023-03-06,2023-03-18,No,Yes,Android,Chrome,Bank Transfer,Japanese,Night,10,Corporate
104188,Sarah Jackson,sarah.jackson705@gmail.com,Mobile App,Payment Problem,I am unable to access my account after entering the correct credentials.,The issue was escalated to engineering and resolved in the latest patch.,Low,Closed,Social Media,Europe,68,Other,Free,33,19,1,60.43,102.82,2022-11-30,2022-12-09,No,No,Android,Edge,Crypto,Japanese,Evening,8,Small Business
86354,James Rodriguez,james.rodriguez338@outlook.com,API Service,Payment Problem,My subscription was cancelled without my request and I need clarification.,Provided step-by-step troubleshooting instructions and issue resolved.,Urgent,Resolved,Email,Europe,71,Other,Premium,49,18,2,56.37,210.47,2023-01-29,2023-02-02,Yes,No,iOS,Safari,PayPal,Japanese,Afternoon,7,Corporate
41709,James Moore,james.moore791@yahoo.com,API Service,Payment Problem,I found a bug in the latest update affecting report generation.,Subscription status corrected and confirmation email sent to customer.,Medium,Resolved,Web Form,Australia,58,Female,Free,21,5,5,57.57,98.54,2023-08-03,2023-08-13,No,Yes,Windows,,PayPal,French,Afternoon,9,Individual
102207,John Taylor,john.taylor150@hotmail.com,E-commerce Store,Payment Problem,The system is not syncing data across devices properly.,The duplicate charge was reversed and refund processed within 3-5 business days.,Urgent,Resolved,Social Media,South America,44,Male,Enterprise,7,12,3,55.87,25.45,2024-10-27,2024-11-10,No,No,Android,,Bank Transfer,German,Evening,8,Small Business
176161,Mary Moore,mary.moore497@outlook.com,E-commerce Store,Payment Problem,I would like to request a refund for the recent charge.,Explained billing breakdown and clarified applicable charges.,High,Resolved,Phone,Africa,36,Male,Free,23,16,4,41.13,85.0,2024-08-12,2024-08-20,No,No,Android,Chrome,Bank Transfer,English,Morning,3,Small Business
19339,Sarah Hernandez,sarah.hernandez370@company.com,Cloud Storage,Payment Problem,I found a bug in the latest update affecting report generation.,Payment gateway timeout issue fixed and monitoring implemented.,Low,Resolved,Email,South America,19,Other,Basic,38,8,4,3.9,76.68,2022-12-11,2022-12-20,Yes,Yes,Linux,Edge,Bank Transfer,Spanish,Night,2,Small Business
13693,Jennifer Garcia,jennifer.garcia430@icloud.com,Mobile App,Payment Problem,My subscription was cancelled without my request and I need clarification.,Bug logged internally and workaround shared with the customer.,Medium,Closed,Social Media,South America,55,Male,Enterprise,48,15,1,51.75,73.32,2022-08-17,2022-08-23,No,Yes,Android,Chrome,Debit Card,Japanese,Evening,8,Corporate
76902,John Lopez,john.lopez919@yahoo.com,Cloud Storage,Payment Problem,The application crashes whenever I try to upload a file.,Provided step-by-step troubleshooting instructions and issue resolved.,Urgent,Resolved,Chat,Africa,50,Other,Basic,7,14,3,60.7,90.84,2024-10-04,2024-10-07,No,Yes,MacOS,Firefox,PayPal,Chinese,Night,5,Small Business
191179,Mary Davis,mary.davis289@icloud.com,Billing System,Payment Problem,My subscription was cancelled without my request and I need clarification.,Explained billing breakdown and clarified applicable charges.,Urgent,Closed,Social Media,Asia,40,Other,Free,19,14,3,68.57,227.49,2023-10-29,2023-11-06,Yes,No,iOS,Chrome,Credit Card,Spanish,Night,8,Individual
82150,Patricia Hernandez,patricia.hernandez305@gmail.com,Billing System,Payment Problem,The payment was deducted from my bank account but the transaction shows failed.,Subscription status corrected and confirmation email sent to customer.,Medium,Closed,Social Media,South America,38,Female,Basic,24,12,1,69.5,100.51,2022-05-06,2022-05-11,No,Yes,Android,Firefox,PayPal,Japanese,Morning,9,Individual
88654,James Miller,james.miller883@hotmail.com,Web Portal,Payment Problem,My subscription was cancelled without my request and I need clarification.,We have reset the account credentials and advised the customer to retry login.,Urgent,Closed,Web Form,Africa,62,Male,Basic,7,6,4,14.05,232.04,2023-01-31,2023-02-13,No,Yes,Android,Safari,Credit Card,German,Morning,7,Corporate
57688,Karen Rodriguez,karen.rodriguez557@outlook.com,Subscription Service,Payment Problem,I am experiencing very slow performance while using the dashboard.,The issue was escalated to engineering and resolved in the latest patch.,Medium,Resolved,Email,Asia,71,Female,Enterprise,55,0,4,63.97,10.83,2023-08-10,2023-08-10,No,No,Android,Safari,Crypto,German,Evening,2,Small Business
137662,Jennifer Jackson,jennifer.jackson651@company.com,Subscription Service,Payment Problem,The system is not syncing data across devices properly.,Bug logged internally and workaround shared with the customer.,Medium,Closed,Web Form,Australia,43,Female,Free,4,10,5,49.88,112.54,2023-08-11,2023-08-15,No,Yes,MacOS,Edge,Bank Transfer,German,Evening,10,Corporate
158016,Jennifer Taylor,jennifer.taylor598@outlook.com,API Service,Payment Problem,I would like to request a refund for the recent charge.,The duplicate charge was reversed and refund processed within 3-5 business days.,Medium,Resolved,Web Form,Europe,75,Male,Premium,4,16,4,36.28,10.99,2022-01-19,2022-01-29,Yes,Yes,iOS,Safari,PayPal,French,Afternoon,5,Small Business
83546,Jennifer Williams,jennifer.williams560@yahoo.com,Mobile App,Payment Problem,My subscription was cancelled without my request and I need clarification.,Data synchronization restored after backend service restart.,High,Resolved,Phone,Africa,57,Male,Enterprise,43,5,5,71.17,157.84,2023-12-19,2024-01-02,Yes,Yes,Android,Firefox,PayPal,German,Evening,10,Small Business
183817,Joseph Jackson,joseph.jackson947@yahoo.com,Analytics Dashboard,Payment Problem,I am unable to access my account after entering the correct credentials.,Subscription status corrected and confirmation email sent to customer.,High,Resolved,Web Form,Australia,20,Female,Enterprise,20,2,3,1.79,105.49,2024-02-08,2024-02-09,Yes,No,iOS,Firefox,PayPal,English,Night,7,Individual
2890,Michael Johnson,michael.johnson784@gmail.com,E-commerce Store,Payment Problem,The system is not syncing data across devices properly.,The issue was escalated to engineering and resolved in the latest patch.,Low,Resolved,Email,South America,51,Male,Free,31,19,4,64.69,66.33,2023-07-27,2023-07-28,No,No,Windows,Safari,Bank Transfer,French,Afternoon,1,Small Business
39547,Richard Jones,richard.jones151@outlook.com,Cloud Storage,Payment Problem,I would like to request a refund for the recent charge.,The duplicate charge was reversed and refund processed within 3-5 business days.,Medium,Closed,Web Form,Africa,71,Female,Basic,48,10,1,22.22,208.34,2022-05-31,2022-06-14,Yes,Yes,iOS,Firefox,PayPal,English,Evening,10,Individual
184390,Linda Brown,linda.brown521@company.com,CRM Platform,Payment Problem,I am experiencing very slow performance while using the dashboard.,Security settings updated and customer notified of precautionary measures.,Low,Resolved,Chat,Asia,41,Male,Premium,54,2,1,0.74,235.93,2022-04-17,2022-04-30,No,No,Windows,Edge,Bank Transfer,Japanese,Night,9,Small Business
138818,Joseph Lopez,joseph.lopez256@icloud.com,Subscription Service,Payment Problem,The system is not syncing data across devices properly.,The issue was escalated to engineering and resolved in the latest patch.,Medium,Closed,Chat,Asia,21,Female,Free,16,9,5,1.39,118.94,2022-12-19,2022-12-26,No,No,Android,Chrome,Debit Card,English,Night,8,Small Business
48262,David Gonzalez,david.gonzalez743@yahoo.com,Mobile App,Payment Problem,The system is not syncing data across devices properly.,Data synchronization restored after backend service restart.,Medium,Resolved,Web Form,Australia,56,Other,Premium,13,13,3,24.62,35.38,2022-09-06,2022-09-08,Yes,No,MacOS,,PayPal,English,Night,7,Corporate
194089,Linda Miller,linda.miller621@hotmail.com,Mobile App,Performance Issue,There seems to be a discrepancy in my billing statement for this month.,Data synchronization restored after backend service restart.,High,Closed,Phone,Australia,70,Other,Premium,30,12,4,6.97,81.17,2023-07-14,2023-07-22,No,Yes,Linux,,Bank Transfer,French,Evening,4,Small Business
137355,Elizabeth Davis,elizabeth.davis965@company.com,Cloud Storage,Performance Issue,The payment was deducted from my bank account but the transaction shows failed.,Subscription status corrected and confirmation email sent to customer.,High,Resolved,Phone,Europe,20,Other,Enterprise,58,16,1,4.09,2.38,2023-01-04,2023-01-11,No,Yes,iOS,Edge,Credit Card,Japanese,Morning,4,Corporate
120655,John Anderson,john.anderson761@hotmail.com,Mobile App,Performance Issue,I am experiencing very slow performance while using the dashboard.,Subscription status corrected and confirmation email sent to customer.,High,Closed,Email,North America,72,Male,Premium,7,18,3,48.51,198.33,2022-10-01,2022-10-05,No,No,MacOS,Edge,PayPal,Spanish,Evening,6,Individual
99203,Michael Lopez,michael.lopez543@outlook.com,Payment Gateway,Performance Issue,I am unable to access my account after entering the correct credentials.,The duplicate charge was reversed and refund processed within 3-5 business days.,Low,Closed,Email,North America,26,Female,Enterprise,16,2,1,45.48,144.5,2023-04-12,2023-04-21,No,No,Windows,Firefox,Bank Transfer,Japanese,Afternoon,4,Small Business
185474,Karen Gonzalez,karen.gonzalez520@gmail.com,Analytics Dashboard,Performance Issue,My subscription was cancelled without my request and I need clarification.,Payment gateway timeout issue fixed and monitoring implemented.,Low,Closed,Web Form,North America,58,Other,Basic,40,10,2,52.14,178.41,2023-01-24,2023-02-07,No,No,MacOS,Safari,Crypto,French,Afternoon,9,Small Business
167445,Joseph Anderson,joseph.anderson461@gmail.com,Subscription Service,Performance Issue,The payment was deducted from my bank account but the transaction shows failed.,Data synchronization restored after backend service restart.,High,Closed,Email,South America,47,Female,Premium,17,19,3,9.8,34.44,2023-04-08,2023-04-13,Yes,No,Linux,,PayPal,French,Evening,9,Individual
146280,Jennifer Williams,jennifer.williams904@yahoo.com,API Service,Performance Issue,There seems to be a discrepancy in my billing statement for this month.,The issue was escalated to engineering and resolved in the latest patch.,Medium,Resolved,Web Form,Europe,25,Male,Premium,47,18,5,12.61,80.56,2024-02-27,2024-02-29,Yes,Yes,Android,Firefox,Bank Transfer,Spanish,Evening,4,Individual
50423,Karen Smith,karen.smith497@outlook.com,Billing System,Performance Issue,Two-factor authentication codes are not being delivered to my phone.,Provided step-by-step troubleshooting instructions and issue resolved.,Low,Closed,Phone,Africa,68,Male,Basic,35,1,1,30.41,48.15,2023-11-12,2023-11-23,Yes,Yes,iOS,,Debit Card,English,Morning,5,Corporate
138906,Susan Jones,susan.jones325@hotmail.com,CRM Platform,Performance Issue,I found a bug in the latest update affecting report generation.,Data synchronization restored after backend service restart.,Low,Resolved,Web Form,Africa,35,Other,Free,37,3,3,31.85,195.02,2023-09-01,2023-09-09,No,Yes,Android,,Crypto,Japanese,Afternoon,7,Small Business
60925,Thomas Jones,thomas.jones437@outlook.com,Billing System,Performance Issue,The system is not syncing data across devices properly.,Explained billing breakdown and clarified applicable charges.,High,Resolved,Chat,Australia,44,Female,Premium,5,13,1,8.82,78.17,2024-10-26,2024-11-01,No,No,MacOS,,PayPal,Japanese,Afternoon,2,Small Business
196914,Barbara Martinez,barbara.martinez126@gmail.com,Cloud Storage,Performance Issue,I am unable to access my account after entering the correct credentials.,Provided step-by-step troubleshooting instructions and issue resolved.,Urgent,Resolved,Email,North America,42,Male,Free,42,6,5,3.47,192.95,2023-03-04,2023-03-14,Yes,No,iOS,Chrome,Credit Card,English,Morning,3,Individual
33561,Mary Martinez,mary.martinez823@gmail.com,Billing System,Performance Issue,The payment was deducted from my bank account but the transaction shows failed.,Payment gateway timeout issue fixed and monitoring implemented.,Low,Closed,Email,Europe,52,Male,Basic,34,10,5,34.33,170.59,2024-11-28,2024-11-28,No,No,MacOS,Safari,PayPal,English,Afternoon,2,Individual
160575,Charles Wilson,charles.wilson740@hotmail.com,Cloud Storage,Performance Issue,I am experiencing very slow performance while using the dashboard.,Payment gateway timeout issue fixed and monitoring implemented.,Medium,Resolved,Web Form,North America,58,Other,Enterprise,49,17,3,56.47,170.27,2024-09-20,2024-09-26,Yes,No,iOS,Edge,Bank Transfer,Chinese,Evening,9,Corporate
193860,Richard Wilson,richard.wilson870@gmail.com,Payment Gateway,Performance Issue,I am experiencing very slow performance while using the dashboard.,Bug logged internally and workaround shared with the customer.,Low,Resolved,Web Form,Australia,34,Other,Basic,21,3,5,38.67,202.05,2024-08-02,2024-08-06,No,Yes,iOS,,Credit Card,Chinese,Night,3,Corporate
91465,Charles Garcia,charles.garcia257@outlook.com,Cloud Storage,Performance Issue,I found a bug in the latest update affecting report generation.,Payment gateway timeout issue fixed and monitoring implemented.,Urgent,Closed,Chat,Europe,30,Male,Basic,18,13,3,47.82,225.25,2022-01-17,2022-01-25,No,No,Windows,Firefox,Credit Card,French,Afternoon,7,Corporate
5802,Joseph Johnson,joseph.johnson666@gmail.com,Payment Gateway,Performance Issue,The payment was deducted from my bank account but the transaction shows failed.,Security settings updated and customer notified of precautionary measures.,Urgent,Resolved,Chat,South America,58,Male,Enterprise,40,5,2,66.25,47.8,2023-10-21,2023-10-26,No,No,Linux,Safari,PayPal,Japanese,Afternoon,4,Individual
104753,Linda Wilson,linda.wilson29@icloud.com,Cloud Storage,Performance Issue,There seems to be a discrepancy in my billing statement for this month.,Provided step-by-step troubleshooting instructions and issue resolved.,Medium,Closed,Phone,Europe,42,Other,Premium,52,16,1,66.2,216.72,2024-07-28,2024-08-11,Yes,No,iOS,Chrome,Credit Card,French,Night,4,Individual
92684,Michael Moore,michael.moore617@yahoo.com,E-commerce Store,Performance Issue,The application crashes whenever I try to upload a file.,The duplicate charge was reversed and refund processed within 3-5 business days.,Urgent,Closed,Social Media,Asia,69,Female,Premium,52,5,3,27.15,184.12,2022-10-13,2022-10-15,No,No,iOS,Edge,Crypto,Japanese,Night,7,Corporate
72745,Sarah Johnson,sarah.johnson172@company.com,API Service,Performance Issue,There seems to be a discrepancy in my billing statement for this month.,Subscription status corrected and confirmation email sent to customer.,High,Resolved,Phone,Europe,35,Female,Free,45,11,1,65.51,210.99,2022-02-06,2022-02-18,Yes,No,Windows,Edge,PayPal,Chinese,Night,8,Small Business
167705,Barbara Wilson,barbara.wilson790@company.com,Web Portal,Performance Issue,I found a bug in the latest update affecting report generation.,Provided step-by-step troubleshooting instructions and issue resolved.,Medium,Resolved,Chat,North America,52,Other,Premium,19,16,2,5.82,109.2,2022-08-28,2022-08-30,No,Yes,Android,Chrome,PayPal,English,Morning,2,Individual
196834,Linda Davis,linda.davis166@icloud.com,Subscription Service,Performance Issue,The payment was deducted from my bank account but the transaction shows failed.,We have reset the account credentials and advised the customer to retry login.,Urgent,Closed,Web Form,Africa,67,Other,Enterprise,36,12,2,1.36,131.3,2024-12-30,2025-01-10,Yes,Yes,iOS,Edge,PayPal,French,Evening,8,Small Business
194408,John Martin,john.martin261@company.com,Mobile App,Performance Issue,My subscription was cancelled without my request and I need clarification.,Security settings updated and customer notified of precautionary measures.,High,Closed,Phone,Asia,38,Other,Premium,20,10,3,23.29,151.86,2024-12-05,2024-12-17,Yes,No,Android,Edge,Crypto,German,Night,3,Small Business
71576,Karen Williams,karen.williams648@outlook.com,CRM Platform,Performance Issue,The application crashes whenever I try to upload a file.,Bug logged internally and workaround shared with the customer.,Urgent,Resolved,Phone,Asia,49,Male,Basic,29,4,2,50.25,183.96,2023-07-03,2023-07-09,No,Yes,Windows,Safari,Credit Card,French,Morning,6,Individual
51039,Joseph Lopez,joseph.lopez466@company.com,E-commerce Store,Performance Issue,I am unable to access my account after entering the correct credentials.,Subscription status corrected and confirmation email sent to customer.,Medium,Closed,Phone,Asia,29,Male,Free,53,8,3,61.75,218.3,2024-08-07,2024-08-12,Yes,Yes,MacOS,Edge,PayPal,Japanese,Evening,2,Corporate
52672,Jessica Davis,jessica.davis550@outlook.com,Cloud Storage,Performance Issue,Two-factor authentication codes are not being delivered to my phone.,Data synchronization restored after backend service restart.,High,Resolved,Chat,South America,64,Female,Premium,4,16,5,35.93,174.74,2023-11-26,2023-12-01,Yes,No,Android,Safari,PayPal,English,Evening,1,Corporate
97185,Barbara Wilson,barbara.wilson116@company.com,API Service,Performance Issue,I would like to request a refund for the recent charge.,We have reset the account credentials and advised the customer to retry login.,Low,Closed,Chat,Australia,62,Female,Premium,36,16,1,33.64,184.63,2024-12-11,2024-12-13,Yes,Yes,MacOS,,PayPal,Japanese,Morning,10,Corporate
8820,Patricia Anderson,patricia.anderson841@gmail.com,Subscription Service,Performance Issue,There seems to be a discrepancy in my billing statement for this month.,Data synchronization restored after backend service restart.,Medium,Closed,Social Media,Africa,43,Other,Free,19,15,1,33.75,152.33,2022-12-23,2022-12-31,No,No,Windows,Edge,Bank Transfer,Japanese,Night,4,Corporate
101773,Susan Jones,susan.jones738@hotmail.com,E-commerce Store,Performance Issue,The application crashes whenever I try to upload a file.,Explained billing breakdown and clarified applicable charges.,Low,Resolved,Phone,Europe,63,Male,Premium,21,3,4,62.72,44.55,2024-07-13,2024-07-27,Yes,Yes,iOS,Chrome,PayPal,Japanese,Evening,9,Small Business
162960,Thomas Miller,thomas.miller627@yahoo.com,API Service,Performance Issue,The application crashes whenever I try to upload a file.,Data synchronization restored after backend service restart.,Medium,Resolved,Social Media,Europe,21,Male,Enterprise,56,8,5,11.45,218.77,2024-08-15,2024-08-22,Yes,Yes,Windows,,Bank Transfer,Japanese,Morning,4,Small Business
69720,Jessica Anderson,jessica.anderson203@yahoo.com,Cloud Storage,Performance Issue,Two-factor authentication codes are not being delivered to my phone.,We have reset the account credentials and advised the customer to retry login.,High,Closed,Email,North America,24,Male,Premium,12,0,2,32.33,179.0,2024-12-09,2024-12-17,No,No,iOS,Safari,Debit Card,Spanish,Morning,5,Corporate
81039,Susan Moore,susan.moore344@outlook.com,Subscription Service,Performance Issue,The system is not syncing data across devices properly.,Provided step-by-step troubleshooting instructions and issue resolved.,Medium,Resolved,Social Media,South America,39,Other,Free,12,6,2,26.17,118.41,2024-11-28,2024-12-03,Yes,Yes,Windows,Edge,Credit Card,French,Night,1,Individual
171123,John Jones,john.jones948@gmail.com,E-commerce Store,Performance Issue,I am experiencing very slow performance while using the dashboard.,Security settings updated and customer notified of precautionary measures.,Medium,Resolved,Phone,Asia,58,Male,Premium,40,10,5,65.35,173.24,2022-06-10,2022-06-21,No,No,Windows,Firefox,Bank Transfer,Japanese,Morning,8,Small Business
41798,Jennifer Martin,jennifer.martin341@company.com,Analytics Dashboard,Performance Issue,I found a bug in the latest update affecting report generation.,Payment gateway timeout issue fixed and monitoring implemented.,Medium,Resolved,Phone,South America,37,Female,Premium,59,10,5,63.37,166.76,2022-06-13,2022-06-22,Yes,No,Android,Firefox,Bank Transfer,French,Morning,4,Small Business
53455,James Wilson,james.wilson400@hotmail.com,CRM Platform,Performance Issue,I would like to request a refund for the recent charge.,The duplicate charge was reversed and refund processed within 3-5 business days.,High,Closed,Web Form,Europe,64,Female,Free,34,8,5,35.16,145.78,2022-11-17,2022-11-22,No,No,MacOS,Safari,Bank Transfer,Spanish,Morning,7,Corporate
86064,Jennifer Williams,jennifer.williams19@yahoo.com,CRM Platform,Performance Issue,The application crashes whenever I try to upload a file.,The duplicate charge was reversed and refund processed within 3-5 business days.,Medium,Resolved,Web Form,Asia,19,Female,Premium,48,3,2,38.27,171.31,2023-11-15,2023-11-25,Yes,Yes,Windows,Safari,PayPal,English,Morning,2,Small Business
117995,Mary Gonzalez,mary.gonzalez546@yahoo.com,Payment Gateway,Performance Issue,My subscription was cancelled without my request and I need clarification.,Data synchronization restored after backend service restart.,Medium,Closed,Chat,North America,21,Male,Basic,9,0,4,15.83,20.95,2023-12-16,2023-12-30,Yes,No,Android,Firefox,Bank Transfer,German,Afternoon,8,Individual
103804,John Brown,john.brown636@gmail.com,E-commerce Store,Performance Issue,My subscription was cancelled without my request and I need clarification.,Explained billing breakdown and clarified applicable charges.,Urgent,Resolved,Phone,Australia,68,Female,Enterprise,3,15,5,39.94,185.89,2023-06-08,2023-06-08,No,No,Windows,Firefox,PayPal,Spanish,Afternoon,9,Individual
181085,William Davis,william.davis104@yahoo.com,Cloud Storage,Performance Issue,My subscription was cancelled without my request and I need clarification.,Bug logged internally and workaround shared with the customer.,High,Closed,Web Form,Africa,61,Female,Premium,41,17,3,51.14,53.43,2022-07-13,2022-07-27,No,Yes,MacOS,Safari,Bank Transfer,French,Evening,7,Individual
14409,Jennifer Thomas,jennifer.thomas366@company.com,Payment Gateway,Performance Issue,Two-factor authentication codes are not being delivered to my phone.,Data synchronization restored after backend service restart.,Urgent,Resolved,Social Media,North America,65,Male,Basic,32,2,3,50.84,182.23,2022-11-23,2022-12-02,Yes,Yes,Android,Safari,Crypto,Japanese,Afternoon,5,Corporate
177819,John Lopez,john.lopez61@icloud.com,E-commerce Store,Performance Issue,I would like to request a refund for the recent charge.,We have reset the account credentials and advised the customer to retry login.,Medium,Resolved,Social Media,North America,21,Female,Enterprise,26,6,3,23.97,231.77,2023-11-21,2023-11-24,Yes,No,iOS,,Bank Transfer,Chinese,Morning,1,Corporate
86334,Karen Smith,karen.smith775@gmail.com,Payment Gateway,Performance Issue,The payment was deducted from my bank account but the transaction shows failed.,Explained billing breakdown and clarified applicable charges.,Medium,Resolved,Web Form,Africa,19,Male,Basic,50,2,5,10.89,60.13,2022-09-25,2022-10-07,No,Yes,Android,Chrome,Crypto,Spanish,Evening,1,Corporate
44719,Patricia Jones,patricia.jones105@gmail.com,CRM Platform,Performance Issue,There seems to be a discrepancy in my billing statement for this month.,The issue was escalated to engineering and resolved in the latest patch.,Low,Resolved,Web Form,Asia,50,Other,Basic,38,5,2,19.63,80.84,2022-03-05,2022-03-14,No,No,iOS,,Crypto,Spanish,Morning,4,Individual
100338,Karen Miller,karen.miller519@outlook.com,Analytics Dashboard,Performance Issue,There seems to be a discrepancy in my billing statement for this month.,The issue was escalated to engineering and resolved in the latest patch.,Medium,Resolved,Social Media,Australia,45,Other,Free,19,15,2,58.88,83.48,2023-12-15,2023-12-18,Yes,Yes,MacOS,Edge,Bank Transfer,French,Evening,10,Corporate
65971,Thomas Thomas,thomas.thomas937@icloud.com,API Service,Performance Issue,I would like to request a refund for the recent charge.,Data synchronization restored after backend service restart.,Medium,Resolved,Email,North America,30,Female,Basic,17,14,3,31.61,226.46,2023-04-03,2023-04-16,Yes,Yes,Android,Chrome,Bank Transfer,French,Morning,1,Corporate
191439,Michael Gonzalez,michael.gonzalez46@gmail.com,Billing System,Performance Issue,My subscription was cancelled without my request and I need clarification.,Explained billing breakdown and clarified applicable charges.,Urgent,Resolved,Social Media,Africa,42,Other,Free,40,2,4,35.29,65.62,2022-01-09,2022-01-21,Yes,No,Android,Chrome,PayPal,English,Evening,4,Corporate
13256,Patricia Williams,patricia.williams208@hotmail.com,Analytics Dashboard,Performance Issue,Two-factor authentication codes are not being delivered to my phone.,Provided step-by-step troubleshooting instructions and issue resolved.,Low,Closed,Email,South America,59,Other,Free,34,9,2,1.88,157.33,2023-08-01,2023-08-05,Yes,No,MacOS,Edge,Credit Card,German,Morning,8,Corporate
70147,Jessica Taylor,jessica.taylor530@hotmail.com,Web Portal,Performance Issue,The payment was deducted from my bank account but the transaction shows failed.,The issue was escalated to engineering and resolved in the latest patch.,High,Resolved,Web Form,Africa,47,Female,Free,31,6,3,29.69,204.28,2024-05-14,2024-05-23,Yes,No,Android,,Debit Card,German,Afternoon,9,Individual
94935,Linda Wilson,linda.wilson87@yahoo.com,Cloud Storage,Performance Issue,I am experiencing very slow performance while using the dashboard.,Provided step-by-step troubleshooting instructions and issue resolved.,High,Resolved,Chat,Australia,25,Male,Premium,9,3,1,69.24,188.59,2024-03-18,2024-03-31,Yes,Yes,Windows,,Credit Card,English,Evening,3,Small Business
64130,Jennifer Brown,jennifer.brown542@gmail.com,E-commerce Store,Performance Issue,I would like to request a refund for the recent charge.,The issue was escalated to engineering and resolved in the latest patch.,High,Resolved,Social Media,Europe,30,Other,Enterprise,2,9,3,21.19,76.59,2024-08-14,2024-08-26,No,No,Linux,Chrome,Debit Card,Japanese,Night,7,Small Business
16910,Thomas Gonzalez,thomas.gonzalez140@icloud.com,Billing System,Performance Issue,I am experiencing very slow performance while using the dashboard.,Data synchronization restored after backend service restart.,Urgent,Resolved,Phone,North America,23,Other,Basic,24,5,3,14.97,35.87,2023-04-09,2023-04-18,Yes,No,iOS,Edge,Credit Card,French,Morning,6,Corporate
178004,Susan Hernandez,susan.hernandez396@company.com,Web Portal,Performance Issue,I found a bug in the latest update affecting report generation.,The issue was escalated to engineering and resolved in the latest patch.,Low,Resolved,Web Form,South America,66,Female,Basic,13,13,2,61.39,138.38,2022-09-13,2022-09-27,No,Yes,Android,Chrome,Crypto,Spanish,Afternoon,7,Small Business
19575,Robert Jackson,robert.jackson938@outlook.com,Mobile App,Performance Issue,I would like to request a refund for the recent charge.,Bug logged internally and workaround shared with the customer.,Urgent,Resolved,Email,North America,71,Other,Free,28,14,3,28.55,229.07,2023-10-09,2023-10-10,Yes,Yes,Linux,Safari,PayPal,French,Morning,8,Small Business
39990,James Lopez,james.lopez651@outlook.com,E-commerce Store,Performance Issue,The system is not syncing data across devices properly.,Explained billing breakdown and clarified applicable charges.,Low,Resolved,Social Media,Australia,29,Other,Free,14,14,4,26.85,74.94,2024-03-16,2024-03-19,Yes,No,Android,Edge,Credit Card,English,Morning,2,Corporate
32365,Thomas Anderson,thomas.anderson398@hotmail.com,E-commerce Store,Performance Issue,The application crashes whenever I try to upload a file.,The issue was escalated to engineering and resolved in the latest patch.,High,Resolved,Phone,South America,40,Male,Free,47,19,2,37.8,50.49,2023-03-04,2023-03-18,No,No,Windows,Edge,Crypto,Spanish,Evening,5,Small Business
113810,Barbara Jackson,barbara.jackson667@gmail.com,Web Portal,Performance Issue,The system is not syncing data across devices properly.,Bug logged internally and workaround shared with the customer.,High,Closed,Phone,North America,24,Female,Enterprise,26,3,1,16.2,154.43,2022-02-11,2022-02-18,Yes,Yes,Windows,Edge,Bank Transfer,Chinese,Night,3,Corporate
65826,Jessica Jones,jessica.jones820@hotmail.com,Analytics Dashboard,Performance Issue,There seems to be a discrepancy in my billing statement for this month.,Security settings updated and customer notified of precautionary measures.,High,Closed,Email,Asia,66,Female,Enterprise,31,16,5,35.38,20.12,2022-06-21,2022-07-04,Yes,Yes,iOS,Safari,Credit Card,Japanese,Evening,4,Small Business
66176,Susan Moore,susan.moore523@company.com,E-commerce Store,Performance Issue,I am experiencing very slow performance while using the dashboard.,Payment gateway timeout issue fixed and monitoring implemented.,Urgent,Resolved,Email,Australia,59,Female,Free,56,5,5,42.2,177.17,2023-05-07,2023-05-15,No,No,Windows,Chrome,Debit Card,German,Evening,4,Small Business
67263,Jennifer Jackson,jennifer.jackson165@gmail.com,Cloud Storage,Performance Issue,I am experiencing very slow performance while using the dashboard.,The duplicate charge was reversed and refund processed within 3-5 business days.,Low,Resolved,Social Media,Africa,18,Male,Free,33,3,5,7.35,153.78,2024-06-05,2024-06-08,Yes,No,MacOS,Chrome,Debit Card,Japanese,Morning,5,Corporate
166478,Susan Brown,susan.brown914@yahoo.com,Payment Gateway,Performance Issue,I found a bug in the latest update affecting report generation.,We have reset the account credentials and advised the customer to retry login.,Urgent,Resolved,Phone,Asia,57,Female,Free,9,7,2,19.28,75.68,2024-11-26,2024-11-28,Yes,No,Windows,Edge,Crypto,English,Night,3,Corporate
132478,Susan Moore,susan.moore79@outlook.com,API Service,Performance Issue,I found a bug in the latest update affecting report generation.,Security settings updated and customer notified of precautionary measures.,Medium,Closed,Social Media,South America,56,Male,Basic,11,19,4,32.93,199.12,2023-08-06,2023-08-13,Yes,No,Windows,Chrome,Bank Transfer,Japanese,Afternoon,2,Small Business
138337,Linda Martin,linda.martin555@outlook.com,Billing System,Performance Issue,The application crashes whenever I try to upload a file.,Security settings updated and customer notified of precautionary measures.,Low,Closed,Web Form,South America,32,Female,Enterprise,4,17,5,15.92,68.56,2024-05-11,2024-05-23,No,No,Android,,Crypto,Spanish,Night,5,Small Business
57704,Michael Hernandez,michael.hernandez891@yahoo.com,Payment Gateway,Performance Issue,There seems to be a discrepancy in my billing statement for this month.,The issue was escalated to engineering and resolved in the latest patch.,High,Closed,Social Media,Africa,72,Other,Basic,50,4,5,12.03,54.36,2024-10-29,2024-11-10,Yes,Yes,Windows,Chrome,Credit Card,French,Morning,2,Individual
33026,Joseph Lopez,joseph.lopez450@company.com,API Service,Performance Issue,The payment was deducted from my bank account but the transaction shows failed.,Data synchronization restored after backend service restart.,Urgent,Resolved,Social Media,Australia,19,Male,Free,56,16,3,27.09,195.12,2022-12-15,2022-12-25,No,No,iOS,Firefox,Bank Transfer,Chinese,Morning,10,Individual
123958,Elizabeth Lopez,elizabeth.lopez999@outlook.com,Billing System,Performance Issue,The system is not syncing data across devices properly.,The issue was escalated to engineering and resolved in the latest patch.,Urgent,Closed,Web Form,Australia,49,Other,Free,30,17,3,40.79,1.75,2024-01-09,2024-01-20,No,Yes,MacOS,Chrome,Bank Transfer,French,Night,4,Individual
193874,John Taylor,john.taylor196@outlook.com,Billing System,Performance Issue,The payment was deducted from my bank account but the transaction shows failed.,Provided step-by-step troubleshooting instructions and issue resolved.,Low,Resolved,Web Form,Africa,22,Female,Enterprise,7,11,5,51.49,38.68,2023-01-01,2023-01-01,No,Yes,Linux,Chrome,Credit Card,Chinese,Afternoon,10,Small Business
192978,John Thomas,john.thomas407@icloud.com,CRM Platform,Performance Issue,I am experiencing very slow performance while using the dashboard.,Data synchronization restored after backend service restart.,Medium,Closed,Chat,Australia,45,Female,Premium,36,3,2,67.67,21.17,2024-05-16,2024-05-22,Yes,No,iOS,Safari,Crypto,Japanese,Night,9,Small Business
110219,Charles Thomas,charles.thomas533@gmail.com,Payment Gateway,Performance Issue,My subscription was cancelled without my request and I need clarification.,Bug logged internally and workaround shared with the customer.,High,Closed,Social Media,Asia,62,Other,Premium,50,2,1,41.98,1.65,2023-11-24,2023-12-03,No,Yes,Windows,Firefox,Debit Card,Chinese,Evening,5,Small Business
87789,Michael Lopez,michael.lopez171@icloud.com,E-commerce Store,Performance Issue,The system is not syncing data across devices properly.,Payment gateway timeout issue fixed and monitoring implemented.,Low,Closed,Email,Australia,56,Other,Premium,43,3,1,50.3,115.78,2022-10-17,2022-10-20,Yes,No,Android,Edge,Debit Card,Japanese,Night,9,Individual
192476,Richard Martin,richard.martin874@hotmail.com,Cloud Storage,Performance Issue,Two-factor authentication codes are not being delivered to my phone.,Payment gateway timeout issue fixed and monitoring implemented.,Urgent,Closed,Web Form,Africa,46,Other,Enterprise,25,19,3,10.73,25.2,2022-11-04,2022-11-14,Yes,No,Linux,Edge,PayPal,German,Night,2,Corporate
22056,William Johnson,william.johnson283@outlook.com,Web Portal,Performance Issue,I found a bug in the latest update affecting report generation.,The duplicate charge was reversed and refund processed within 3-5 business days.,High,Resolved,Phone,Africa,73,Female,Basic,13,4,1,40.11,65.58,2023-04-08,2023-04-16,No,Yes,iOS,Edge,Bank Transfer,German,Morning,3,Individual
59904,Joseph Miller,joseph.miller385@outlook.com,API Service,Performance Issue,I am unable to access my account after entering the correct credentials.,Provided step-by-step troubleshooting instructions and issue resolved.,Low,Resolved,Email,North America,57,Male,Free,47,19,5,67.06,20.48,2022-11-06,2022-11-18,Yes,Yes,Linux,Safari,Credit Card,German,Afternoon,1,Corporate
59407,James Taylor,james.taylor897@yahoo.com,E-commerce Store,Performance Issue,The application crashes whenever I try to upload a file.,Explained billing breakdown and clarified applicable charges.,High,Resolved,Web Form,Asia,38,Other,Premium,37,18,4,65.45,183.75,2024-03-15,2024-03-27,No,No,Windows,Chrome,Bank Transfer,Chinese,Night,4,Small Business
185131,Joseph Jackson,joseph.jackson578@company.com,CRM Platform,Performance Issue,The system is not syncing data across devices properly.,Data synchronization restored after backend service restart.,Low,Resolved,Web Form,North America,35,Other,Premium,46,18,5,10.3,31.6,2023-10-28,2023-11-08,Yes,Yes,Android,Safari,Bank Transfer,Chinese,Night,8,Individual
126457,Charles Garcia,charles.garcia389@gmail.com,Payment Gateway,Performance Issue,I am experiencing very slow performance while using the dashboard.,Explained billing breakdown and clarified applicable charges.,Urgent,Resolved,Web Form,Asia,66,Female,Enterprise,50,10,5,15.46,189.07,2022-05-21,2022-05-21,No,Yes,Linux,Safari,Credit Card,Japanese,Evening,9,Corporate
183279,Patricia Taylor,patricia.taylor662@company.com,Mobile App,Performance Issue,My subscription was cancelled without my request and I need clarification.,The issue was escalated to engineering and resolved in the latest patch.,Urgent,Closed,Phone,North America,75,Female,Basic,33,4,3,57.44,225.75,2022-07-13,2022-07-13,Yes,Yes,iOS,,Debit Card,German,Morning,10,Corporate
138420,James Jackson,james.jackson404@icloud.com,E-commerce Store,Performance Issue,The application crashes whenever I try to upload a file.,Subscription status corrected and confirmation email sent to customer.,Urgent,Closed,Chat,Africa,66,Male,Premium,28,5,2,61.82,174.82,2023-02-21,2023-02-22,No,Yes,MacOS,Edge,PayPal,English,Evening,5,Corporate
168231,Charles Johnson,charles.johnson793@outlook.com,Subscription Service,Performance Issue,The application crashes whenever I try to upload a file.,We have reset the account credentials and advised the customer to retry login.,Low,Resolved,Phone,Asia,58,Male,Enterprise,56,10,5,31.65,34.0,2023-01-30,2023-02-06,No,Yes,iOS,Safari,Bank Transfer,French,Morning,9,Small Business
194179,James Gonzalez,james.gonzalez304@outlook.com,CRM Platform,Performance Issue,My subscription was cancelled without my request and I need clarification.,Payment gateway timeout issue fixed and monitoring implemented.,High,Resolved,Phone,Europe,58,Other,Enterprise,18,17,4,62.97,213.03,2023-06-12,2023-06-20,Yes,Yes,Linux,Chrome,Credit Card,German,Evening,3,Corporate
196864,Michael Moore,michael.moore276@icloud.com,Web Portal,Performance Issue,I am experiencing very slow performance while using the dashboard.,Payment gateway timeout issue fixed and monitoring implemented.,Medium,Closed,Email,Australia,31,Female,Free,13,13,3,13.01,92.34,2022-05-20,2022-05-24,No,Yes,MacOS,Safari,PayPal,German,Night,1,Small Business
480,Elizabeth Gonzalez,elizabeth.gonzalez641@outlook.com,CRM Platform,Performance Issue,I am unable to access my account after entering the correct credentials.,We have reset the account credentials and advised the customer to retry login.,Low,Resolved,Email,Africa,73,Male,Enterprise,3,17,4,55.02,173.68,2023-06-28,2023-07-07,Yes,Yes,Windows,Chrome,PayPal,Spanish,Morning,7,Individual
42955,Robert Miller,robert.miller403@yahoo.com,Web Portal,Performance Issue,Two-factor authentication codes are not being delivered to my phone.,Explained billing breakdown and clarified applicable charges.,Medium,Resolved,Chat,Asia,25,Other,Free,39,7,2,45.19,87.2,2022-04-27,2022-05-02,Yes,Yes,MacOS,Edge,Crypto,English,Evening,4,Corporate
73070,Karen Lopez,karen.lopez219@gmail.com,Cloud Storage,Performance Issue,I found a bug in the latest update affecting report generation.,Explained billing breakdown and clarified applicable charges.,High,Resolved,Chat,Europe,59,Female,Premium,11,2,3,10.58,13.02,2024-11-03,2024-11-03,No,Yes,Windows,Firefox,PayPal,German,Morning,5,Individual
117532,Joseph Brown,joseph.brown716@icloud.com,Mobile App,Performance Issue,My subscription was cancelled without my request and I need clarification.,Payment gateway timeout issue fixed and monitoring implemented.,Urgent,Closed,Web Form,South America,72,Female,Basic,4,10,5,9.49,96.45,2022-08-07,2022-08-08,No,Yes,iOS,Chrome,Crypto,Japanese,Morning,9,Corporate
49242,Richard Williams,richard.williams812@gmail.com,Subscription Service,Performance Issue,There seems to be a discrepancy in my billing statement for this month.,The duplicate charge was reversed and refund processed within 3-5 business days.,Medium,Closed,Email,Europe,19,Male,Basic,38,7,2,41.51,226.56,2024-03-02,2024-03-07,No,No,Windows,Safari,PayPal,French,Night,1,Individual
66051,Susan Martin,susan.martin988@icloud.com,Mobile App,Performance Issue,I would like to request a refund for the recent charge.,Provided step-by-step troubleshooting instructions and issue resolved.,Urgent,Closed,Social Media,Australia,74,Female,Premium,10,11,5,28.35,213.66,2022-09-09,2022-09-12,No,No,MacOS,Chrome,Credit Card,Chinese,Evening,9,Corporate
10988,Barbara Lopez,barbara.lopez559@gmail.com,API Service,Performance Issue,There seems to be a discrepancy in my billing statement for this month.,Data synchronization restored after backend service restart.,High,Resolved,Web Form,Asia,68,Other,Enterprise,16,15,4,43.08,94.94,2024-04-30,2024-05-02,Yes,No,MacOS,Chrome,Credit Card,German,Morning,10,Corporate
131199,Karen Miller,karen.miller226@icloud.com,Subscription Service,Performance Issue,Two-factor authentication codes are not being delivered to my phone.,Security settings updated and customer notified of precautionary measures.,Urgent,Resolved,Chat,North America,28,Other,Enterprise,48,10,2,33.07,203.3,2024-05-03,2024-05-14,Yes,No,Windows,,Bank Transfer,German,Afternoon,10,Individual
138342,Charles Lopez,charles.lopez931@yahoo.com,Mobile App,Performance Issue,My subscription was cancelled without my request and I need clarification.,The issue was escalated to engineering and resolved in the latest patch.,Low,Closed,Email,Africa,29,Other,Enterprise,55,10,1,9.44,168.33,2024-05-17,2024-05-26,Yes,No,Android,Safari,Bank Transfer,English,Night,3,Corporate
81007,Sarah Martinez,sarah.martinez927@yahoo.com,Web Portal,Performance Issue,There seems to be a discrepancy in my billing statement for this month.,Provided step-by-step troubleshooting instructions and issue resolved.,Medium,Resolved,Email,South America,28,Male,Basic,50,15,4,70.23,88.88,2024-10-05,2024-10-15,Yes,No,MacOS,Safari,Credit Card,Japanese,Night,3,Corporate
64530,Jessica Johnson,jessica.johnson879@icloud.com,Mobile App,Performance Issue,I found a bug in the latest update affecting report generation.,Bug logged internally and workaround shared with the customer.,Medium,Resolved,Phone,South America,71,Other,Free,60,16,1,51.49,49.05,2023-06-12,2023-06-19,No,No,Android,Chrome,Credit Card,German,Morning,1,Corporate
67736,Patricia Brown,patricia.brown556@company.com,Analytics Dashboard,Performance Issue,I would like to request a refund for the recent charge.,Payment gateway timeout issue fixed and monitoring implemented.,High,Resolved,Social Media,South America,42,Male,Enterprise,8,0,5,36.37,97.98,2024-02-22,2024-02-25,No,Yes,iOS,Firefox,Bank Transfer,Chinese,Afternoon,6,Small Business
192817,John Thomas,john.thomas105@company.com,Web Portal,Performance Issue,I am experiencing very slow performance while using the dashboard.,The duplicate charge was reversed and refund processed within 3-5 business days.,Low,Resolved,Email,Europe,30,Other,Enterprise,13,8,4,24.89,30.27,2024-06-02,2024-06-06,No,Yes,Linux,Firefox,Crypto,German,Morning,9,Corporate
147460,Mary Martinez,mary.martinez771@icloud.com,CRM Platform,Performance Issue,I would like to request a refund for the recent charge.,The issue was escalated to engineering and resolved in the latest patch.,Low,Resolved,Social Media,Australia,24,Other,Free,38,0,5,29.15,127.58,2023-05-01,2023-05-11,Yes,Yes,Android,Firefox,Debit Card,Spanish,Morning,4,Small Business
156487,Elizabeth Wilson,elizabeth.wilson787@yahoo.com,Mobile App,Performance Issue,Two-factor authentication codes are not being delivered to my phone.,Data synchronization restored after backend service restart.,Urgent,Closed,Phone,South America,74,Other,Basic,49,11,5,38.71,148.17,2023-03-10,2023-03-23,Yes,No,MacOS,Chrome,Bank Transfer,French,Night,10,Small Business
26995,Elizabeth Anderson,elizabeth.anderson80@icloud.com,Payment Gateway,Performance Issue,I am unable to access my account after entering the correct credentials.,We have reset the account credentials and advised the customer to retry login.,High,Closed,Web Form,Africa,28,Female,Basic,11,11,5,46.87,102.25,2024-10-10,2024-10-20,Yes,No,iOS,Firefox,Crypto,Japanese,Evening,1,Small Business
199516,Barbara Jones,barbara.jones938@outlook.com,Mobile App,Performance Issue,The payment was deducted from my bank account but the transaction shows failed.,Subscription status corrected and confirmation email sent to customer.,High,Closed,Social Media,Europe,67,Male,Basic,30,20,2,20.11,226.04,2022-09-24,2022-09-24,Yes,Yes,MacOS,Chrome,Crypto,German,Evening,7,Small Business
93524,Elizabeth Jones,elizabeth.jones375@gmail.com,Payment Gateway,Performance Issue,The system is not syncing data across devices properly.,Payment gateway timeout issue fixed and monitoring implemented.,Medium,Resolved,Web Form,Asia,58,Female,Premium,40,2,4,67.1,218.93,2022-01-20,2022-02-02,Yes,No,Windows,Firefox,Credit Card,French,Evening,3,Small Business
123520,Richard Anderson,richard.anderson929@gmail.com,Payment Gateway,Performance Issue,There seems to be a discrepancy in my billing statement for this month.,The duplicate charge was reversed and refund processed within 3-5 business days.,High,Resolved,Social Media,North America,57,Male,Premium,48,17,2,50.96,215.71,2024-05-26,2024-06-05,No,No,Windows,Chrome,Crypto,Spanish,Night,5,Corporate
162395,Barbara Jackson,barbara.jackson702@icloud.com,Payment Gateway,Performance Issue,I would like to request a refund for the recent charge.,We have reset the account credentials and advised the customer to retry login.,High,Resolved,Social Media,Europe,63,Female,Enterprise,48,15,3,23.81,133.2,2023-07-29,2023-07-30,Yes,Yes,Windows,Chrome,Bank Transfer,Spanish,Morning,7,Small Business
128996,Mary Lopez,mary.lopez24@hotmail.com,Billing System,Performance Issue,The system is not syncing data across devices properly.,Bug logged internally and workaround shared with the customer.,High,Resolved,Social Media,South America,56,Male,Basic,24,12,2,52.21,211.71,2024-07-09,2024-07-22,No,No,Windows,,Credit Card,Japanese,Evening,8,Individual
7110,James Moore,james.moore287@icloud.com,Mobile App,Performance Issue,I am experiencing very slow performance while using the dashboard.,Explained billing breakdown and clarified applicable charges.,Medium,Closed,Web Form,South America,54,Male,Premium,36,20,2,46.12,212.33,2022-08-06,2022-08-14,Yes,Yes,iOS,Firefox,PayPal,Japanese,Night,4,Small Business
145653,Elizabeth Thomas,elizabeth.thomas470@outlook.com,Payment Gateway,Performance Issue,The system is not syncing data across devices properly.,Provided step-by-step troubleshooting instructions and issue resolved.,Medium,Closed,Chat,Africa,29,Male,Basic,59,5,2,39.17,169.92,2024-11-10,2024-11-18,No,No,MacOS,Safari,Bank Transfer,Chinese,Evening,5,Individual
155099,William Miller,william.miller539@hotmail.com,Payment Gateway,Performance Issue,There seems to be a discrepancy in my billing statement for this month.,The duplicate charge was reversed and refund processed within 3-5 business days.,High,Resolved,Web Form,Asia,28,Other,Basic,46,16,2,9.88,82.06,2023-07-18,2023-07-21,Yes,Yes,iOS,Edge,Credit Card,Chinese,Night,8,Corporate
91292,Joseph Gonzalez,joseph.gonzalez266@icloud.com,CRM Platform,Performance Issue,The application crashes whenever I try to upload a file.,Subscription status corrected and confirmation email sent to customer.,High,Resolved,Email,Asia,44,Male,Free,35,7,5,56.88,60.93,2023-08-04,2023-08-10,No,Yes,Windows,Edge,Crypto,Japanese,Afternoon,9,Small Business
140039,Barbara Moore,barbara.moore405@outlook.com,Web Portal,Performance Issue,My subscription was cancelled without my request and I need clarification.,The duplicate charge was reversed and refund processed within 3-5 business days.,Medium,Closed,Email,Africa,54,Other,Basic,44,14,2,40.43,152.39,2022-11-24,2022-12-01,Yes,Yes,Linux,Safari,PayPal,Spanish,Morning,9,Individual
33666,Linda Martin,linda.martin743@gmail.com,Cloud Storage,Performance Issue,The system is not syncing data across devices properly.,Payment gateway timeout issue fixed and monitoring implemented.,Urgent,Closed,Web Form,South America,44,Other,Premium,21,4,3,65.36,81.77,2022-03-20,2022-04-03,No,No,Android,Safari,PayPal,Spanish,Night,9,Corporate
198025,William Rodriguez,william.rodriguez419@icloud.com,Cloud Storage,Performance Issue,I am unable to access my account after entering the correct credentials.,The issue was escalated to engineering and resolved in the latest patch.,Medium,Resolved,Web Form,Europe,60,Other,Free,52,20,4,22.65,38.18,2022-02-18,2022-02-27,No,No,Windows,Safari,PayPal,Chinese,Morning,4,Corporate
98699,Charles Johnson,charles.johnson754@outlook.com,Web Portal,Performance Issue,I am experiencing very slow performance while using the dashboard.,Payment gateway timeout issue fixed and monitoring implemented.,Low,Closed,Web Form,Australia,29,Other,Premium,30,19,1,7.07,17.22,2022-11-04,2022-11-18,Yes,Yes,Android,Firefox,PayPal,French,Night,1,Small Business
89765,Richard Hernandez,richard.hernandez125@outlook.com,API Service,Performance Issue,I would like to request a refund for the recent charge.,Provided step-by-step troubleshooting instructions and issue resolved.,High,Resolved,Chat,Europe,59,Female,Basic,20,15,3,47.06,29.38,2024-01-09,2024-01-11,No,No,MacOS,Firefox,Crypto,German,Morning,2,Corporate
18373,Charles Garcia,charles.garcia849@gmail.com,Analytics Dashboard,Performance Issue,There seems to be a discrepancy in my billing statement for this month.,We have reset the account credentials and advised the customer to retry login.,Urgent,Resolved,Email,Asia,72,Other,Premium,60,2,4,39.05,15.19,2024-11-07,2024-11-16,No,Yes,Windows,,Crypto,Spanish,Afternoon,10,Individual
36308,Barbara Rodriguez,barbara.rodriguez79@hotmail.com,Billing System,Performance Issue,I found a bug in the latest update affecting report generation.,Security settings updated and customer notified of precautionary measures.,High,Closed,Web Form,Australia,35,Male,Free,23,3,4,62.98,115.37,2023-01-04,2023-01-11,Yes,No,Linux,Edge,Crypto,German,Evening,3,Corporate
61818,Charles Moore,charles.moore348@outlook.com,E-commerce Store,Performance Issue,I found a bug in the latest update affecting report generation.,Explained billing breakdown and clarified applicable charges.,Low,Closed,Phone,Australia,62,Female,Basic,56,0,4,65.75,216.18,2022-10-16,2022-10-24,No,No,Android,,Credit Card,English,Evening,4,Small Business
98892,Thomas Rodriguez,thomas.rodriguez397@outlook.com,E-commerce Store,Performance Issue,I am experiencing very slow performance while using the dashboard.,Payment gateway timeout issue fixed and monitoring implemented.,High,Resolved,Social Media,North America,52,Male,Enterprise,23,1,1,54.38,35.39,2024-01-16,2024-01-23,No,No,Windows,Safari,PayPal,Chinese,Night,8,Corporate
57550,Jennifer Anderson,jennifer.anderson392@hotmail.com,CRM Platform,Performance Issue,I found a bug in the latest update affecting report generation.,Data synchronization restored after backend service restart.,Medium,Resolved,Email,South America,73,Female,Free,29,18,1,67.05,24.75,2022-08-25,2022-08-25,Yes,Yes,iOS,Safari,PayPal,German,Evening,9,Individual
148400,Charles Rodriguez,charles.rodriguez985@hotmail.com,CRM Platform,Performance Issue,The application crashes whenever I try to upload a file.,Provided step-by-step troubleshooting instructions and issue resolved.,Urgent,Resolved,Phone,North America,47,Other,Basic,35,5,3,29.65,106.05,2024-01-21,2024-01-28,No,No,Windows,Safari,Credit Card,French,Afternoon,6,Small Business
24758,Jennifer Thomas,jennifer.thomas320@hotmail.com,Payment Gateway,Performance Issue,The application crashes whenever I try to upload a file.,The duplicate charge was reversed and refund processed within 3-5 business days.,High,Closed,Email,Africa,44,Other,Premium,3,8,4,7.77,222.09,2024-02-20,2024-03-03,No,No,Linux,Firefox,Crypto,Japanese,Morning,4,Small Business
109492,William Johnson,william.johnson980@yahoo.com,Cloud Storage,Performance Issue,There seems to be a discrepancy in my billing statement for this month.,Security settings updated and customer notified of precautionary measures.,Low,Closed,Social Media,Europe,46,Male,Free,18,10,4,22.76,134.67,2024-10-12,2024-10-15,No,No,iOS,,Crypto,Chinese,Afternoon,6,Individual
155612,James Brown,james.brown490@yahoo.com,Subscription Service,Performance Issue,My subscription was cancelled without my request and I need clarification.,We have reset the account credentials and advised the customer to retry login.,Urgent,Closed,Email,Europe,35,Male,Enterprise,4,9,5,69.4,147.43,2024-03-31,2024-04-04,Yes,Yes,Android,Safari,Debit Card,Spanish,Night,4,Small Business
193938,Thomas Hernandez,thomas.hernandez127@gmail.com,Mobile App,Performance Issue,The application crashes whenever I try to upload a file.,We have reset the account credentials and advised the customer to retry login.,High,Closed,Social Media,South America,60,Female,Enterprise,44,15,1,52.92,213.73,2024-11-15,2024-11-20,Yes,Yes,Windows,Edge,Debit Card,German,Afternoon,7,Individual
26760,William Garcia,william.garcia735@hotmail.com,Mobile App,Performance Issue,I found a bug in the latest update affecting report generation.,Security settings updated and customer notified of precautionary measures.,Medium,Closed,Chat,Europe,47,Female,Free,27,2,3,55.34,98.6,2024-09-15,2024-09-19,Yes,No,Windows,Firefox,Bank Transfer,German,Morning,7,Small Business
185906,Karen Hernandez,karen.hernandez740@yahoo.com,Billing System,Refund Request,Two-factor authentication codes are not being delivered to my phone.,Security settings updated and customer notified of precautionary measures.,Low,Closed,Email,Africa,39,Female,Basic,24,1,5,45.12,227.28,2022-10-02,2022-10-15,Yes,Yes,iOS,Chrome,PayPal,Japanese,Morning,6,Small Business
40442,Mary Lopez,mary.lopez655@gmail.com,Mobile App,Refund Request,I would like to request a refund for the recent charge.,Security settings updated and customer notified of precautionary measures.,Urgent,Resolved,Email,North America,26,Male,Basic,13,14,3,1.38,55.57,2024-04-02,2024-04-11,No,No,Linux,Edge,Bank Transfer,English,Evening,6,Individual
166303,Michael Miller,michael.miller312@yahoo.com,Analytics Dashboard,Refund Request,I found a bug in the latest update affecting report generation.,Payment gateway timeout issue fixed and monitoring implemented.,Low,Closed,Social Media,South America,20,Female,Basic,45,0,2,43.34,152.41,2024-08-23,2024-08-25,Yes,Yes,iOS,Firefox,Debit Card,German,Evening,9,Corporate
71604,Jessica Brown,jessica.brown143@icloud.com,Web Portal,Refund Request,I found a bug in the latest update affecting report generation.,Explained billing breakdown and clarified applicable charges.,Low,Closed,Email,Australia,21,Male,Premium,28,1,4,15.3,41.31,2024-11-16,2024-11-26,No,Yes,Windows,Safari,PayPal,German,Morning,9,Corporate
166352,Barbara Martin,barbara.martin187@yahoo.com,Payment Gateway,Refund Request,I found a bug in the latest update affecting report generation.,Explained billing breakdown and clarified applicable charges.,Medium,Closed,Email,Asia,69,Other,Premium,15,15,2,42.08,38.91,2023-10-09,2023-10-22,No,No,iOS,,Credit Card,Japanese,Evening,4,Small Business
72627,Elizabeth Jones,elizabeth.jones895@gmail.com,Billing System,Refund Request,The payment was deducted from my bank account but the transaction shows failed.,Bug logged internally and workaround shared with the customer.,Medium,Closed,Web Form,Africa,62,Male,Free,9,12,3,5.24,124.53,2024-01-10,2024-01-13,Yes,No,Windows,Firefox,Credit Card,German,Morning,4,Individual
175782,William Anderson,william.anderson858@yahoo.com,API Service,Refund Request,There seems to be a discrepancy in my billing statement for this month.,Security settings updated and customer notified of precautionary measures.,Medium,Resolved,Email,Asia,47,Female,Basic,10,18,2,33.03,175.48,2024-11-15,2024-11-18,No,Yes,Android,Edge,Debit Card,French,Evening,1,Individual
126424,Susan Thomas,susan.thomas32@yahoo.com,Subscription Service,Refund Request,I am unable to access my account after entering the correct credentials.,Explained billing breakdown and clarified applicable charges.,Low,Closed,Chat,Australia,30,Male,Basic,39,5,1,46.68,57.54,2023-05-15,2023-05-18,Yes,No,Android,,Debit Card,Spanish,Afternoon,1,Corporate
108931,David Anderson,david.anderson626@icloud.com,Billing System,Refund Request,I would like to request a refund for the recent charge.,The duplicate charge was reversed and refund processed within 3-5 business days.,Medium,Resolved,Web Form,South America,63,Other,Basic,3,10,3,36.76,134.65,2022-06-04,2022-06-13,No,Yes,Android,Edge,Credit Card,French,Afternoon,7,Small Business
71647,Thomas Thomas,thomas.thomas503@icloud.com,Mobile App,Refund Request,I am experiencing very slow performance while using the dashboard.,We have reset the account credentials and advised the customer to retry login.,High,Closed,Phone,Africa,66,Male,Premium,17,8,3,55.42,184.39,2024-01-28,2024-02-02,No,No,iOS,,Bank Transfer,German,Evening,3,Corporate
7490,Sarah Lopez,sarah.lopez161@yahoo.com,Mobile App,Refund Request,The payment was deducted from my bank account but the transaction shows failed.,Bug logged internally and workaround shared with the customer.,Low,Closed,Phone,Australia,59,Other,Enterprise,21,3,4,19.39,199.06,2022-08-24,2022-08-28,Yes,No,MacOS,,Bank Transfer,Japanese,Morning,8,Corporate
164911,Susan Taylor,susan.taylor682@icloud.com,Payment Gateway,Refund Request,The payment was deducted from my bank account but the transaction shows failed.,We have reset the account credentials and advised the customer to retry login.,Medium,Closed,Web Form,Africa,48,Female,Basic,35,8,3,24.25,231.34,2023-06-21,2023-07-04,No,No,MacOS,Chrome,Debit Card,German,Night,2,Corporate
90320,David Hernandez,david.hernandez265@hotmail.com,Web Portal,Refund Request,My subscription was cancelled without my request and I need clarification.,We have reset the account credentials and advised the customer to retry login.,High,Closed,Web Form,Africa,62,Other,Basic,11,4,4,63.09,67.86,2024-06-11,2024-06-24,No,Yes,Windows,Firefox,Credit Card,Chinese,Evening,6,Individual
109302,Jessica Johnson,jessica.johnson210@company.com,Mobile App,Refund Request,The application crashes whenever I try to upload a file.,Subscription status corrected and confirmation email sent to customer.,Low,Closed,Email,Europe,69,Male,Basic,55,9,2,53.09,14.82,2023-10-25,2023-11-08,No,Yes,iOS,Safari,PayPal,French,Afternoon,10,Small Business
125539,Richard Brown,richard.brown209@gmail.com,CRM Platform,Refund Request,The payment was deducted from my bank account but the transaction shows failed.,Provided step-by-step troubleshooting instructions and issue resolved.,High,Closed,Phone,North America,64,Female,Basic,29,5,3,47.82,206.2,2024-09-21,2024-10-01,No,No,Windows,,Credit Card,English,Evening,8,Small Business
11245,Karen Martin,karen.martin342@yahoo.com,Web Portal,Refund Request,My subscription was cancelled without my request and I need clarification.,Payment gateway timeout issue fixed and monitoring implemented.,Medium,Resolved,Chat,Australia,43,Other,Premium,23,2,2,71.93,156.51,2024-07-20,2024-07-22,No,No,MacOS,Safari,PayPal,Spanish,Morning,3,Small Business
31243,Barbara Lopez,barbara.lopez318@gmail.com,CRM Platform,Refund Request,I would like to request a refund for the recent charge.,Subscription status corrected and confirmation email sent to customer.,Urgent,Resolved,Social Media,Africa,40,Male,Basic,16,12,3,3.45,47.01,2022-05-24,2022-05-28,No,Yes,Linux,Edge,Debit Card,Chinese,Morning,9,Individual
100869,William Williams,william.williams854@hotmail.com,CRM Platform,Refund Request,Two-factor authentication codes are not being delivered to my phone.,The duplicate charge was reversed and refund processed within 3-5 business days.,Medium,Closed,Email,Asia,25,Other,Enterprise,42,13,5,3.31,81.07,2023-03-24,2023-04-07,No,No,MacOS,Chrome,Bank Transfer,Japanese,Evening,8,Corporate
184491,Elizabeth Lopez,elizabeth.lopez383@outlook.com,Cloud Storage,Refund Request,I found a bug in the latest update affecting report generation.,We have reset the account credentials and advised the customer to retry login.,Low,Closed,Phone,Africa,22,Female,Premium,26,0,5,50.39,188.36,2023-06-22,2023-07-04,No,Yes,MacOS,Firefox,Debit Card,Spanish,Afternoon,3,Individual
59202,William Johnson,william.johnson785@outlook.com,Analytics Dashboard,Refund Request,I am unable to access my account after entering the correct credentials.,Bug logged internally and workaround shared with the customer.,High,Resolved,Chat,Australia,24,Male,Free,50,0,2,38.42,129.62,2023-07-25,2023-08-02,No,No,MacOS,Firefox,PayPal,Spanish,Afternoon,8,Small Business
67929,Patricia Lopez,patricia.lopez485@outlook.com,Subscription Service,Refund Request,I found a bug in the latest update affecting report generation.,The issue was escalated to engineering and resolved in the latest patch.,High,Resolved,Web Form,Asia,33,Other,Enterprise,44,1,1,23.26,62.37,2023-11-09,2023-11-18,No,No,Linux,Firefox,PayPal,English,Morning,3,Individual
98771,Barbara Jackson,barbara.jackson538@icloud.com,E-commerce Store,Refund Request,The system is not syncing data across devices properly.,Data synchronization restored after backend service restart.,High,Resolved,Phone,South America,41,Female,Free,25,18,1,6.56,150.95,2022-04-18,2022-04-27,Yes,No,iOS,,PayPal,Chinese,Afternoon,2,Small Business
173161,Joseph Gonzalez,joseph.gonzalez768@yahoo.com,Mobile App,Refund Request,I am experiencing very slow performance while using the dashboard.,Data synchronization restored after backend service restart.,Low,Closed,Email,Australia,58,Male,Premium,29,6,5,68.13,102.7,2022-11-11,2022-11-19,Yes,No,Windows,Safari,Bank Transfer,Spanish,Evening,9,Individual
68182,Richard Lopez,richard.lopez746@yahoo.com,Mobile App,Refund Request,I found a bug in the latest update affecting report generation.,Provided step-by-step troubleshooting instructions and issue resolved.,Low,Resolved,Web Form,Australia,41,Other,Enterprise,39,1,3,63.43,43.43,2023-10-01,2023-10-10,No,Yes,Android,Chrome,Bank Transfer,Chinese,Evening,7,Individual
115433,Joseph Smith,joseph.smith890@hotmail.com,Web Portal,Refund Request,I would like to request a refund for the recent charge.,Provided step-by-step troubleshooting instructions and issue resolved.,Medium,Resolved,Phone,North America,36,Other,Free,26,7,2,34.9,75.19,2022-07-27,2022-07-29,No,Yes,iOS,Edge,Credit Card,Chinese,Evening,10,Corporate
78617,James Johnson,james.johnson165@company.com,Billing System,Refund Request,The application crashes whenever I try to upload a file.,Provided step-by-step troubleshooting instructions and issue resolved.,Urgent,Resolved,Social Media,Africa,67,Female,Basic,28,10,4,69.06,231.12,2024-01-29,2024-02-11,Yes,No,Android,Edge,Debit Card,Japanese,Evening,2,Small Business
145144,David Thomas,david.thomas679@outlook.com,CRM Platform,Refund Request,I am experiencing very slow performance while using the dashboard.,Explained billing breakdown and clarified applicable charges.,Low,Closed,Social Media,Europe,51,Other,Premium,26,17,3,8.2,101.9,2024-11-19,2024-12-01,Yes,Yes,iOS,Edge,Debit Card,Spanish,Night,4,Corporate
43664,Michael Lopez,michael.lopez712@hotmail.com,E-commerce Store,Refund Request,I found a bug in the latest update affecting report generation.,Data synchronization restored after backend service restart.,Medium,Resolved,Chat,Africa,53,Female,Free,60,13,2,28.94,111.74,2024-12-27,2025-01-10,No,No,Windows,Edge,Bank Transfer,Spanish,Morning,5,Corporate
88409,Charles Johnson,charles.johnson376@company.com,API Service,Refund Request,Two-factor authentication codes are not being delivered to my phone.,Security settings updated and customer notified of precautionary measures.,Medium,Closed,Web Form,Europe,36,Male,Premium,43,9,1,20.41,60.69,2024-04-02,2024-04-05,Yes,Yes,MacOS,Firefox,Credit Card,Japanese,Evening,8,Individual
144174,Jennifer Brown,jennifer.brown253@hotmail.com,Analytics Dashboard,Refund Request,I am unable to access my account after entering the correct credentials.,Subscription status corrected and confirmation email sent to customer.,High,Closed,Phone,Europe,23,Male,Enterprise,29,19,4,40.6,195.16,2024-02-15,2024-02-28,No,Yes,MacOS,Safari,PayPal,Japanese,Afternoon,6,Small Business
90672,Sarah Smith,sarah.smith860@icloud.com,E-commerce Store,Refund Request,Two-factor authentication codes are not being delivered to my phone.,We have reset the account credentials and advised the customer to retry login.,High,Resolved,Web Form,Australia,30,Other,Free,47,17,1,18.41,193.64,2024-01-04,2024-01-11,No,Yes,Windows,,Credit Card,English,Night,7,Corporate
197822,David Williams,david.williams532@yahoo.com,Billing System,Refund Request,I am unable to access my account after entering the correct credentials.,Data synchronization restored after backend service restart.,High,Closed,Social Media,South America,56,Male,Premium,24,3,1,63.62,196.8,2022-12-06,2022-12-07,Yes,No,iOS,Firefox,Bank Transfer,Spanish,Morning,4,Corporate
52941,Jessica Johnson,jessica.johnson257@gmail.com,Subscription Service,Refund Request,I would like to request a refund for the recent charge.,The issue was escalated to engineering and resolved in the latest patch.,High,Closed,Email,Asia,72,Male,Enterprise,7,14,4,62.84,22.31,2023-12-05,2023-12-10,Yes,No,iOS,,Debit Card,French,Morning,1,Corporate
179125,Thomas Johnson,thomas.johnson751@yahoo.com,E-commerce Store,Refund Request,The payment was deducted from my bank account but the transaction shows failed.,Subscription status corrected and confirmation email sent to customer.,Urgent,Closed,Email,Australia,72,Female,Premium,6,0,1,10.95,193.85,2024-01-13,2024-01-26,Yes,No,Android,Firefox,Debit Card,Japanese,Evening,5,Small Business
70803,Linda Jackson,linda.jackson471@hotmail.com,Analytics Dashboard,Refund Request,I found a bug in the latest update affecting report generation.,The duplicate charge was reversed and refund processed within 3-5 business days.,Urgent,Resolved,Phone,Europe,62,Male,Basic,9,18,5,64.01,73.95,2023-05-08,2023-05-22,No,No,Windows,,PayPal,Chinese,Night,2,Corporate
157603,Jennifer Smith,jennifer.smith556@yahoo.com,Cloud Storage,Refund Request,I would like to request a refund for the recent charge.,The issue was escalated to engineering and resolved in the latest patch.,Medium,Resolved,Web Form,Asia,68,Other,Free,10,1,4,51.78,112.63,2024-03-25,2024-03-26,No,No,Windows,Edge,Crypto,German,Afternoon,6,Small Business
82462,Jessica Jones,jessica.jones987@yahoo.com,Cloud Storage,Refund Request,I found a bug in the latest update affecting report generation.,The duplicate charge was reversed and refund processed within 3-5 business days.,High,Resolved,Email,South America,43,Other,Free,26,8,4,44.78,174.2,2022-10-26,2022-10-31,Yes,No,Windows,Safari,Debit Card,English,Night,5,Individual
59999,Barbara Miller,barbara.miller605@outlook.com,API Service,Refund Request,I am experiencing very slow performance while using the dashboard.,Subscription status corrected and confirmation email sent to customer.,High,Closed,Email,North America,64,Male,Enterprise,14,3,5,33.96,126.38,2022-01-21,2022-02-01,No,No,MacOS,Chrome,Bank Transfer,French,Morning,2,Individual
11818,Charles Martinez,charles.martinez94@company.com,CRM Platform,Refund Request,I would like to request a refund for the recent charge.,The duplicate charge was reversed and refund processed within 3-5 business days.,High,Resolved,Email,South America,67,Other,Premium,52,12,4,39.13,81.44,2022-02-23,2022-03-09,No,Yes,MacOS,Firefox,PayPal,Spanish,Night,10,Small Business
28672,Thomas Johnson,thomas.johnson330@hotmail.com,CRM Platform,Refund Request,I am experiencing very slow performance while using the dashboard.,Subscription status corrected and confirmation email sent to customer.,High,Resolved,Social Media,Asia,69,Other,Enterprise,50,3,3,35.44,124.21,2023-12-02,2023-12-14,No,Yes,Android,Firefox,Credit Card,English,Night,7,Corporate
126522,David Gonzalez,david.gonzalez134@outlook.com,Billing System,Refund Request,I found a bug in the latest update affecting report generation.,Provided step-by-step troubleshooting instructions and issue resolved.,Urgent,Resolved,Chat,South America,27,Male,Enterprise,8,10,3,30.35,183.98,2023-08-21,2023-08-23,No,Yes,Linux,Chrome,Credit Card,German,Morning,9,Corporate
159142,Charles Thomas,charles.thomas537@outlook.com,Billing System,Refund Request,Two-factor authentication codes are not being delivered to my phone.,Explained billing breakdown and clarified applicable charges.,Low,Closed,Phone,North America,66,Female,Premium,22,4,3,61.79,83.46,2024-04-23,2024-04-28,No,Yes,Linux,,PayPal,German,Night,10,Individual
112307,Robert Taylor,robert.taylor958@yahoo.com,CRM Platform,Refund Request,My subscription was cancelled without my request and I need clarification.,Subscription status corrected and confirmation email sent to customer.,Urgent,Closed,Email,Africa,53,Male,Enterprise,27,20,2,4.79,100.61,2024-03-27,2024-04-06,Yes,No,iOS,Firefox,Bank Transfer,Spanish,Evening,6,Corporate
138463,Charles Lopez,charles.lopez223@gmail.com,Payment Gateway,Refund Request,The payment was deducted from my bank account but the transaction shows failed.,We have reset the account credentials and advised the customer to retry login.,Medium,Closed,Chat,Africa,74,Male,Enterprise,26,4,5,2.89,27.66,2024-11-22,2024-11-25,No,No,Android,Safari,Debit Card,German,Night,10,Individual
132178,James Moore,james.moore681@yahoo.com,CRM Platform,Refund Request,I found a bug in the latest update affecting report generation.,Explained billing breakdown and clarified applicable charges.,High,Closed,Phone,Africa,30,Female,Free,15,17,2,9.05,139.67,2022-10-12,2022-10-26,No,No,MacOS,,PayPal,French,Night,9,Small Business
143879,Karen Brown,karen.brown802@yahoo.com,Mobile App,Refund Request,My subscription was cancelled without my request and I need clarification.,Subscription status corrected and confirmation email sent to customer.,High,Resolved,Email,Asia,66,Male,Enterprise,53,19,2,39.39,20.13,2022-02-09,2022-02-21,Yes,No,Linux,Edge,Credit Card,English,Night,9,Corporate
24887,Michael Taylor,michael.taylor753@hotmail.com,Cloud Storage,Refund Request,My subscription was cancelled without my request and I need clarification.,Security settings updated and customer notified of precautionary measures.,Urgent,Resolved,Email,Africa,34,Other,Free,30,9,3,29.5,109.98,2022-12-18,2023-01-01,No,No,Linux,,Bank Transfer,English,Evening,1,Small Business
90654,Mary Gonzalez,mary.gonzalez142@gmail.com,Mobile App,Refund Request,I found a bug in the latest update affecting report generation.,We have reset the account credentials and advised the customer to retry login.,Low,Closed,Email,North America,33,Male,Enterprise,45,8,3,5.08,208.1,2024-05-21,2024-06-03,No,Yes,Windows,Edge,Debit Card,Japanese,Afternoon,5,Individual
84665,James Williams,james.williams889@company.com,API Service,Refund Request,I am unable to access my account after entering the correct credentials.,Payment gateway timeout issue fixed and monitoring implemented.,Medium,Resolved,Social Media,Australia,42,Other,Free,15,5,2,49.26,54.52,2022-10-20,2022-10-31,No,Yes,Linux,Firefox,Debit Card,Spanish,Afternoon,3,Small Business
170048,Susan Smith,susan.smith832@gmail.com,Cloud Storage,Refund Request,I am experiencing very slow performance while using the dashboard.,Payment gateway timeout issue fixed and monitoring implemented.,Medium,Resolved,Social Media,Europe,68,Other,Enterprise,60,20,2,51.75,18.42,2023-12-28,2023-12-29,Yes,Yes,iOS,Safari,Credit Card,English,Afternoon,3,Corporate
160214,Jessica Gonzalez,jessica.gonzalez312@outlook.com,Web Portal,Refund Request,Two-factor authentication codes are not being delivered to my phone.,Provided step-by-step troubleshooting instructions and issue resolved.,Low,Resolved,Email,Africa,55,Female,Premium,14,0,1,8.82,96.15,2022-06-08,2022-06-19,Yes,Yes,iOS,Chrome,PayPal,English,Afternoon,6,Individual
178368,David Rodriguez,david.rodriguez69@hotmail.com,Analytics Dashboard,Refund Request,My subscription was cancelled without my request and I need clarification.,Bug logged internally and workaround shared with the customer.,Low,Resolved,Social Media,Africa,45,Male,Basic,6,9,1,49.18,73.25,2022-04-07,2022-04-07,No,Yes,Android,Safari,Credit Card,Spanish,Morning,6,Individual
171669,Susan Lopez,susan.lopez271@yahoo.com,API Service,Refund Request,I am experiencing very slow performance while using the dashboard.,The issue was escalated to engineering and resolved in the latest patch.,Low,Closed,Social Media,Asia,47,Male,Premium,15,12,2,56.59,238.6,2023-07-01,2023-07-11,Yes,No,Android,,Bank Transfer,Spanish,Morning,3,Small Business
176227,Charles Johnson,charles.johnson787@gmail.com,Subscription Service,Refund Request,The system is not syncing data across devices properly.,Data synchronization restored after backend service restart.,Medium,Resolved,Chat,Africa,35,Other,Enterprise,46,0,5,45.09,199.59,2024-04-28,2024-04-29,Yes,Yes,Windows,Edge,Crypto,French,Morning,8,Small Business
107051,Patricia Miller,patricia.miller952@yahoo.com,API Service,Refund Request,The system is not syncing data across devices properly.,The issue was escalated to engineering and resolved in the latest patch.,Low,Closed,Chat,Africa,59,Other,Basic,49,14,4,57.24,52.53,2024-06-27,2024-07-01,Yes,No,Android,Safari,Crypto,German,Morning,7,Individual
16907,Barbara Moore,barbara.moore596@outlook.com,Payment Gateway,Refund Request,The application crashes whenever I try to upload a file.,Provided step-by-step troubleshooting instructions and issue resolved.,Medium,Resolved,Social Media,Europe,54,Other,Enterprise,57,4,1,23.85,214.88,2022-03-11,2022-03-20,Yes,Yes,iOS,Edge,Bank Transfer,Spanish,Evening,7,Small Business
90559,Barbara Anderson,barbara.anderson263@company.com,Mobile App,Refund Request,The system is not syncing data across devices properly.,We have reset the account credentials and advised the customer to retry login.,High,Resolved,Social Media,North America,41,Male,Free,4,10,4,14.46,230.16,2022-05-22,2022-06-04,No,Yes,MacOS,Edge,Credit Card,English,Afternoon,6,Individual
57174,William Jones,william.jones328@icloud.com,Payment Gateway,Refund Request,There seems to be a discrepancy in my billing statement for this month.,Data synchronization restored after backend service restart.,Medium,Closed,Email,South America,20,Female,Basic,1,2,5,59.74,44.17,2022-05-04,2022-05-05,No,No,Windows,Chrome,PayPal,Spanish,Afternoon,8,Small Business
35012,Michael Gonzalez,michael.gonzalez193@outlook.com,Cloud Storage,Refund Request,I am experiencing very slow performance while using the dashboard.,Data synchronization restored after backend service restart.,High,Closed,Email,North America,39,Other,Premium,9,5,4,47.7,187.27,2023-06-21,2023-06-25,No,No,iOS,Firefox,Debit Card,English,Afternoon,10,Small Business
8082,Joseph Martin,joseph.martin346@hotmail.com,Cloud Storage,Refund Request,I am experiencing very slow performance while using the dashboard.,Provided step-by-step troubleshooting instructions and issue resolved.,High,Closed,Phone,Europe,66,Male,Basic,54,8,5,46.8,99.85,2024-02-19,2024-02-24,No,No,Linux,Firefox,Bank Transfer,Spanish,Evening,5,Small Business
38533,Barbara Thomas,barbara.thomas265@icloud.com,CRM Platform,Refund Request,I would like to request a refund for the recent charge.,Bug logged internally and workaround shared with the customer.,Urgent,Resolved,Chat,Australia,21,Female,Free,44,6,3,55.04,67.85,2023-09-07,2023-09-10,Yes,Yes,Android,Edge,Credit Card,Japanese,Night,9,Small Business
115292,Michael Gonzalez,michael.gonzalez628@hotmail.com,Subscription Service,Refund Request,The payment was deducted from my bank account but the transaction shows failed.,Payment gateway timeout issue fixed and monitoring implemented.,Urgent,Resolved,Social Media,South America,63,Female,Free,34,20,3,2.13,18.47,2022-01-30,2022-01-30,No,No,MacOS,,Crypto,Chinese,Night,2,Corporate
60319,Joseph Hernandez,joseph.hernandez51@outlook.com,Mobile App,Refund Request,I found a bug in the latest update affecting report generation.,The issue was escalated to engineering and resolved in the latest patch.,High,Resolved,Phone,South America,74,Other,Premium,60,1,2,14.62,11.64,2023-03-26,2023-03-28,Yes,Yes,iOS,Chrome,Bank Transfer,Spanish,Morning,7,Small Business
171098,Elizabeth Moore,elizabeth.moore326@icloud.com,CRM Platform,Refund Request,The payment was deducted from my bank account but the transaction shows failed.,Payment gateway timeout issue fixed and monitoring implemented.,Low,Closed,Chat,North America,23,Male,Free,60,14,3,17.79,93.53,2024-04-18,2024-04-26,Yes,No,Android,,Bank Transfer,Spanish,Afternoon,9,Small Business
156709,Linda Jackson,linda.jackson581@icloud.com,Mobile App,Refund Request,I am experiencing very slow performance while using the dashboard.,Data synchronization restored after backend service restart.,High,Resolved,Chat,North America,32,Other,Premium,4,3,2,18.32,98.68,2023-06-01,2023-06-03,No,No,Android,Edge,Bank Transfer,Chinese,Evening,7,Corporate
165327,William Martinez,william.martinez374@yahoo.com,Mobile App,Refund Request,The payment was deducted from my bank account but the transaction shows failed.,Data synchronization restored after backend service restart.,Low,Closed,Email,Australia,30,Female,Premium,60,11,2,42.35,182.65,2022-12-09,2022-12-18,No,Yes,Linux,Firefox,PayPal,Chinese,Night,6,Corporate
130201,Linda Martin,linda.martin642@yahoo.com,E-commerce Store,Refund Request,The application crashes whenever I try to upload a file.,Data synchronization restored after backend service restart.,High,Closed,Web Form,Europe,38,Other,Premium,4,12,4,53.26,129.36,2022-10-11,2022-10-17,Yes,Yes,Linux,Safari,PayPal,Chinese,Evening,1,Corporate
13631,Elizabeth Taylor,elizabeth.taylor72@icloud.com,Cloud Storage,Refund Request,Two-factor authentication codes are not being delivered to my phone.,Provided step-by-step troubleshooting instructions and issue resolved.,Medium,Resolved,Web Form,North America,35,Female,Premium,8,6,2,8.16,16.48,2024-05-29,2024-06-06,Yes,Yes,Linux,Edge,Bank Transfer,Chinese,Afternoon,5,Corporate
35816,William Moore,william.moore453@gmail.com,Billing System,Refund Request,The payment was deducted from my bank account but the transaction shows failed.,Security settings updated and customer notified of precautionary measures.,Medium,Closed,Phone,Australia,26,Other,Free,6,11,3,42.52,155.53,2024-12-28,2025-01-10,No,Yes,MacOS,Firefox,Bank Transfer,Spanish,Afternoon,1,Individual
35794,Elizabeth Smith,elizabeth.smith911@yahoo.com,Subscription Service,Refund Request,My subscription was cancelled without my request and I need clarification.,The issue was escalated to engineering and resolved in the latest patch.,Urgent,Resolved,Social Media,Africa,29,Other,Free,51,20,2,71.57,102.53,2024-06-23,2024-07-03,Yes,Yes,Android,Edge,Crypto,Japanese,Morning,1,Individual
191801,Karen Garcia,karen.garcia681@outlook.com,Cloud Storage,Refund Request,My subscription was cancelled without my request and I need clarification.,Subscription status corrected and confirmation email sent to customer.,High,Resolved,Social Media,Africa,67,Female,Free,9,4,2,15.82,60.26,2023-09-13,2023-09-23,Yes,No,Android,Safari,Credit Card,German,Morning,8,Corporate
169790,Joseph Rodriguez,joseph.rodriguez409@icloud.com,Mobile App,Refund Request,The system is not syncing data across devices properly.,The duplicate charge was reversed and refund processed within 3-5 business days.,Medium,Resolved,Phone,South America,51,Female,Free,10,3,3,20.22,89.71,2023-06-26,2023-07-05,Yes,Yes,MacOS,Safari,Credit Card,Japanese,Morning,3,Individual
181686,Michael Davis,michael.davis771@hotmail.com,Mobile App,Refund Request,There seems to be a discrepancy in my billing statement for this month.,We have reset the account credentials and advised the customer to retry login.,High,Closed,Chat,North America,35,Female,Basic,15,6,2,39.31,168.68,2022-08-04,2022-08-05,Yes,No,Linux,Safari,Credit Card,German,Morning,3,Individual
124814,Mary Gonzalez,mary.gonzalez661@hotmail.com,Subscription Service,Refund Request,There seems to be a discrepancy in my billing statement for this month.,Security settings updated and customer notified of precautionary measures.,Urgent,Resolved,Email,Africa,67,Other,Premium,34,19,2,14.17,2.79,2024-09-21,2024-09-26,Yes,No,iOS,Firefox,Crypto,Japanese,Morning,1,Small Business
22473,Jennifer Taylor,jennifer.taylor990@gmail.com,API Service,Refund Request,The application crashes whenever I try to upload a file.,Security settings updated and customer notified of precautionary measures.,Urgent,Resolved,Phone,Africa,64,Female,Enterprise,25,11,1,47.56,135.67,2023-06-17,2023-07-01,Yes,No,Android,Chrome,Debit Card,German,Night,10,Individual
30644,Thomas Smith,thomas.smith622@hotmail.com,Cloud Storage,Refund Request,The payment was deducted from my bank account but the transaction shows failed.,Data synchronization restored after backend service restart.,High,Resolved,Phone,Asia,74,Female,Basic,29,8,2,5.57,118.12,2024-05-16,2024-05-23,No,No,Android,Edge,PayPal,French,Morning,7,Individual
93066,Karen Hernandez,karen.hernandez561@yahoo.com,Web Portal,Refund Request,I am unable to access my account after entering the correct credentials.,Bug logged internally and workaround shared with the customer.,Low,Closed,Web Form,Europe,70,Female,Basic,31,7,5,12.02,41.31,2022-05-29,2022-06-03,Yes,Yes,Android,Firefox,Bank Transfer,Chinese,Afternoon,6,Individual
162569,Jessica Johnson,jessica.johnson586@company.com,E-commerce Store,Refund Request,I am experiencing very slow performance while using the dashboard.,Payment gateway timeout issue fixed and monitoring implemented.,Medium,Closed,Chat,North America,38,Other,Free,19,14,3,24.96,104.03,2022-11-24,2022-12-04,Yes,No,Linux,Edge,Debit Card,Chinese,Night,6,Individual
166012,John Smith,john.smith700@gmail.com,Cloud Storage,Refund Request,The application crashes whenever I try to upload a file.,Subscription status corrected and confirmation email sent to customer.,High,Resolved,Email,Australia,68,Male,Free,21,1,3,5.27,5.27,2022-04-09,2022-04-16,Yes,No,Android,Firefox,Crypto,Japanese,Evening,1,Corporate
195713,Linda Davis,linda.davis658@gmail.com,Web Portal,Refund Request,My subscription was cancelled without my request and I need clarification.,Explained billing breakdown and clarified applicable charges.,Low,Resolved,Chat,Asia,67,Other,Premium,2,1,3,55.34,141.76,2022-07-31,2022-08-05,No,No,Android,Chrome,Debit Card,German,Afternoon,1,Small Business
58537,Elizabeth Davis,elizabeth.davis871@hotmail.com,Subscription Service,Refund Request,There seems to be a discrepancy in my billing statement for this month.,Security settings updated and customer notified of precautionary measures.,Low,Closed,Web Form,Asia,41,Female,Basic,53,19,4,11.57,55.95,2022-07-07,2022-07-19,Yes,No,iOS,,Crypto,Spanish,Afternoon,4,Individual
112566,John Hernandez,john.hernandez581@gmail.com,Billing System,Refund Request,Two-factor authentication codes are not being delivered to my phone.,Data synchronization restored after backend service restart.,Urgent,Resolved,Phone,North America,35,Female,Premium,38,7,5,25.76,1.97,2024-11-29,2024-11-30,No,Yes,Linux,Safari,Bank Transfer,Spanish,Evening,7,Corporate
185211,Richard Williams,richard.williams658@yahoo.com,Cloud Storage,Refund Request,The system is not syncing data across devices properly.,We have reset the account credentials and advised the customer to retry login.,Urgent,Closed,Phone,Australia,42,Other,Premium,18,4,3,59.72,106.5,2024-08-06,2024-08-11,No,No,Android,Firefox,Credit Card,Chinese,Morning,2,Small Business
156870,Jessica Martin,jessica.martin64@yahoo.com,Billing System,Refund Request,The payment was deducted from my bank account but the transaction shows failed.,Explained billing breakdown and clarified applicable charges.,Medium,Closed,Email,South America,31,Female,Free,42,2,1,28.9,36.53,2023-11-23,2023-12-02,No,No,iOS,Firefox,Crypto,Spanish,Afternoon,2,Individual
66094,Sarah Williams,sarah.williams259@icloud.com,Analytics Dashboard,Refund Request,I am unable to access my account after entering the correct credentials.,Provided step-by-step troubleshooting instructions and issue resolved.,Urgent,Closed,Social Media,Australia,30,Other,Free,60,17,3,60.34,180.96,2024-08-11,2024-08-23,Yes,Yes,Linux,Edge,Credit Card,Japanese,Evening,9,Small Business
97356,Jessica Rodriguez,jessica.rodriguez85@hotmail.com,Web Portal,Refund Request,Two-factor authentication codes are not being delivered to my phone.,Data synchronization restored after backend service restart.,High,Resolved,Social Media,Europe,49,Other,Premium,18,19,2,23.08,152.95,2024-01-29,2024-02-07,Yes,Yes,Android,Firefox,Crypto,French,Morning,5,Small Business
86836,William Brown,william.brown456@outlook.com,API Service,Refund Request,I am experiencing very slow performance while using the dashboard.,Payment gateway timeout issue fixed and monitoring implemented.,Low,Resolved,Phone,Europe,46,Female,Basic,14,17,4,43.35,116.27,2024-12-18,2024-12-25,No,Yes,iOS,Safari,Crypto,Japanese,Morning,9,Small Business
44856,Karen Thomas,karen.thomas172@company.com,Cloud Storage,Refund Request,The system is not syncing data across devices properly.,Explained billing breakdown and clarified applicable charges.,Low,Closed,Chat,Africa,62,Other,Enterprise,10,8,3,35.46,47.0,2024-08-11,2024-08-24,No,Yes,Linux,Firefox,Credit Card,Spanish,Night,1,Individual
150858,Robert Martinez,robert.martinez240@yahoo.com,E-commerce Store,Refund Request,There seems to be a discrepancy in my billing statement for this month.,The issue was escalated to engineering and resolved in the latest patch.,Medium,Closed,Web Form,Europe,67,Male,Basic,21,13,2,47.18,44.63,2024-03-25,2024-03-26,No,No,iOS,Chrome,Crypto,Spanish,Night,6,Corporate
99323,Michael Brown,michael.brown485@hotmail.com,Cloud Storage,Refund Request,Two-factor authentication codes are not being delivered to my phone.,Security settings updated and customer notified of precautionary measures.,High,Closed,Chat,Asia,50,Other,Free,14,8,2,46.96,129.04,2024-09-29,2024-10-08,Yes,Yes,MacOS,Safari,Bank Transfer,Chinese,Evening,4,Individual
137509,John Rodriguez,john.rodriguez200@outlook.com,Analytics Dashboard,Refund Request,The application crashes whenever I try to upload a file.,We have reset the account credentials and advised the customer to retry login.,Low,Resolved,Social Media,South America,30,Male,Basic,37,20,1,55.16,65.33,2022-08-01,2022-08-06,No,No,iOS,Safari,Crypto,English,Night,4,Individual
191195,Mary Gonzalez,mary.gonzalez390@company.com,Billing System,Refund Request,My subscription was cancelled without my request and I need clarification.,Subscription status corrected and confirmation email sent to customer.,Urgent,Resolved,Web Form,Asia,51,Male,Basic,22,16,3,0.85,79.55,2022-12-27,2023-01-03,No,Yes,Android,,Bank Transfer,Spanish,Morning,9,Corporate
7458,Sarah Jones,sarah.jones299@icloud.com,Billing System,Refund Request,I am unable to access my account after entering the correct credentials.,Security settings updated and customer notified of precautionary measures.,High,Closed,Web Form,Australia,56,Male,Enterprise,24,8,1,71.43,206.93,2022-07-22,2022-07-23,Yes,No,Android,,Debit Card,French,Afternoon,5,Individual
179553,Karen Thomas,karen.thomas338@company.com,API Service,Refund Request,The payment was deducted from my bank account but the transaction shows failed.,Provided step-by-step troubleshooting instructions and issue resolved.,Medium,Resolved,Social Media,Africa,47,Other,Basic,29,8,5,66.32,163.02,2022-12-15,2022-12-16,Yes,No,Android,,Credit Card,Spanish,Afternoon,1,Corporate
138383,Thomas Davis,thomas.davis300@yahoo.com,Analytics Dashboard,Refund Request,I found a bug in the latest update affecting report generation.,Data synchronization restored after backend service restart.,Urgent,Resolved,Chat,Europe,25,Other,Premium,1,12,1,59.1,122.81,2022-09-24,2022-09-26,Yes,No,Linux,Chrome,PayPal,French,Afternoon,9,Individual
122602,Thomas Williams,thomas.williams460@icloud.com,E-commerce Store,Refund Request,I am experiencing very slow performance while using the dashboard.,Security settings updated and customer notified of precautionary measures.,Medium,Closed,Chat,Europe,73,Male,Free,17,11,4,26.98,38.38,2024-09-08,2024-09-10,No,No,Android,Chrome,Crypto,Spanish,Morning,8,Individual
80711,Jessica Garcia,jessica.garcia841@hotmail.com,API Service,Refund Request,I am unable to access my account after entering the correct credentials.,Subscription status corrected and confirmation email sent to customer.,Medium,Closed,Chat,South America,62,Other,Enterprise,52,0,4,26.7,40.48,2023-07-08,2023-07-15,No,Yes,Windows,Chrome,Crypto,English,Night,8,Small Business
5869,John Martin,john.martin261@icloud.com,Mobile App,Refund Request,Two-factor authentication codes are not being delivered to my phone.,The duplicate charge was reversed and refund processed within 3-5 business days.,Low,Resolved,Web Form,North America,39,Female,Free,15,16,2,18.58,67.44,2022-10-21,2022-10-25,Yes,No,MacOS,Edge,Credit Card,Spanish,Morning,4,Individual
85351,David Taylor,david.taylor128@gmail.com,Cloud Storage,Refund Request,There seems to be a discrepancy in my billing statement for this month.,The issue was escalated to engineering and resolved in the latest patch.,Urgent,Resolved,Web Form,Europe,66,Other,Premium,48,8,4,29.37,169.78,2022-01-16,2022-01-20,Yes,No,iOS,Chrome,PayPal,French,Evening,8,Corporate
82018,Jennifer Hernandez,jennifer.hernandez582@hotmail.com,Subscription Service,Refund Request,The application crashes whenever I try to upload a file.,Provided step-by-step troubleshooting instructions and issue resolved.,Low,Closed,Email,Australia,73,Other,Enterprise,24,11,2,45.74,185.12,2024-01-22,2024-02-01,No,No,Android,Safari,Crypto,Chinese,Night,2,Individual
170267,David Hernandez,david.hernandez803@hotmail.com,Analytics Dashboard,Refund Request,There seems to be a discrepancy in my billing statement for this month.,We have reset the account credentials and advised the customer to retry login.,Low,Resolved,Social Media,North America,42,Male,Free,1,8,4,29.13,216.21,2024-02-24,2024-03-02,Yes,Yes,iOS,,PayPal,English,Morning,10,Individual
139443,Charles Anderson,charles.anderson48@yahoo.com,Web Portal,Refund Request,The system is not syncing data across devices properly.,The duplicate charge was reversed and refund processed within 3-5 business days.,Urgent,Closed,Chat,South America,24,Male,Basic,46,11,2,7.49,47.96,2022-01-20,2022-01-25,No,No,Linux,Edge,Bank Transfer,German,Morning,6,Corporate
12928,Sarah Moore,sarah.moore994@outlook.com,Web Portal,Refund Request,The payment was deducted from my bank account but the transaction shows failed.,Provided step-by-step troubleshooting instructions and issue resolved.,Low,Closed,Email,Asia,66,Other,Enterprise,21,8,1,59.49,133.49,2022-04-01,2022-04-09,No,No,Linux,Edge,Crypto,German,Evening,9,Corporate
54188,Michael Jackson,michael.jackson62@gmail.com,Mobile App,Refund Request,I am experiencing very slow performance while using the dashboard.,Bug logged internally and workaround shared with the customer.,Medium,Closed,Phone,Europe,20,Other,Enterprise,45,16,2,69.15,87.45,2024-01-15,2024-01-20,No,Yes,Linux,Firefox,Bank Transfer,Chinese,Afternoon,10,Small Business
28524,Mary Brown,mary.brown823@outlook.com,Billing System,Refund Request,There seems to be a discrepancy in my billing statement for this month.,The issue was escalated to engineering and resolved in the latest patch.,Low,Closed,Phone,Asia,44,Other,Enterprise,1,19,4,54.75,121.78,2024-05-06,2024-05-20,Yes,No,Linux,,Credit Card,Spanish,Afternoon,6,Individual
192703,Jennifer Miller,jennifer.miller231@outlook.com,Cloud Storage,Refund Request,My subscription was cancelled without my request and I need clarification.,The duplicate charge was reversed and refund processed within 3-5 business days.,Low,Closed,Chat,North America,48,Female,Premium,36,13,5,37.8,3.51,2024-07-21,2024-07-21,Yes,No,Linux,Chrome,Bank Transfer,Chinese,Night,7,Corporate
76939,Jennifer Lopez,jennifer.lopez366@gmail.com,Subscription Service,Refund Request,The application crashes whenever I try to upload a file.,Subscription status corrected and confirmation email sent to customer.,High,Closed,Email,Australia,66,Male,Free,4,4,1,33.91,7.77,2023-05-03,2023-05-09,No,Yes,iOS,Firefox,Credit Card,Spanish,Afternoon,9,Individual
167887,Charles Thomas,charles.thomas27@yahoo.com,Mobile App,Refund Request,There seems to be a discrepancy in my billing statement for this month.,Payment gateway timeout issue fixed and monitoring implemented.,High,Resolved,Chat,Africa,56,Other,Premium,24,19,5,27.37,222.2,2024-12-13,2024-12-13,Yes,No,Android,Edge,Bank Transfer,German,Morning,2,Small Business
20327,Sarah Smith,sarah.smith98@icloud.com,Analytics Dashboard,Refund Request,I found a bug in the latest update affecting report generation.,We have reset the account credentials and advised the customer to retry login.,Low,Resolved,Chat,South America,57,Female,Free,29,11,1,15.34,221.52,2022-09-07,2022-09-12,No,Yes,Android,Edge,Credit Card,Japanese,Morning,4,Corporate
173667,Barbara Smith,barbara.smith932@hotmail.com,Cloud Storage,Refund Request,Two-factor authentication codes are not being delivered to my phone.,Payment gateway timeout issue fixed and monitoring implemented.,High,Resolved,Phone,Africa,67,Other,Basic,58,10,2,63.67,195.25,2022-06-20,2022-06-24,No,Yes,Android,,Debit Card,French,Night,5,Small Business
121922,Charles Martin,charles.martin785@company.com,Mobile App,Refund Request,Two-factor authentication codes are not being delivered to my phone.,Payment gateway timeout issue fixed and monitoring implemented.,High,Resolved,Phone,Asia,21,Other,Free,21,18,3,33.24,81.51,2022-12-19,2022-12-22,Yes,Yes,iOS,Safari,Bank Transfer,Spanish,Night,10,Corporate
167983,Elizabeth Moore,elizabeth.moore641@yahoo.com,CRM Platform,Refund Request,The payment was deducted from my bank account but the transaction shows failed.,Bug logged internally and workaround shared with the customer.,Medium,Resolved,Chat,North America,75,Other,Basic,32,6,2,30.13,80.88,2022-01-08,2022-01-11,No,Yes,iOS,Firefox,Credit Card,Chinese,Evening,6,Corporate
2438,Richard Jackson,richard.jackson293@gmail.com,CRM Platform,Refund Request,I would like to request a refund for the recent charge.,Subscription status corrected and confirmation email sent to customer.,Medium,Closed,Chat,Africa,61,Other,Enterprise,52,4,3,54.46,208.96,2023-06-26,2023-07-10,No,Yes,iOS,Chrome,Bank Transfer,French,Night,7,Small Business
5586,Thomas Lopez,thomas.lopez244@gmail.com,Cloud Storage,Refund Request,The system is not syncing data across devices properly.,The issue was escalated to engineering and resolved in the latest patch.,Urgent,Resolved,Chat,Africa,54,Male,Enterprise,38,15,3,14.47,100.3,2022-02-15,2022-02-19,No,Yes,Android,Firefox,PayPal,Chinese,Afternoon,3,Individual
38260,Mary Brown,mary.brown351@yahoo.com,Subscription Service,Refund Request,I am experiencing very slow performance while using the dashboard.,Payment gateway timeout issue fixed and monitoring implemented.,High,Closed,Social Media,Europe,39,Male,Free,10,14,5,59.28,214.94,2023-01-23,2023-01-25,No,No,MacOS,Firefox,Bank Transfer,Japanese,Afternoon,1,Individual
66844,David Lopez,david.lopez496@company.com,API Service,Refund Request,I am experiencing very slow performance while using the dashboard.,Security settings updated and customer notified of precautionary measures.,High,Resolved,Phone,Europe,54,Female,Basic,41,20,4,62.95,11.41,2022-07-30,2022-08-12,No,Yes,Windows,Chrome,Credit Card,English,Evening,9,Corporate
117327,Mary Anderson,mary.anderson413@gmail.com,Web Portal,Refund Request,The payment was deducted from my bank account but the transaction shows failed.,Security settings updated and customer notified of precautionary measures.,High,Closed,Social Media,South America,50,Male,Basic,57,14,3,7.42,38.82,2022-09-17,2022-09-27,No,Yes,iOS,Safari,Bank Transfer,Spanish,Morning,1,Corporate
65514,John Gonzalez,john.gonzalez922@hotmail.com,API Service,Refund Request,I am unable to access my account after entering the correct credentials.,Data synchronization restored after backend service restart.,Low,Resolved,Email,Africa,28,Other,Free,17,2,2,8.02,174.13,2024-03-01,2024-03-15,Yes,No,Android,Firefox,Debit Card,Spanish,Afternoon,4,Individual
168066,Barbara Miller,barbara.miller831@yahoo.com,Analytics Dashboard,Refund Request,I am experiencing very slow performance while using the dashboard.,Provided step-by-step troubleshooting instructions and issue resolved.,Medium,Closed,Chat,Africa,20,Male,Basic,41,13,5,31.53,221.56,2024-10-31,2024-11-03,No,No,Windows,Safari,Credit Card,German,Night,9,Individual
36530,Richard Wilson,richard.wilson724@company.com,Billing System,Refund Request,Two-factor authentication codes are not being delivered to my phone.,Data synchronization restored after backend service restart.,Urgent,Closed,Email,Europe,67,Male,Free,59,20,2,54.57,155.02,2022-10-16,2022-10-26,Yes,No,Linux,Edge,Crypto,German,Afternoon,9,Corporate
58265,Joseph Moore,joseph.moore747@icloud.com,Mobile App,Security Concern,There seems to be a discrepancy in my billing statement for this month.,We have reset the account credentials and advised the customer to retry login.,Urgent,Closed,Web Form,North America,22,Other,Enterprise,5,2,4,17.23,181.95,2023-05-27,2023-06-02,Yes,No,iOS,Chrome,Bank Transfer,Japanese,Afternoon,4,Corporate
39826,Karen Jones,karen.jones351@company.com,Mobile App,Security Concern,My subscription was cancelled without my request and I need clarification.,We have reset the account credentials and advised the customer to retry login.,Urgent,Resolved,Chat,Europe,66,Other,Premium,27,17,5,22.15,138.93,2024-01-14,2024-01-26,Yes,No,Linux,Firefox,PayPal,Spanish,Afternoon,1,Corporate
134103,Patricia Rodriguez,patricia.rodriguez639@gmail.com,CRM Platform,Security Concern,I would like to request a refund for the recent charge.,Bug logged internally and workaround shared with the customer.,High,Resolved,Email,Asia,73,Male,Premium,55,0,4,24.78,5.55,2024-03-28,2024-04-04,No,Yes,iOS,Firefox,Crypto,German,Afternoon,5,Individual
167578,Susan Jones,susan.jones484@icloud.com,E-commerce Store,Security Concern,I would like to request a refund for the recent charge.,Explained billing breakdown and clarified applicable charges.,High,Resolved,Phone,Africa,61,Female,Basic,51,7,2,13.89,199.91,2023-11-13,2023-11-25,Yes,No,Windows,Safari,PayPal,Chinese,Evening,5,Small Business
132281,Patricia Rodriguez,patricia.rodriguez511@icloud.com,E-commerce Store,Security Concern,The system is not syncing data across devices properly.,Subscription status corrected and confirmation email sent to customer.,High,Resolved,Phone,North America,21,Male,Free,19,20,3,23.48,28.3,2022-07-07,2022-07-19,Yes,No,Linux,,Debit Card,Chinese,Afternoon,8,Small Business
74741,John Gonzalez,john.gonzalez516@yahoo.com,Cloud Storage,Security Concern,My subscription was cancelled without my request and I need clarification.,Bug logged internally and workaround shared with the customer.,Medium,Resolved,Phone,South America,67,Female,Premium,48,9,1,47.16,213.57,2024-06-27,2024-07-01,Yes,No,Android,Edge,Bank Transfer,German,Evening,1,Corporate
193413,James Taylor,james.taylor646@yahoo.com,CRM Platform,Security Concern,My subscription was cancelled without my request and I need clarification.,Data synchronization restored after backend service restart.,Medium,Resolved,Chat,South America,35,Female,Enterprise,28,17,2,11.23,60.4,2024-12-30,2025-01-09,Yes,Yes,Windows,Chrome,PayPal,English,Evening,8,Small Business
37337,Barbara Anderson,barbara.anderson316@yahoo.com,Mobile App,Security Concern,Two-factor authentication codes are not being delivered to my phone.,The duplicate charge was reversed and refund processed within 3-5 business days.,Urgent,Closed,Web Form,North America,25,Male,Premium,57,1,3,6.62,32.35,2024-09-18,2024-10-01,No,Yes,Android,Safari,Debit Card,Japanese,Night,3,Small Business
53554,Richard Thomas,richard.thomas307@gmail.com,Cloud Storage,Security Concern,Two-factor authentication codes are not being delivered to my phone.,Explained billing breakdown and clarified applicable charges.,Low,Resolved,Chat,South America,43,Female,Free,16,15,1,43.31,184.02,2023-03-21,2023-03-27,Yes,Yes,Linux,Edge,Debit Card,Spanish,Evening,10,Individual
60506,Thomas Jackson,thomas.jackson247@gmail.com,Web Portal,Security Concern,I found a bug in the latest update affecting report generation.,Explained billing breakdown and clarified applicable charges.,Urgent,Closed,Phone,Africa,29,Other,Free,34,1,4,41.57,101.11,2024-09-23,2024-09-26,No,No,Windows,Edge,Crypto,French,Afternoon,1,Individual
36331,Thomas Jackson,thomas.jackson433@outlook.com,E-commerce Store,Security Concern,My subscription was cancelled without my request and I need clarification.,Bug logged internally and workaround shared with the customer.,High,Resolved,Web Form,South America,59,Female,Enterprise,44,14,3,60.65,87.94,2022-11-10,2022-11-22,Yes,Yes,Windows,Safari,Bank Transfer,Spanish,Night,1,Individual
119564,Karen Moore,karen.moore933@company.com,API Service,Security Concern,I found a bug in the latest update affecting report generation.,Security settings updated and customer notified of precautionary measures.,High,Closed,Web Form,Australia,61,Female,Enterprise,33,10,3,17.72,156.76,2023-07-22,2023-07-24,Yes,No,Android,Edge,Crypto,English,Morning,6,Small Business
57230,Richard Garcia,richard.garcia687@outlook.com,Web Portal,Security Concern,I found a bug in the latest update affecting report generation.,The duplicate charge was reversed and refund processed within 3-5 business days.,Urgent,Closed,Phone,Europe,25,Female,Enterprise,13,11,2,21.72,39.75,2024-11-15,2024-11-16,No,No,Windows,Safari,Crypto,German,Evening,5,Corporate
182127,Sarah Brown,sarah.brown271@yahoo.com,Analytics Dashboard,Security Concern,There seems to be a discrepancy in my billing statement for this month.,The issue was escalated to engineering and resolved in the latest patch.,Urgent,Resolved,Email,Europe,34,Female,Enterprise,11,1,2,20.01,64.31,2022-10-07,2022-10-16,No,Yes,MacOS,Safari,PayPal,German,Evening,5,Corporate
111735,Jennifer Wilson,jennifer.wilson406@gmail.com,Subscription Service,Security Concern,I would like to request a refund for the recent charge.,Security settings updated and customer notified of precautionary measures.,Low,Closed,Email,Asia,73,Other,Premium,60,12,1,55.26,65.55,2022-08-05,2022-08-08,No,Yes,Android,Chrome,Bank Transfer,Chinese,Night,6,Individual
5737,Barbara Brown,barbara.brown148@company.com,CRM Platform,Security Concern,I would like to request a refund for the recent charge.,The issue was escalated to engineering and resolved in the latest patch.,Medium,Closed,Web Form,Asia,31,Female,Premium,5,16,5,60.06,27.69,2022-03-30,2022-04-02,No,Yes,iOS,Edge,Debit Card,Chinese,Afternoon,6,Individual
99963,Mary Anderson,mary.anderson78@company.com,Analytics Dashboard,Security Concern,I am unable to access my account after entering the correct credentials.,Subscription status corrected and confirmation email sent to customer.,High,Closed,Social Media,Australia,45,Other,Enterprise,1,14,1,64.11,150.95,2023-05-20,2023-06-01,No,No,iOS,Chrome,Crypto,English,Afternoon,4,Small Business
110723,James Rodriguez,james.rodriguez278@icloud.com,Mobile App,Security Concern,There seems to be a discrepancy in my billing statement for this month.,Subscription status corrected and confirmation email sent to customer.,Urgent,Closed,Social Media,Asia,21,Female,Enterprise,32,0,5,47.81,165.3,2022-06-05,2022-06-15,No,No,Windows,Safari,Credit Card,German,Evening,6,Individual
70183,Linda Jackson,linda.jackson629@hotmail.com,E-commerce Store,Security Concern,I am experiencing very slow performance while using the dashboard.,Payment gateway timeout issue fixed and monitoring implemented.,Medium,Closed,Phone,North America,71,Other,Free,21,2,5,23.43,55.01,2023-11-24,2023-11-30,No,Yes,MacOS,Safari,Bank Transfer,Japanese,Evening,9,Corporate
145630,Elizabeth Hernandez,elizabeth.hernandez980@icloud.com,Analytics Dashboard,Security Concern,I found a bug in the latest update affecting report generation.,Data synchronization restored after backend service restart.,Low,Closed,Phone,North America,50,Other,Premium,16,10,2,20.39,183.44,2022-11-09,2022-11-09,No,No,Linux,Firefox,Bank Transfer,Japanese,Afternoon,2,Individual
197453,David Hernandez,david.hernandez316@yahoo.com,Analytics Dashboard,Security Concern,I am unable to access my account after entering the correct credentials.,The duplicate charge was reversed and refund processed within 3-5 business days.,Low,Resolved,Social Media,Europe,44,Male,Enterprise,3,11,4,42.55,21.12,2022-10-31,2022-11-12,Yes,Yes,Windows,Safari,PayPal,Japanese,Evening,7,Corporate
64179,Patricia Johnson,patricia.johnson141@hotmail.com,Payment Gateway,Security Concern,I would like to request a refund for the recent charge.,Data synchronization restored after backend service restart.,High,Resolved,Social Media,Europe,42,Female,Basic,59,1,1,21.46,153.63,2022-07-06,2022-07-19,No,Yes,Linux,Firefox,Credit Card,English,Night,4,Individual
130665,William Williams,william.williams268@gmail.com,Billing System,Security Concern,Two-factor authentication codes are not being delivered to my phone.,Subscription status corrected and confirmation email sent to customer.,High,Closed,Chat,Africa,40,Other,Basic,10,16,1,40.25,118.56,2022-12-12,2022-12-15,No,No,Windows,Chrome,Crypto,Spanish,Evening,6,Small Business
117637,Robert Martinez,robert.martinez280@hotmail.com,API Service,Security Concern,I found a bug in the latest update affecting report generation.,Bug logged internally and workaround shared with the customer.,Medium,Closed,Chat,Africa,52,Other,Premium,50,5,4,50.94,24.89,2023-05-14,2023-05-26,No,No,Android,Safari,Bank Transfer,Spanish,Afternoon,1,Individual
51545,Richard Martinez,richard.martinez689@outlook.com,Web Portal,Security Concern,I would like to request a refund for the recent charge.,Bug logged internally and workaround shared with the customer.,High,Closed,Chat,South America,25,Other,Enterprise,36,12,1,47.13,131.72,2022-11-22,2022-12-04,Yes,No,iOS,,Credit Card,English,Afternoon,8,Individual
196059,Richard Rodriguez,richard.rodriguez693@hotmail.com,E-commerce Store,Security Concern,The application crashes whenever I try to upload a file.,The duplicate charge was reversed and refund processed within 3-5 business days.,Urgent,Closed,Web Form,North America,22,Female,Free,15,20,2,26.76,107.39,2022-06-12,2022-06-13,No,No,Windows,Chrome,Bank Transfer,German,Evening,10,Individual
8843,Robert Taylor,robert.taylor616@yahoo.com,Web Portal,Security Concern,I am experiencing very slow performance while using the dashboard.,Subscription status corrected and confirmation email sent to customer.,Low,Resolved,Web Form,Australia,59,Male,Premium,15,15,3,70.78,101.5,2023-06-15,2023-06-25,Yes,Yes,Windows,Chrome,Credit Card,French,Night,6,Small Business
164447,Thomas Jones,thomas.jones23@icloud.com,Mobile App,Security Concern,The application crashes whenever I try to upload a file.,Subscription status corrected and confirmation email sent to customer.,Low,Resolved,Phone,South America,68,Female,Enterprise,39,3,5,24.86,110.94,2024-07-29,2024-08-02,Yes,Yes,Linux,Safari,Credit Card,Spanish,Morning,9,Individual
119585,Robert Martinez,robert.martinez60@gmail.com,Billing System,Security Concern,I am unable to access my account after entering the correct credentials.,Payment gateway timeout issue fixed and monitoring implemented.,Urgent,Resolved,Phone,South America,65,Other,Premium,35,18,4,68.92,24.04,2024-06-25,2024-06-28,No,No,MacOS,,Bank Transfer,French,Afternoon,9,Individual
107358,Robert Jones,robert.jones118@company.com,CRM Platform,Security Concern,I found a bug in the latest update affecting report generation.,Security settings updated and customer notified of precautionary measures.,Urgent,Closed,Web Form,Europe,23,Male,Basic,26,8,1,48.14,42.8,2024-09-18,2024-10-01,No,Yes,Linux,,Credit Card,Japanese,Morning,5,Small Business
82720,Patricia Johnson,patricia.johnson166@outlook.com,Analytics Dashboard,Security Concern,I am experiencing very slow performance while using the dashboard.,Bug logged internally and workaround shared with the customer.,Low,Closed,Email,Africa,59,Other,Free,43,17,3,55.49,195.65,2022-06-30,2022-07-08,No,No,iOS,,Credit Card,German,Afternoon,5,Small Business
97306,Michael Brown,michael.brown73@gmail.com,Web Portal,Security Concern,There seems to be a discrepancy in my billing statement for this month.,Data synchronization restored after backend service restart.,Urgent,Resolved,Chat,North America,58,Female,Premium,23,8,2,60.48,146.59,2023-02-25,2023-03-01,Yes,Yes,Linux,Safari,PayPal,English,Morning,1,Individual
77732,Jennifer Hernandez,jennifer.hernandez313@company.com,Payment Gateway,Security Concern,The application crashes whenever I try to upload a file.,We have reset the account credentials and advised the customer to retry login.,High,Closed,Social Media,Asia,56,Other,Free,44,8,1,63.97,216.67,2023-11-21,2023-12-04,Yes,No,iOS,Chrome,Credit Card,Spanish,Morning,4,Individual
129621,Charles Taylor,charles.taylor408@gmail.com,E-commerce Store,Security Concern,I would like to request a refund for the recent charge.,Payment gateway timeout issue fixed and monitoring implemented.,Medium,Resolved,Phone,South America,39,Other,Premium,2,1,1,2.0,179.95,2024-09-24,2024-10-08,Yes,Yes,Windows,Safari,Debit Card,German,Evening,6,Corporate
141033,Patricia Jones,patricia.jones587@outlook.com,Cloud Storage,Security Concern,The payment was deducted from my bank account but the transaction shows failed.,The duplicate charge was reversed and refund processed within 3-5 business days.,Low,Closed,Phone,Africa,61,Other,Premium,52,19,3,66.29,209.73,2022-08-04,2022-08-13,Yes,Yes,Windows,,Credit Card,English,Night,8,Small Business
117346,John Martin,john.martin625@outlook.com,Subscription Service,Security Concern,I am experiencing very slow performance while using the dashboard.,Provided step-by-step troubleshooting instructions and issue resolved.,High,Resolved,Social Media,Australia,47,Other,Enterprise,4,8,3,71.61,11.82,2022-12-06,2022-12-12,No,No,Windows,Edge,Credit Card,French,Afternoon,2,Individual
104915,Mary Williams,mary.williams388@hotmail.com,CRM Platform,Security Concern,I am experiencing very slow performance while using the dashboard.,Data synchronization restored after backend service restart.,Low,Closed,Web Form,Asia,58,Other,Enterprise,40,6,5,20.26,200.26,2023-01-31,2023-02-08,No,No,Linux,,Crypto,English,Morning,3,Individual
183196,Barbara Hernandez,barbara.hernandez813@yahoo.com,Analytics Dashboard,Security Concern,I am unable to access my account after entering the correct credentials.,The duplicate charge was reversed and refund processed within 3-5 business days.,Urgent,Resolved,Email,Australia,31,Other,Basic,9,13,1,62.79,188.05,2022-09-28,2022-10-07,No,No,MacOS,Edge,Bank Transfer,Japanese,Afternoon,7,Individual
14958,Thomas Wilson,thomas.wilson712@gmail.com,CRM Platform,Security Concern,I found a bug in the latest update affecting report generation.,Explained billing breakdown and clarified applicable charges.,Urgent,Resolved,Social Media,South America,72,Other,Basic,55,0,3,8.11,211.69,2022-05-25,2022-05-26,No,No,Windows,Edge,PayPal,Japanese,Night,8,Individual
93999,Patricia Garcia,patricia.garcia358@icloud.com,Billing System,Security Concern,The payment was deducted from my bank account but the transaction shows failed.,Security settings updated and customer notified of precautionary measures.,Medium,Closed,Chat,Europe,57,Female,Enterprise,7,11,3,60.83,196.93,2024-09-12,2024-09-14,No,Yes,MacOS,Chrome,Crypto,German,Evening,7,Small Business
82653,Jennifer Moore,jennifer.moore260@company.com,Cloud Storage,Security Concern,The system is not syncing data across devices properly.,The issue was escalated to engineering and resolved in the latest patch.,Medium,Closed,Phone,Europe,41,Other,Basic,33,11,2,48.58,3.21,2022-01-27,2022-01-28,Yes,No,Windows,Chrome,Crypto,French,Morning,5,Corporate
134298,Mary Smith,mary.smith470@icloud.com,Billing System,Security Concern,Two-factor authentication codes are not being delivered to my phone.,We have reset the account credentials and advised the customer to retry login.,Low,Closed,Chat,North America,73,Male,Enterprise,58,15,5,47.14,168.72,2024-08-02,2024-08-12,No,No,iOS,Chrome,PayPal,Japanese,Evening,4,Corporate
129626,Michael Smith,michael.smith892@yahoo.com,Payment Gateway,Security Concern,I am experiencing very slow performance while using the dashboard.,The issue was escalated to engineering and resolved in the latest patch.,Low,Resolved,Web Form,Europe,74,Female,Premium,8,6,3,29.91,148.6,2022-01-24,2022-01-24,Yes,No,Linux,Chrome,Credit Card,German,Evening,1,Corporate
73845,Joseph Wilson,joseph.wilson843@hotmail.com,CRM Platform,Security Concern,My subscription was cancelled without my request and I need clarification.,Explained billing breakdown and clarified applicable charges.,Low,Closed,Phone,South America,39,Female,Basic,17,11,2,13.08,117.0,2023-07-06,2023-07-16,Yes,No,Android,Firefox,PayPal,English,Afternoon,3,Small Business
97350,Barbara Martinez,barbara.martinez364@gmail.com,Subscription Service,Security Concern,I am unable to access my account after entering the correct credentials.,Explained billing breakdown and clarified applicable charges.,High,Resolved,Web Form,North America,24,Female,Free,46,1,4,20.15,69.58,2022-12-27,2022-12-29,No,No,iOS,Edge,Crypto,Chinese,Afternoon,6,Individual
13780,Elizabeth Thomas,elizabeth.thomas820@company.com,Web Portal,Security Concern,The application crashes whenever I try to upload a file.,The duplicate charge was reversed and refund processed within 3-5 business days.,Medium,Resolved,Social Media,North America,18,Female,Basic,25,0,1,46.34,161.02,2022-01-24,2022-01-25,Yes,Yes,MacOS,Firefox,Bank Transfer,Japanese,Morning,5,Small Business
72256,Robert Wilson,robert.wilson692@hotmail.com,Web Portal,Security Concern,I am experiencing very slow performance while using the dashboard.,Provided step-by-step troubleshooting instructions and issue resolved.,Medium,Closed,Chat,Asia,29,Male,Enterprise,50,7,4,14.76,67.1,2023-01-08,2023-01-20,No,No,Windows,,Debit Card,Chinese,Afternoon,10,Small Business
111197,William Martinez,william.martinez293@gmail.com,E-commerce Store,Security Concern,I would like to request a refund for the recent charge.,We have reset the account credentials and advised the customer to retry login.,Medium,Closed,Social Media,South America,61,Female,Basic,23,11,2,21.09,81.88,2024-07-15,2024-07-26,Yes,Yes,iOS,Chrome,Debit Card,German,Morning,10,Small Business
64324,John Lopez,john.lopez935@yahoo.com,Web Portal,Security Concern,I would like to request a refund for the recent charge.,Subscription status corrected and confirmation email sent to customer.,Low,Closed,Email,Asia,73,Other,Premium,38,12,1,55.42,118.65,2024-08-21,2024-08-31,No,Yes,Linux,,Crypto,Chinese,Night,6,Corporate
17782,James Martinez,james.martinez863@icloud.com,CRM Platform,Security Concern,The system is not syncing data across devices properly.,Payment gateway timeout issue fixed and monitoring implemented.,High,Resolved,Phone,Australia,75,Female,Enterprise,10,3,5,33.2,167.01,2023-08-17,2023-08-21,No,No,iOS,Safari,Bank Transfer,French,Night,10,Small Business
179787,Linda Smith,linda.smith51@outlook.com,Cloud Storage,Security Concern,There seems to be a discrepancy in my billing statement for this month.,Subscription status corrected and confirmation email sent to customer.,Urgent,Closed,Web Form,South America,32,Other,Basic,26,0,1,65.58,86.21,2022-01-13,2022-01-24,No,No,iOS,Safari,Crypto,English,Evening,4,Corporate
20487,Linda Jackson,linda.jackson925@icloud.com,Analytics Dashboard,Security Concern,The payment was deducted from my bank account but the transaction shows failed.,The duplicate charge was reversed and refund processed within 3-5 business days.,Low,Resolved,Phone,Africa,22,Other,Premium,43,8,4,69.36,204.97,2022-08-25,2022-09-03,No,Yes,iOS,Safari,Bank Transfer,Chinese,Afternoon,1,Individual
39687,Elizabeth Gonzalez,elizabeth.gonzalez706@yahoo.com,CRM Platform,Security Concern,The application crashes whenever I try to upload a file.,Provided step-by-step troubleshooting instructions and issue resolved.,Low,Closed,Email,Europe,68,Female,Premium,14,1,1,35.8,156.49,2022-03-15,2022-03-15,No,Yes,iOS,Safari,Bank Transfer,English,Afternoon,3,Small Business
32627,Jennifer Wilson,jennifer.wilson98@company.com,CRM Platform,Security Concern,I am experiencing very slow performance while using the dashboard.,The issue was escalated to engineering and resolved in the latest patch.,Medium,Resolved,Web Form,Africa,29,Male,Enterprise,37,8,2,26.42,236.92,2023-11-18,2023-11-30,No,Yes,Android,Edge,Bank Transfer,Chinese,Evening,4,Individual
135363,Susan Johnson,susan.johnson103@company.com,Subscription Service,Security Concern,I am experiencing very slow performance while using the dashboard.,Provided step-by-step troubleshooting instructions and issue resolved.,High,Closed,Email,Africa,41,Male,Basic,41,12,2,65.95,173.95,2023-12-15,2023-12-27,Yes,No,iOS,Edge,Crypto,French,Morning,6,Individual
174299,Linda Garcia,linda.garcia559@hotmail.com,E-commerce Store,Security Concern,The application crashes whenever I try to upload a file.,Explained billing breakdown and clarified applicable charges.,Low,Resolved,Social Media,North America,72,Other,Premium,21,3,4,38.47,131.83,2024-09-21,2024-09-29,No,Yes,iOS,Safari,Crypto,English,Afternoon,1,Small Business
66772,John Smith,john.smith185@gmail.com,Mobile App,Security Concern,The payment was deducted from my bank account but the transaction shows failed.,Security settings updated and customer notified of precautionary measures.,Urgent,Closed,Chat,Europe,19,Female,Free,4,15,4,44.56,102.46,2022-12-24,2023-01-02,No,Yes,Linux,,Debit Card,English,Morning,10,Small Business
192717,Susan Garcia,susan.garcia151@outlook.com,CRM Platform,Security Concern,The system is not syncing data across devices properly.,Explained billing breakdown and clarified applicable charges.,Medium,Resolved,Phone,Asia,43,Other,Free,9,14,4,35.94,88.4,2024-02-15,2024-02-16,No,Yes,Android,Chrome,Credit Card,German,Night,10,Small Business
67795,Susan Jackson,susan.jackson960@icloud.com,API Service,Security Concern,The application crashes whenever I try to upload a file.,Security settings updated and customer notified of precautionary measures.,Urgent,Closed,Phone,Africa,25,Female,Premium,41,15,1,20.76,8.68,2024-01-31,2024-02-01,Yes,Yes,MacOS,Edge,Crypto,French,Afternoon,5,Individual
173282,Sarah Lopez,sarah.lopez208@hotmail.com,Analytics Dashboard,Security Concern,The payment was deducted from my bank account but the transaction shows failed.,Provided step-by-step troubleshooting instructions and issue resolved.,High,Closed,Phone,Asia,20,Female,Premium,29,14,4,33.88,113.6,2023-12-24,2024-01-01,Yes,Yes,iOS,Safari,Crypto,Chinese,Afternoon,10,Small Business
138566,Jessica Anderson,jessica.anderson828@icloud.com,Subscription Service,Security Concern,I would like to request a refund for the recent charge.,The issue was escalated to engineering and resolved in the latest patch.,High,Closed,Web Form,Europe,49,Female,Basic,9,6,2,6.3,47.91,2023-05-01,2023-05-04,Yes,Yes,MacOS,Firefox,Crypto,German,Night,7,Small Business
57444,Jennifer Martin,jennifer.martin68@yahoo.com,Analytics Dashboard,Security Concern,The system is not syncing data across devices properly.,The issue was escalated to engineering and resolved in the latest patch.,Low,Closed,Phone,Africa,63,Other,Enterprise,23,18,2,61.83,142.84,2022-12-03,2022-12-04,No,No,Windows,Chrome,Bank Transfer,Spanish,Afternoon,7,Small Business
33217,Thomas Taylor,thomas.taylor308@company.com,Web Portal,Security Concern,I found a bug in the latest update affecting report generation.,We have reset the account credentials and advised the customer to retry login.,Medium,Closed,Phone,Asia,60,Male,Premium,47,17,5,10.13,233.92,2023-02-24,2023-03-03,Yes,Yes,Android,Firefox,PayPal,English,Afternoon,1,Corporate
41969,Charles Wilson,charles.wilson114@yahoo.com,Payment Gateway,Security Concern,The payment was deducted from my bank account but the transaction shows failed.,The duplicate charge was reversed and refund processed within 3-5 business days.,Urgent,Closed,Email,South America,42,Male,Premium,37,17,2,53.71,179.01,2022-01-21,2022-01-22,Yes,No,Linux,Edge,Credit Card,English,Night,4,Small Business
148765,Charles Martin,charles.martin153@yahoo.com,E-commerce Store,Security Concern,My subscription was cancelled without my request and I need clarification.,Bug logged internally and workaround shared with the customer.,High,Closed,Social Media,Europe,21,Other,Enterprise,37,17,4,27.98,234.24,2024-05-10,2024-05-18,No,No,Windows,,PayPal,Spanish,Afternoon,4,Corporate
136277,Thomas Jackson,thomas.jackson299@company.com,Billing System,Security Concern,The application crashes whenever I try to upload a file.,Subscription status corrected and confirmation email sent to customer.,Medium,Resolved,Chat,Europe,32,Other,Basic,36,8,2,26.98,122.13,2023-04-19,2023-04-30,Yes,No,Android,Firefox,Credit Card,German,Evening,9,Corporate
181324,David Martinez,david.martinez565@outlook.com,Cloud Storage,Security Concern,I am unable to access my account after entering the correct credentials.,Subscription status corrected and confirmation email sent to customer.,High,Closed,Web Form,Australia,47,Male,Premium,11,5,3,62.15,43.02,2022-01-25,2022-02-03,Yes,No,iOS,Chrome,Debit Card,Chinese,Evening,7,Small Business
133766,Karen Rodriguez,karen.rodriguez624@company.com,Mobile App,Security Concern,I am unable to access my account after entering the correct credentials.,We have reset the account credentials and advised the customer to retry login.,High,Closed,Web Form,Asia,32,Male,Basic,28,4,3,1.29,236.3,2023-05-29,2023-06-05,No,No,iOS,,Debit Card,French,Morning,4,Corporate
179814,Thomas Taylor,thomas.taylor929@outlook.com,Mobile App,Security Concern,I found a bug in the latest update affecting report generation.,Explained billing breakdown and clarified applicable charges.,Medium,Closed,Social Media,Africa,49,Female,Premium,30,5,2,24.11,194.46,2024-11-08,2024-11-20,No,No,Android,,Debit Card,German,Night,6,Corporate
22743,David Williams,david.williams412@icloud.com,Cloud Storage,Security Concern,I am unable to access my account after entering the correct credentials.,Data synchronization restored after backend service restart.,High,Closed,Web Form,Europe,69,Female,Premium,37,13,5,8.47,212.43,2022-07-22,2022-07-25,Yes,Yes,Windows,Safari,Debit Card,Spanish,Evening,9,Individual
59413,Sarah Martinez,sarah.martinez472@outlook.com,Payment Gateway,Security Concern,The payment was deducted from my bank account but the transaction shows failed.,Bug logged internally and workaround shared with the customer.,Low,Closed,Social Media,Asia,34,Female,Basic,40,11,3,14.1,233.46,2022-09-09,2022-09-23,No,No,MacOS,Chrome,Bank Transfer,Chinese,Morning,1,Individual
87555,Mary Thomas,mary.thomas467@gmail.com,Payment Gateway,Security Concern,I would like to request a refund for the recent charge.,Security settings updated and customer notified of precautionary measures.,High,Closed,Phone,South America,23,Male,Basic,1,8,1,23.59,67.95,2022-10-29,2022-11-12,Yes,Yes,iOS,Chrome,Debit Card,English,Evening,1,Small Business
96402,Charles Rodriguez,charles.rodriguez361@yahoo.com,CRM Platform,Security Concern,I am unable to access my account after entering the correct credentials.,The duplicate charge was reversed and refund processed within 3-5 business days.,High,Closed,Email,North America,69,Female,Enterprise,51,7,3,14.51,214.82,2024-11-03,2024-11-08,No,No,Linux,Safari,Crypto,Chinese,Evening,6,Individual
161573,William Smith,william.smith530@company.com,CRM Platform,Security Concern,The payment was deducted from my bank account but the transaction shows failed.,The duplicate charge was reversed and refund processed within 3-5 business days.,Medium,Resolved,Social Media,South America,48,Female,Enterprise,57,7,2,9.34,164.58,2022-03-29,2022-04-11,No,Yes,MacOS,,Debit Card,Spanish,Afternoon,10,Corporate
175596,Linda Hernandez,linda.hernandez958@company.com,Analytics Dashboard,Security Concern,The payment was deducted from my bank account but the transaction shows failed.,Explained billing breakdown and clarified applicable charges.,Low,Resolved,Phone,North America,27,Male,Premium,58,7,2,36.24,1.02,2023-01-03,2023-01-15,Yes,Yes,Linux,,PayPal,German,Night,4,Small Business
85254,William Hernandez,william.hernandez782@hotmail.com,Cloud Storage,Security Concern,The payment was deducted from my bank account but the transaction shows failed.,Provided step-by-step troubleshooting instructions and issue resolved.,Urgent,Resolved,Web Form,North America,31,Other,Enterprise,49,13,5,38.1,123.67,2024-09-17,2024-09-29,Yes,Yes,iOS,Chrome,Bank Transfer,Japanese,Morning,6,Individual
49490,Sarah Miller,sarah.miller256@yahoo.com,Billing System,Security Concern,The payment was deducted from my bank account but the transaction shows failed.,Provided step-by-step troubleshooting instructions and issue resolved.,Medium,Closed,Email,North America,54,Other,Premium,59,11,4,71.52,60.78,2023-08-01,2023-08-05,No,Yes,iOS,Firefox,Bank Transfer,German,Night,9,Small Business
195236,David Rodriguez,david.rodriguez139@company.com,Payment Gateway,Security Concern,Two-factor authentication codes are not being delivered to my phone.,Security settings updated and customer notified of precautionary measures.,Medium,Resolved,Web Form,North America,42,Other,Free,39,15,1,26.64,52.03,2022-08-11,2022-08-21,No,Yes,Linux,Chrome,Credit Card,Japanese,Afternoon,9,Individual
82911,John Martin,john.martin70@gmail.com,Mobile App,Security Concern,The application crashes whenever I try to upload a file.,Subscription status corrected and confirmation email sent to customer.,Urgent,Resolved,Web Form,Asia,72,Other,Enterprise,23,12,2,58.42,130.56,2024-01-14,2024-01-25,No,No,Android,Edge,Credit Card,German,Morning,7,Individual
474,Thomas Lopez,thomas.lopez17@hotmail.com,Cloud Storage,Security Concern,There seems to be a discrepancy in my billing statement for this month.,Data synchronization restored after backend service restart.,High,Closed,Phone,Africa,22,Other,Free,37,2,5,56.31,128.09,2024-06-14,2024-06-14,Yes,No,Linux,Firefox,Credit Card,Japanese,Night,5,Small Business
178745,Sarah Thomas,sarah.thomas525@company.com,Subscription Service,Security Concern,I am experiencing very slow performance while using the dashboard.,Explained billing breakdown and clarified applicable charges.,Urgent,Resolved,Social Media,North America,58,Other,Premium,18,17,1,2.92,169.65,2024-09-01,2024-09-05,Yes,Yes,Android,Chrome,Bank Transfer,French,Night,8,Individual
138064,John Williams,john.williams379@icloud.com,API Service,Security Concern,My subscription was cancelled without my request and I need clarification.,The issue was escalated to engineering and resolved in the latest patch.,High,Resolved,Web Form,Africa,28,Male,Premium,2,17,2,32.76,187.54,2023-07-04,2023-07-14,Yes,No,MacOS,Firefox,PayPal,French,Evening,3,Small Business
34698,Thomas Moore,thomas.moore419@company.com,Analytics Dashboard,Security Concern,There seems to be a discrepancy in my billing statement for this month.,The duplicate charge was reversed and refund processed within 3-5 business days.,Medium,Resolved,Social Media,Australia,75,Female,Free,46,3,5,53.52,159.8,2023-05-20,2023-05-23,No,Yes,Android,Edge,Bank Transfer,French,Morning,8,Corporate
49179,Susan Moore,susan.moore894@gmail.com,E-commerce Store,Security Concern,I found a bug in the latest update affecting report generation.,Provided step-by-step troubleshooting instructions and issue resolved.,Medium,Closed,Social Media,North America,18,Male,Free,53,10,2,16.11,199.12,2022-09-12,2022-09-26,Yes,No,MacOS,Edge,Credit Card,English,Morning,5,Individual
66441,William Martinez,william.martinez398@outlook.com,CRM Platform,Security Concern,The system is not syncing data across devices properly.,We have reset the account credentials and advised the customer to retry login.,Low,Closed,Chat,Australia,67,Male,Free,14,1,2,55.82,56.57,2022-03-05,2022-03-18,Yes,No,Android,Safari,Crypto,Spanish,Night,2,Corporate
11358,Michael Jones,michael.jones130@company.com,E-commerce Store,Security Concern,My subscription was cancelled without my request and I need clarification.,We have reset the account credentials and advised the customer to retry login.,Low,Resolved,Phone,North America,74,Other,Basic,48,11,2,71.67,29.23,2023-08-02,2023-08-04,Yes,No,Android,Edge,Crypto,French,Morning,2,Individual
59859,Susan Wilson,susan.wilson407@icloud.com,Mobile App,Security Concern,I found a bug in the latest update affecting report generation.,Bug logged internally and workaround shared with the customer.,Urgent,Resolved,Email,Africa,40,Male,Free,38,5,5,3.37,76.22,2024-10-06,2024-10-06,No,Yes,iOS,Safari,Bank Transfer,English,Night,7,Individual
46884,Jessica Williams,jessica.williams100@outlook.com,Mobile App,Security Concern,I am unable to access my account after entering the correct credentials.,Subscription status corrected and confirmation email sent to customer.,Medium,Closed,Web Form,South America,59,Female,Free,6,2,5,36.74,89.28,2024-10-13,2024-10-16,No,Yes,iOS,Chrome,Bank Transfer,German,Night,3,Small Business
62150,Joseph Brown,joseph.brown507@yahoo.com,Web Portal,Security Concern,I found a bug in the latest update affecting report generation.,Security settings updated and customer notified of precautionary measures.,Medium,Closed,Web Form,Africa,20,Male,Enterprise,4,3,1,50.08,57.63,2023-08-21,2023-08-24,Yes,No,Android,Chrome,Crypto,French,Afternoon,2,Small Business
93785,Susan Brown,susan.brown585@gmail.com,Cloud Storage,Security Concern,There seems to be a discrepancy in my billing statement for this month.,Bug logged internally and workaround shared with the customer.,Urgent,Resolved,Email,Africa,72,Male,Premium,52,3,2,30.54,217.03,2024-08-18,2024-08-22,No,Yes,Linux,Chrome,Crypto,French,Night,10,Small Business
114941,Charles Rodriguez,charles.rodriguez817@outlook.com,Cloud Storage,Security Concern,The payment was deducted from my bank account but the transaction shows failed.,Provided step-by-step troubleshooting instructions and issue resolved.,Medium,Resolved,Phone,North America,65,Female,Free,56,0,3,24.16,162.95,2022-03-02,2022-03-15,No,Yes,iOS,Chrome,Credit Card,Chinese,Night,4,Corporate
63045,William Brown,william.brown939@hotmail.com,Payment Gateway,Security Concern,The system is not syncing data across devices properly.,Provided step-by-step troubleshooting instructions and issue resolved.,Urgent,Closed,Phone,South America,68,Female,Enterprise,30,11,5,56.18,84.75,2022-02-14,2022-02-21,Yes,Yes,Android,Firefox,Credit Card,Spanish,Night,1,Individual
41031,Barbara Taylor,barbara.taylor197@company.com,E-commerce Store,Security Concern,I found a bug in the latest update affecting report generation.,The issue was escalated to engineering and resolved in the latest patch.,Urgent,Closed,Email,South America,37,Female,Basic,15,11,1,61.94,62.58,2024-12-24,2024-12-24,Yes,No,iOS,Firefox,Bank Transfer,Japanese,Morning,3,Corporate
104231,Joseph Jackson,joseph.jackson327@yahoo.com,API Service,Security Concern,Two-factor authentication codes are not being delivered to my phone.,Subscription status corrected and confirmation email sent to customer.,Medium,Closed,Social Media,North America,65,Male,Premium,59,3,3,55.7,238.79,2024-09-28,2024-10-01,No,No,iOS,Firefox,Credit Card,English,Afternoon,1,Individual
27809,Patricia Taylor,patricia.taylor741@gmail.com,Mobile App,Security Concern,I found a bug in the latest update affecting report generation.,Bug logged internally and workaround shared with the customer.,Urgent,Closed,Chat,Australia,68,Female,Enterprise,24,15,4,32.3,145.1,2023-07-13,2023-07-17,Yes,Yes,iOS,Edge,PayPal,Spanish,Morning,5,Small Business
45051,Robert Martin,robert.martin566@icloud.com,Billing System,Security Concern,My subscription was cancelled without my request and I need clarification.,The issue was escalated to engineering and resolved in the latest patch.,Urgent,Closed,Phone,Europe,54,Male,Enterprise,15,3,4,52.39,34.16,2022-12-16,2022-12-26,No,No,iOS,Safari,Credit Card,Chinese,Morning,8,Individual
123837,Jennifer Brown,jennifer.brown823@gmail.com,Subscription Service,Security Concern,My subscription was cancelled without my request and I need clarification.,Data synchronization restored after backend service restart.,Urgent,Closed,Social Media,South America,48,Female,Premium,37,20,3,24.86,106.52,2022-03-01,2022-03-03,No,No,MacOS,Firefox,Debit Card,French,Night,5,Individual
186395,Robert Lopez,robert.lopez34@icloud.com,Cloud Storage,Security Concern,The application crashes whenever I try to upload a file.,Data synchronization restored after backend service restart.,Low,Closed,Phone,Asia,27,Female,Premium,21,3,1,70.57,52.22,2024-08-09,2024-08-11,No,No,MacOS,Chrome,Crypto,Spanish,Morning,4,Individual
163802,John Jackson,john.jackson889@hotmail.com,Web Portal,Security Concern,The payment was deducted from my bank account but the transaction shows failed.,The duplicate charge was reversed and refund processed within 3-5 business days.,High,Closed,Phone,North America,48,Male,Premium,48,20,3,16.39,75.06,2024-06-30,2024-07-09,Yes,No,Linux,Edge,Debit Card,Japanese,Afternoon,9,Corporate
130135,Elizabeth Davis,elizabeth.davis492@hotmail.com,Mobile App,Security Concern,I am experiencing very slow performance while using the dashboard.,Security settings updated and customer notified of precautionary measures.,Urgent,Resolved,Phone,South America,75,Female,Free,7,6,4,41.45,102.93,2024-03-26,2024-03-31,Yes,No,Windows,Firefox,Credit Card,English,Night,10,Individual
6880,James Brown,james.brown781@yahoo.com,E-commerce Store,Security Concern,I would like to request a refund for the recent charge.,We have reset the account credentials and advised the customer to retry login.,Low,Resolved,Email,South America,55,Other,Enterprise,32,15,4,59.22,174.78,2023-03-24,2023-03-30,No,Yes,Windows,,Crypto,French,Evening,4,Small Business
167195,Jessica Wilson,jessica.wilson373@company.com,Payment Gateway,Security Concern,My subscription was cancelled without my request and I need clarification.,Provided step-by-step troubleshooting instructions and issue resolved.,Low,Closed,Web Form,Asia,62,Other,Enterprise,47,12,5,27.59,145.24,2024-01-30,2024-02-07,No,No,Android,Firefox,Credit Card,German,Evening,7,Corporate
56395,Thomas Anderson,thomas.anderson663@gmail.com,Analytics Dashboard,Security Concern,There seems to be a discrepancy in my billing statement for this month.,Explained billing breakdown and clarified applicable charges.,High,Closed,Email,Asia,19,Male,Free,32,8,2,24.9,117.56,2024-09-16,2024-09-26,Yes,Yes,iOS,Edge,Bank Transfer,German,Evening,10,Individual
75395,Jennifer Jackson,jennifer.jackson398@outlook.com,Cloud Storage,Security Concern,I am unable to access my account after entering the correct credentials.,We have reset the account credentials and advised the customer to retry login.,High,Closed,Phone,South America,45,Female,Basic,11,16,4,62.29,151.15,2022-05-13,2022-05-19,No,Yes,Linux,Edge,PayPal,German,Night,1,Corporate
150658,Susan Garcia,susan.garcia377@company.com,Subscription Service,Security Concern,I found a bug in the latest update affecting report generation.,Payment gateway timeout issue fixed and monitoring implemented.,Low,Closed,Chat,North America,27,Other,Free,44,18,5,71.68,2.41,2023-10-01,2023-10-02,Yes,No,iOS,Chrome,Bank Transfer,English,Morning,4,Small Business
42477,Joseph Martin,joseph.martin656@hotmail.com,Mobile App,Security Concern,I would like to request a refund for the recent charge.,Payment gateway timeout issue fixed and monitoring implemented.,Low,Closed,Web Form,Europe,34,Other,Enterprise,24,13,5,32.88,75.3,2024-07-08,2024-07-15,Yes,Yes,iOS,Chrome,Bank Transfer,German,Evening,10,Individual
195537,Susan Gonzalez,susan.gonzalez877@outlook.com,API Service,Security Concern,The system is not syncing data across devices properly.,Security settings updated and customer notified of precautionary measures.,Medium,Closed,Phone,South America,70,Male,Free,33,3,1,57.19,13.92,2022-12-18,2022-12-19,Yes,No,Android,Chrome,Credit Card,German,Afternoon,7,Small Business
65532,Linda Wilson,linda.wilson294@company.com,Cloud Storage,Security Concern,There seems to be a discrepancy in my billing statement for this month.,The issue was escalated to engineering and resolved in the latest patch.,High,Closed,Chat,Europe,39,Male,Free,46,14,5,0.87,97.48,2023-10-07,2023-10-10,No,No,MacOS,Edge,Crypto,Japanese,Evening,4,Small Business
70080,James Johnson,james.johnson177@gmail.com,Payment Gateway,Security Concern,I am experiencing very slow performance while using the dashboard.,Provided step-by-step troubleshooting instructions and issue resolved.,High,Resolved,Email,South America,25,Male,Premium,3,19,1,61.73,35.3,2023-01-23,2023-02-01,No,Yes,Windows,Firefox,Credit Card,Chinese,Evening,2,Individual
19165,Barbara Lopez,barbara.lopez252@yahoo.com,API Service,Security Concern,Two-factor authentication codes are not being delivered to my phone.,The issue was escalated to engineering and resolved in the latest patch.,Low,Resolved,Email,Africa,68,Male,Enterprise,24,0,5,29.11,139.22,2022-08-30,2022-09-13,Yes,No,Linux,Chrome,Debit Card,Chinese,Morning,3,Corporate
36068,William Johnson,william.johnson736@icloud.com,Payment Gateway,Security Concern,I would like to request a refund for the recent charge.,The duplicate charge was reversed and refund processed within 3-5 business days.,Low,Closed,Chat,South America,46,Other,Free,23,4,3,63.6,220.38,2023-04-14,2023-04-26,No,Yes,Android,Safari,Bank Transfer,Spanish,Evening,9,Individual
90813,Richard Lopez,richard.lopez46@yahoo.com,Analytics Dashboard,Security Concern,I found a bug in the latest update affecting report generation.,The issue was escalated to engineering and resolved in the latest patch.,High,Resolved,Chat,North America,47,Male,Free,16,11,3,47.84,10.67,2022-07-11,2022-07-22,No,Yes,iOS,Edge,Credit Card,English,Night,6,Small Business
118913,Linda Johnson,linda.johnson410@outlook.com,Analytics Dashboard,Security Concern,There seems to be a discrepancy in my billing statement for this month.,We have reset the account credentials and advised the customer to retry login.,High,Resolved,Email,Europe,42,Male,Enterprise,56,1,5,22.5,4.88,2024-06-02,2024-06-16,No,Yes,Linux,Edge,Crypto,Spanish,Morning,4,Individual
174261,Jennifer Thomas,jennifer.thomas764@company.com,Web Portal,Security Concern,There seems to be a discrepancy in my billing statement for this month.,Explained billing breakdown and clarified applicable charges.,High,Resolved,Email,Asia,75,Male,Free,21,13,2,65.22,142.56,2023-10-05,2023-10-17,No,Yes,Windows,Firefox,Bank Transfer,Japanese,Night,5,Small Business
123334,Linda Rodriguez,linda.rodriguez370@yahoo.com,Cloud Storage,Security Concern,The payment was deducted from my bank account but the transaction shows failed.,Payment gateway timeout issue fixed and monitoring implemented.,High,Closed,Phone,South America,26,Male,Enterprise,31,0,4,46.63,79.85,2024-03-20,2024-03-20,No,No,iOS,Edge,PayPal,Spanish,Morning,5,Individual
25379,David Jones,david.jones485@gmail.com,Billing System,Security Concern,I found a bug in the latest update affecting report generation.,Payment gateway timeout issue fixed and monitoring implemented.,Low,Resolved,Web Form,Europe,62,Male,Premium,59,15,5,56.75,53.7,2022-11-29,2022-12-10,Yes,Yes,Windows,Chrome,Bank Transfer,Japanese,Morning,5,Corporate
103311,James Martin,james.martin104@outlook.com,Analytics Dashboard,Security Concern,Two-factor authentication codes are not being delivered to my phone.,We have reset the account credentials and advised the customer to retry login.,Low,Resolved,Social Media,Asia,53,Other,Basic,53,20,4,21.6,158.31,2022-05-13,2022-05-17,No,Yes,MacOS,Chrome,Bank Transfer,Spanish,Afternoon,8,Corporate
186550,Karen Jones,karen.jones439@company.com,Mobile App,Security Concern,The payment was deducted from my bank account but the transaction shows failed.,Explained billing breakdown and clarified applicable charges.,Urgent,Resolved,Chat,Australia,23,Female,Free,6,5,1,17.48,72.69,2023-02-21,2023-02-24,Yes,No,Android,Safari,PayPal,Spanish,Evening,4,Small Business
42576,Richard Brown,richard.brown807@yahoo.com,Billing System,Security Concern,There seems to be a discrepancy in my billing statement for this month.,Subscription status corrected and confirmation email sent to customer.,Low,Closed,Web Form,Africa,29,Other,Basic,28,14,1,66.18,113.35,2023-12-06,2023-12-11,Yes,Yes,iOS,Safari,Bank Transfer,Japanese,Afternoon,7,Individual
27593,Michael Martin,michael.martin482@icloud.com,Analytics Dashboard,Security Concern,I am unable to access my account after entering the correct credentials.,The issue was escalated to engineering and resolved in the latest patch.,Low,Closed,Web Form,South America,49,Female,Free,46,4,5,69.51,32.64,2024-10-23,2024-11-05,No,No,MacOS,Edge,PayPal,German,Afternoon,8,Small Business
171695,Thomas Martinez,thomas.martinez918@outlook.com,API Service,Subscription Cancellation,The system is not syncing data across devices properly.,The duplicate charge was reversed and refund processed within 3-5 business days.,Low,Closed,Phone,Europe,23,Female,Basic,59,13,1,57.34,55.71,2022-03-29,2022-04-09,No,No,Windows,Edge,Crypto,French,Night,6,Corporate
100955,Thomas Gonzalez,thomas.gonzalez166@outlook.com,Cloud Storage,Subscription Cancellation,Two-factor authentication codes are not being delivered to my phone.,Security settings updated and customer notified of precautionary measures.,High,Resolved,Web Form,North America,18,Other,Enterprise,35,13,5,43.45,92.6,2022-12-16,2022-12-26,No,Yes,iOS,Chrome,Bank Transfer,German,Afternoon,4,Corporate
74251,Sarah Jones,sarah.jones500@gmail.com,E-commerce Store,Subscription Cancellation,I am unable to access my account after entering the correct credentials.,We have reset the account credentials and advised the customer to retry login.,Urgent,Closed,Web Form,Africa,54,Male,Premium,11,19,1,28.77,117.07,2024-11-15,2024-11-28,No,Yes,Windows,Firefox,Bank Transfer,French,Evening,2,Small Business
92829,Michael Brown,michael.brown296@outlook.com,CRM Platform,Subscription Cancellation,There seems to be a discrepancy in my billing statement for this month.,Provided step-by-step troubleshooting instructions and issue resolved.,Medium,Resolved,Phone,Europe,22,Other,Premium,21,8,2,12.26,159.63,2023-10-15,2023-10-17,No,No,MacOS,,Credit Card,German,Evening,1,Corporate
7122,Joseph Jackson,joseph.jackson566@icloud.com,CRM Platform,Subscription Cancellation,Two-factor authentication codes are not being delivered to my phone.,The issue was escalated to engineering and resolved in the latest patch.,Medium,Closed,Phone,North America,74,Male,Premium,54,9,1,52.26,176.98,2023-04-01,2023-04-01,Yes,No,iOS,Safari,Credit Card,Chinese,Night,7,Small Business
113499,John Brown,john.brown13@hotmail.com,Subscription Service,Subscription Cancellation,There seems to be a discrepancy in my billing statement for this month.,Explained billing breakdown and clarified applicable charges.,Low,Closed,Chat,Australia,37,Male,Free,32,7,4,68.16,88.82,2022-12-02,2022-12-11,Yes,Yes,Windows,Chrome,Credit Card,Spanish,Afternoon,4,Individual
82577,James Smith,james.smith615@icloud.com,Cloud Storage,Subscription Cancellation,I am unable to access my account after entering the correct credentials.,Payment gateway timeout issue fixed and monitoring implemented.,Medium,Resolved,Email,Europe,55,Other,Basic,42,7,5,12.35,109.76,2024-08-13,2024-08-18,Yes,No,Android,Safari,PayPal,Chinese,Afternoon,10,Individual
159832,Barbara Gonzalez,barbara.gonzalez325@gmail.com,Mobile App,Subscription Cancellation,The system is not syncing data across devices properly.,Bug logged internally and workaround shared with the customer.,High,Closed,Chat,Africa,22,Other,Free,46,17,1,11.61,65.2,2024-04-30,2024-05-07,No,No,MacOS,Chrome,PayPal,French,Morning,7,Small Business
96768,Richard Thomas,richard.thomas679@gmail.com,Billing System,Subscription Cancellation,I found a bug in the latest update affecting report generation.,Subscription status corrected and confirmation email sent to customer.,High,Resolved,Email,Europe,37,Female,Premium,18,8,4,61.87,116.36,2022-03-10,2022-03-19,Yes,No,Windows,,PayPal,Chinese,Evening,6,Individual
180988,Charles Gonzalez,charles.gonzalez815@gmail.com,Payment Gateway,Subscription Cancellation,I found a bug in the latest update affecting report generation.,Subscription status corrected and confirmation email sent to customer.,High,Resolved,Phone,Asia,59,Female,Basic,36,20,4,16.06,147.01,2023-07-28,2023-08-04,Yes,No,iOS,Safari,Crypto,German,Evening,3,Individual
84088,Richard Rodriguez,richard.rodriguez927@gmail.com,Billing System,Subscription Cancellation,I found a bug in the latest update affecting report generation.,Payment gateway timeout issue fixed and monitoring implemented.,Medium,Closed,Phone,North America,59,Other,Basic,40,8,2,33.14,58.57,2024-12-28,2025-01-11,No,No,MacOS,Firefox,PayPal,Chinese,Evening,9,Small Business
155835,Jessica Brown,jessica.brown562@yahoo.com,Cloud Storage,Subscription Cancellation,There seems to be a discrepancy in my billing statement for this month.,The issue was escalated to engineering and resolved in the latest patch.,High,Resolved,Social Media,Africa,37,Other,Free,47,9,1,21.53,3.94,2023-05-10,2023-05-11,Yes,Yes,Android,Edge,Crypto,German,Evening,7,Corporate
174890,Karen Rodriguez,karen.rodriguez927@icloud.com,Mobile App,Subscription Cancellation,There seems to be a discrepancy in my billing statement for this month.,Data synchronization restored after backend service restart.,High,Closed,Phone,Europe,45,Male,Basic,28,16,4,5.11,112.06,2024-02-19,2024-02-25,Yes,No,Android,Firefox,PayPal,Chinese,Afternoon,4,Corporate
198407,Jessica Wilson,jessica.wilson788@yahoo.com,Subscription Service,Subscription Cancellation,The application crashes whenever I try to upload a file.,Provided step-by-step troubleshooting instructions and issue resolved.,Medium,Resolved,Email,North America,35,Female,Enterprise,54,14,1,25.58,146.05,2024-07-11,2024-07-12,No,No,Windows,Safari,PayPal,French,Afternoon,10,Small Business
103385,Elizabeth Anderson,elizabeth.anderson634@yahoo.com,Billing System,Subscription Cancellation,I am experiencing very slow performance while using the dashboard.,Explained billing breakdown and clarified applicable charges.,Urgent,Resolved,Social Media,South America,57,Female,Premium,32,3,3,58.28,95.35,2023-05-08,2023-05-22,No,No,MacOS,Safari,Credit Card,Japanese,Afternoon,4,Individual
25022,Elizabeth Wilson,elizabeth.wilson212@hotmail.com,Analytics Dashboard,Subscription Cancellation,My subscription was cancelled without my request and I need clarification.,Bug logged internally and workaround shared with the customer.,Medium,Closed,Email,Asia,69,Other,Premium,10,5,5,39.95,190.22,2023-05-09,2023-05-19,Yes,Yes,MacOS,Safari,Crypto,Japanese,Evening,5,Individual
194998,Thomas Martinez,thomas.martinez501@gmail.com,Analytics Dashboard,Subscription Cancellation,I found a bug in the latest update affecting report generation.,Data synchronization restored after backend service restart.,Urgent,Closed,Social Media,Europe,59,Female,Enterprise,48,10,5,70.4,40.1,2022-05-05,2022-05-14,Yes,No,MacOS,Safari,Credit Card,Chinese,Evening,1,Individual
111683,David Taylor,david.taylor490@company.com,Subscription Service,Subscription Cancellation,There seems to be a discrepancy in my billing statement for this month.,Data synchronization restored after backend service restart.,High,Closed,Social Media,South America,66,Male,Premium,36,6,2,56.3,39.35,2022-11-09,2022-11-21,No,Yes,iOS,Firefox,Bank Transfer,English,Morning,10,Small Business
83010,John Anderson,john.anderson803@hotmail.com,Subscription Service,Subscription Cancellation,Two-factor authentication codes are not being delivered to my phone.,Subscription status corrected and confirmation email sent to customer.,High,Closed,Social Media,Australia,63,Other,Free,31,6,5,12.13,86.01,2022-02-15,2022-02-26,No,Yes,iOS,Safari,PayPal,German,Night,10,Small Business
113406,Michael Johnson,michael.johnson165@icloud.com,Subscription Service,Subscription Cancellation,I found a bug in the latest update affecting report generation.,Data synchronization restored after backend service restart.,Urgent,Closed,Email,North America,23,Other,Free,3,19,5,22.97,178.82,2022-04-03,2022-04-16,Yes,No,Android,Edge,Credit Card,German,Morning,4,Corporate
161611,Jennifer Smith,jennifer.smith667@hotmail.com,E-commerce Store,Subscription Cancellation,The payment was deducted from my bank account but the transaction shows failed.,Subscription status corrected and confirmation email sent to customer.,Low,Closed,Web Form,Europe,19,Female,Basic,60,1,2,65.5,112.6,2022-04-30,2022-05-02,Yes,Yes,Android,Edge,Crypto,Spanish,Evening,1,Small Business
118660,Susan Garcia,susan.garcia995@icloud.com,Mobile App,Subscription Cancellation,The system is not syncing data across devices properly.,Payment gateway timeout issue fixed and monitoring implemented.,Urgent,Resolved,Social Media,South America,18,Female,Basic,15,17,4,14.98,105.83,2022-08-31,2022-09-03,Yes,Yes,Windows,Firefox,Debit Card,English,Evening,4,Small Business
158856,David Jackson,david.jackson200@company.com,Subscription Service,Subscription Cancellation,The application crashes whenever I try to upload a file.,The issue was escalated to engineering and resolved in the latest patch.,Low,Resolved,Email,Europe,41,Female,Premium,37,8,5,38.02,52.24,2024-06-22,2024-06-25,No,Yes,Linux,Safari,Bank Transfer,Japanese,Afternoon,3,Corporate
51874,James Jones,james.jones158@yahoo.com,Mobile App,Subscription Cancellation,The payment was deducted from my bank account but the transaction shows failed.,Data synchronization restored after backend service restart.,High,Closed,Phone,South America,18,Female,Basic,22,10,3,29.94,76.79,2023-05-08,2023-05-22,No,Yes,Android,Safari,PayPal,German,Night,2,Individual
165865,Jennifer Moore,jennifer.moore333@hotmail.com,Subscription Service,Subscription Cancellation,I would like to request a refund for the recent charge.,The duplicate charge was reversed and refund processed within 3-5 business days.,Urgent,Resolved,Web Form,Asia,43,Male,Basic,34,19,5,56.97,222.93,2024-08-05,2024-08-14,Yes,Yes,Android,Chrome,Bank Transfer,Japanese,Morning,10,Small Business
34054,William Davis,william.davis74@company.com,Analytics Dashboard,Subscription Cancellation,Two-factor authentication codes are not being delivered to my phone.,Bug logged internally and workaround shared with the customer.,Urgent,Closed,Email,Asia,50,Other,Premium,13,14,2,5.48,172.96,2023-09-10,2023-09-12,No,Yes,MacOS,,Bank Transfer,English,Evening,3,Corporate
183859,Richard Thomas,richard.thomas151@company.com,Cloud Storage,Subscription Cancellation,My subscription was cancelled without my request and I need clarification.,Explained billing breakdown and clarified applicable charges.,High,Resolved,Phone,Europe,57,Other,Enterprise,4,17,1,70.09,116.05,2024-01-04,2024-01-10,Yes,No,iOS,Chrome,Crypto,Chinese,Morning,8,Individual
148185,Sarah Wilson,sarah.wilson763@icloud.com,Analytics Dashboard,Subscription Cancellation,I am unable to access my account after entering the correct credentials.,Provided step-by-step troubleshooting instructions and issue resolved.,High,Resolved,Phone,Asia,39,Female,Basic,53,8,3,33.35,105.71,2022-11-12,2022-11-13,Yes,No,Linux,,Credit Card,French,Night,8,Small Business
80429,Patricia Martin,patricia.martin399@icloud.com,Web Portal,Subscription Cancellation,I am unable to access my account after entering the correct credentials.,We have reset the account credentials and advised the customer to retry login.,Urgent,Closed,Email,Asia,19,Male,Premium,48,3,5,35.08,81.04,2023-08-03,2023-08-08,Yes,No,Android,Chrome,PayPal,Spanish,Night,10,Small Business
23586,Karen Hernandez,karen.hernandez444@hotmail.com,API Service,Subscription Cancellation,I would like to request a refund for the recent charge.,Security settings updated and customer notified of precautionary measures.,Low,Closed,Social Media,North America,34,Male,Basic,31,5,2,42.26,204.86,2023-10-05,2023-10-10,Yes,Yes,MacOS,,Debit Card,Japanese,Evening,2,Corporate
49876,Jennifer Williams,jennifer.williams683@outlook.com,E-commerce Store,Subscription Cancellation,The payment was deducted from my bank account but the transaction shows failed.,Bug logged internally and workaround shared with the customer.,Medium,Closed,Phone,Africa,60,Male,Free,60,11,2,71.41,129.32,2022-10-24,2022-10-28,No,Yes,MacOS,Edge,Debit Card,Chinese,Evening,9,Individual
164629,William Martinez,william.martinez875@hotmail.com,Subscription Service,Subscription Cancellation,I am unable to access my account after entering the correct credentials.,Bug logged internally and workaround shared with the customer.,High,Resolved,Web Form,South America,23,Female,Free,11,19,2,40.99,195.77,2022-09-01,2022-09-07,Yes,No,MacOS,Safari,Bank Transfer,French,Night,8,Corporate
65665,Barbara Smith,barbara.smith330@hotmail.com,E-commerce Store,Subscription Cancellation,I would like to request a refund for the recent charge.,Subscription status corrected and confirmation email sent to customer.,Urgent,Closed,Chat,Europe,29,Other,Enterprise,59,5,3,20.98,215.53,2024-03-01,2024-03-05,Yes,Yes,Linux,Chrome,PayPal,English,Evening,3,Corporate
60454,Richard Williams,richard.williams295@icloud.com,Mobile App,Subscription Cancellation,I am unable to access my account after entering the correct credentials.,Payment gateway timeout issue fixed and monitoring implemented.,Urgent,Closed,Social Media,South America,53,Other,Basic,15,20,5,49.37,113.72,2023-06-14,2023-06-15,No,No,MacOS,Chrome,Crypto,French,Evening,7,Small Business
182439,James Johnson,james.johnson644@company.com,Web Portal,Subscription Cancellation,The application crashes whenever I try to upload a file.,The duplicate charge was reversed and refund processed within 3-5 business days.,Urgent,Closed,Email,Australia,44,Male,Premium,49,1,5,70.48,159.77,2023-11-06,2023-11-06,Yes,Yes,MacOS,Firefox,Credit Card,Spanish,Evening,5,Individual
166209,Richard Lopez,richard.lopez556@gmail.com,API Service,Subscription Cancellation,I would like to request a refund for the recent charge.,Explained billing breakdown and clarified applicable charges.,Urgent,Closed,Email,South America,48,Female,Free,41,19,4,8.9,20.48,2024-01-04,2024-01-11,Yes,No,Linux,,Crypto,German,Night,6,Individual
25254,Mary Davis,mary.davis564@outlook.com,Web Portal,Subscription Cancellation,There seems to be a discrepancy in my billing statement for this month.,Explained billing breakdown and clarified applicable charges.,Medium,Closed,Phone,Africa,24,Male,Premium,26,5,3,35.03,235.26,2023-10-24,2023-10-30,Yes,No,Linux,Edge,Credit Card,German,Evening,10,Corporate
120166,Karen Thomas,karen.thomas687@gmail.com,API Service,Subscription Cancellation,My subscription was cancelled without my request and I need clarification.,The issue was escalated to engineering and resolved in the latest patch.,Urgent,Resolved,Email,North America,34,Male,Free,26,6,3,4.2,225.64,2024-12-21,2025-01-01,Yes,Yes,Android,Edge,Debit Card,French,Evening,3,Individual
11257,Sarah Jones,sarah.jones573@yahoo.com,Cloud Storage,Subscription Cancellation,My subscription was cancelled without my request and I need clarification.,Subscription status corrected and confirmation email sent to customer.,Urgent,Closed,Chat,Africa,66,Female,Enterprise,6,15,1,2.78,64.43,2023-01-07,2023-01-20,No,Yes,Android,Safari,Crypto,Spanish,Morning,4,Small Business
55504,Mary Johnson,mary.johnson667@outlook.com,CRM Platform,Subscription Cancellation,I am unable to access my account after entering the correct credentials.,Payment gateway timeout issue fixed and monitoring implemented.,Low,Closed,Email,Australia,59,Female,Basic,17,0,3,6.16,200.89,2024-10-10,2024-10-22,Yes,Yes,Android,Edge,PayPal,German,Evening,8,Small Business
83776,John Hernandez,john.hernandez612@hotmail.com,Web Portal,Subscription Cancellation,Two-factor authentication codes are not being delivered to my phone.,The duplicate charge was reversed and refund processed within 3-5 business days.,Low,Closed,Social Media,Australia,18,Female,Free,3,15,1,0.87,19.78,2024-09-06,2024-09-16,Yes,No,MacOS,Firefox,Crypto,German,Morning,9,Individual
99202,Jennifer Lopez,jennifer.lopez195@hotmail.com,Billing System,Subscription Cancellation,I am unable to access my account after entering the correct credentials.,We have reset the account credentials and advised the customer to retry login.,Urgent,Closed,Social Media,Europe,48,Other,Enterprise,46,19,1,42.89,164.14,2022-06-09,2022-06-15,No,No,Linux,,Debit Card,German,Evening,7,Corporate
187437,Joseph Miller,joseph.miller396@yahoo.com,E-commerce Store,Subscription Cancellation,I found a bug in the latest update affecting report generation.,Payment gateway timeout issue fixed and monitoring implemented.,Urgent,Resolved,Email,Australia,42,Female,Enterprise,40,5,5,26.99,210.71,2022-04-29,2022-05-08,No,Yes,MacOS,Chrome,Bank Transfer,English,Morning,2,Small Business
142804,William Wilson,william.wilson124@yahoo.com,E-commerce Store,Subscription Cancellation,The system is not syncing data across devices properly.,Security settings updated and customer notified of precautionary measures.,Urgent,Closed,Phone,South America,67,Female,Basic,47,14,3,5.69,209.14,2024-05-06,2024-05-20,Yes,No,Windows,Safari,Bank Transfer,French,Afternoon,7,Small Business
161499,Patricia Martinez,patricia.martinez978@yahoo.com,API Service,Subscription Cancellation,I would like to request a refund for the recent charge.,Explained billing breakdown and clarified applicable charges.,High,Closed,Social Media,South America,61,Other,Basic,14,10,1,54.08,201.93,2024-12-28,2024-12-28,Yes,No,Android,,PayPal,German,Morning,6,Corporate
10970,John Davis,john.davis769@outlook.com,Mobile App,Subscription Cancellation,I am experiencing very slow performance while using the dashboard.,Provided step-by-step troubleshooting instructions and issue resolved.,High,Resolved,Email,Asia,68,Other,Premium,8,0,2,67.21,176.0,2024-06-14,2024-06-18,Yes,No,iOS,Chrome,Bank Transfer,English,Night,4,Corporate
46097,Charles Taylor,charles.taylor415@yahoo.com,Analytics Dashboard,Subscription Cancellation,There seems to be a discrepancy in my billing statement for this month.,The duplicate charge was reversed and refund processed within 3-5 business days.,Urgent,Closed,Email,Asia,59,Female,Enterprise,48,15,2,24.68,150.44,2022-07-11,2022-07-15,Yes,No,Windows,,Bank Transfer,Chinese,Evening,7,Small Business
32390,Michael Lopez,michael.lopez785@icloud.com,Mobile App,Subscription Cancellation,The system is not syncing data across devices properly.,Provided step-by-step troubleshooting instructions and issue resolved.,High,Closed,Chat,Africa,24,Other,Basic,52,15,2,43.17,217.59,2024-07-22,2024-07-26,No,No,Windows,Safari,Crypto,English,Afternoon,10,Small Business
52656,John Williams,john.williams384@hotmail.com,Subscription Service,Subscription Cancellation,I am unable to access my account after entering the correct credentials.,The duplicate charge was reversed and refund processed within 3-5 business days.,Medium,Resolved,Chat,Asia,47,Female,Premium,8,2,4,10.51,5.68,2023-09-23,2023-09-25,No,No,MacOS,Firefox,Credit Card,English,Afternoon,2,Small Business
22008,Joseph Lopez,joseph.lopez821@hotmail.com,CRM Platform,Subscription Cancellation,The payment was deducted from my bank account but the transaction shows failed.,Security settings updated and customer notified of precautionary measures.,Low,Closed,Web Form,North America,68,Male,Free,40,6,5,55.82,21.18,2022-06-12,2022-06-18,No,No,Linux,Chrome,Crypto,German,Night,2,Individual
57965,Jennifer Wilson,jennifer.wilson286@outlook.com,E-commerce Store,Subscription Cancellation,My subscription was cancelled without my request and I need clarification.,Payment gateway timeout issue fixed and monitoring implemented.,Low,Resolved,Web Form,Africa,27,Other,Free,14,19,3,68.94,54.46,2024-09-26,2024-10-07,Yes,Yes,iOS,,Credit Card,Japanese,Morning,3,Small Business
193556,Michael Taylor,michael.taylor281@gmail.com,Payment Gateway,Subscription Cancellation,There seems to be a discrepancy in my billing statement for this month.,The issue was escalated to engineering and resolved in the latest patch.,High,Closed,Email,South America,20,Other,Basic,33,12,3,48.35,70.62,2023-07-02,2023-07-03,Yes,Yes,Linux,,Debit Card,Japanese,Morning,9,Corporate
165007,John Jones,john.jones179@company.com,Billing System,Subscription Cancellation,I am unable to access my account after entering the correct credentials.,We have reset the account credentials and advised the customer to retry login.,High,Resolved,Chat,Europe,26,Female,Premium,52,4,5,12.44,11.52,2023-08-13,2023-08-16,No,No,MacOS,Firefox,Bank Transfer,Spanish,Afternoon,6,Small Business
187981,William Jones,william.jones146@icloud.com,Web Portal,Subscription Cancellation,I am experiencing very slow performance while using the dashboard.,Data synchronization restored after backend service restart.,Urgent,Closed,Social Media,Asia,22,Male,Free,20,4,1,66.33,141.24,2024-07-22,2024-07-27,Yes,No,MacOS,Firefox,Crypto,English,Morning,2,Corporate
86877,Linda Rodriguez,linda.rodriguez898@company.com,Web Portal,Subscription Cancellation,The system is not syncing data across devices properly.,Explained billing breakdown and clarified applicable charges.,Low,Resolved,Chat,Australia,66,Male,Free,5,13,1,8.3,200.72,2023-03-02,2023-03-16,No,No,Windows,Firefox,Crypto,Spanish,Night,10,Small Business
135665,Charles Rodriguez,charles.rodriguez12@gmail.com,CRM Platform,Subscription Cancellation,I found a bug in the latest update affecting report generation.,We have reset the account credentials and advised the customer to retry login.,High,Closed,Social Media,Europe,31,Male,Basic,13,3,2,15.6,93.89,2023-02-16,2023-02-16,Yes,No,Linux,Safari,Bank Transfer,English,Night,8,Individual
139512,Robert Williams,robert.williams273@gmail.com,Billing System,Subscription Cancellation,I found a bug in the latest update affecting report generation.,Bug logged internally and workaround shared with the customer.,Low,Resolved,Phone,South America,65,Other,Premium,10,9,1,36.52,116.86,2024-01-02,2024-01-02,No,Yes,MacOS,Safari,Bank Transfer,Japanese,Evening,9,Corporate
73144,Richard Moore,richard.moore646@hotmail.com,API Service,Subscription Cancellation,I would like to request a refund for the recent charge.,Explained billing breakdown and clarified applicable charges.,Urgent,Resolved,Phone,Africa,35,Female,Enterprise,4,18,4,5.13,216.17,2024-02-03,2024-02-04,Yes,No,iOS,Firefox,Crypto,Spanish,Morning,7,Individual
176029,Elizabeth Rodriguez,elizabeth.rodriguez303@outlook.com,Payment Gateway,Subscription Cancellation,The system is not syncing data across devices properly.,The duplicate charge was reversed and refund processed within 3-5 business days.,Urgent,Closed,Phone,South America,56,Female,Enterprise,50,15,1,40.63,213.79,2023-06-16,2023-06-22,Yes,No,MacOS,Chrome,Credit Card,Spanish,Morning,2,Individual
76711,Linda Johnson,linda.johnson803@company.com,Subscription Service,Subscription Cancellation,I would like to request a refund for the recent charge.,The issue was escalated to engineering and resolved in the latest patch.,High,Closed,Social Media,Europe,22,Other,Premium,44,20,1,58.71,151.73,2022-10-05,2022-10-05,Yes,Yes,Android,,Bank Transfer,French,Evening,8,Corporate
178199,Jessica Smith,jessica.smith378@gmail.com,Billing System,Subscription Cancellation,There seems to be a discrepancy in my billing statement for this month.,Data synchronization restored after backend service restart.,Medium,Resolved,Web Form,Asia,72,Other,Basic,34,6,3,10.52,152.96,2022-04-18,2022-04-23,Yes,Yes,Windows,Chrome,PayPal,English,Afternoon,6,Corporate
143633,Richard Gonzalez,richard.gonzalez262@company.com,API Service,Subscription Cancellation,The payment was deducted from my bank account but the transaction shows failed.,We have reset the account credentials and advised the customer to retry login.,Urgent,Closed,Web Form,South America,56,Other,Free,38,5,3,51.63,74.59,2022-04-09,2022-04-23,Yes,No,Android,Chrome,Bank Transfer,German,Morning,10,Individual
130102,Joseph Taylor,joseph.taylor562@yahoo.com,API Service,Subscription Cancellation,The payment was deducted from my bank account but the transaction shows failed.,Bug logged internally and workaround shared with the customer.,High,Closed,Chat,Australia,34,Female,Basic,31,18,2,11.92,130.07,2024-08-16,2024-08-25,No,No,MacOS,Safari,Crypto,English,Night,7,Small Business
63951,Linda Smith,linda.smith889@hotmail.com,Subscription Service,Subscription Cancellation,My subscription was cancelled without my request and I need clarification.,Data synchronization restored after backend service restart.,Low,Closed,Email,Australia,27,Female,Free,30,3,3,10.55,24.6,2023-05-04,2023-05-06,No,Yes,Windows,Firefox,Bank Transfer,French,Afternoon,1,Corporate
163020,William Moore,william.moore150@company.com,Payment Gateway,Subscription Cancellation,I found a bug in the latest update affecting report generation.,Data synchronization restored after backend service restart.,High,Closed,Social Media,North America,57,Other,Premium,8,0,5,57.05,100.03,2022-04-24,2022-04-28,Yes,Yes,MacOS,Edge,Crypto,French,Evening,3,Individual
149128,Richard Martinez,richard.martinez882@hotmail.com,Mobile App,Subscription Cancellation,The payment was deducted from my bank account but the transaction shows failed.,The issue was escalated to engineering and resolved in the latest patch.,High,Resolved,Social Media,Africa,61,Female,Premium,28,14,2,41.24,41.73,2024-07-31,2024-08-05,Yes,Yes,Linux,Edge,Bank Transfer,German,Morning,4,Small Business
105913,Richard Garcia,richard.garcia341@yahoo.com,Web Portal,Subscription Cancellation,I am unable to access my account after entering the correct credentials.,Subscription status corrected and confirmation email sent to customer.,Medium,Closed,Web Form,South America,73,Female,Enterprise,11,6,3,63.18,32.78,2022-02-12,2022-02-12,No,Yes,Android,Edge,Credit Card,French,Afternoon,6,Small Business
36389,Charles Smith,charles.smith842@outlook.com,Cloud Storage,Subscription Cancellation,I am experiencing very slow performance while using the dashboard.,Bug logged internally and workaround shared with the customer.,Urgent,Resolved,Chat,Australia,45,Female,Free,17,7,5,22.8,11.79,2023-12-12,2023-12-13,No,No,Android,Safari,Debit Card,Chinese,Evening,9,Individual
171624,Linda Moore,linda.moore424@hotmail.com,Cloud Storage,Subscription Cancellation,Two-factor authentication codes are not being delivered to my phone.,Explained billing breakdown and clarified applicable charges.,High,Closed,Web Form,South America,55,Female,Enterprise,52,15,5,50.48,186.24,2023-06-30,2023-07-03,No,Yes,iOS,Edge,Crypto,Japanese,Evening,7,Corporate
18108,Mary Brown,mary.brown976@yahoo.com,Analytics Dashboard,Subscription Cancellation,My subscription was cancelled without my request and I need clarification.,Data synchronization restored after backend service restart.,Urgent,Closed,Email,North America,49,Female,Enterprise,19,9,3,36.19,15.46,2022-05-25,2022-05-26,No,No,iOS,Edge,Bank Transfer,German,Evening,9,Corporate
108421,Barbara Wilson,barbara.wilson487@gmail.com,Billing System,Subscription Cancellation,Two-factor authentication codes are not being delivered to my phone.,Provided step-by-step troubleshooting instructions and issue resolved.,Low,Closed,Social Media,Asia,18,Male,Enterprise,27,19,1,70.12,149.22,2022-09-01,2022-09-09,Yes,No,Linux,,Crypto,English,Night,8,Small Business
83903,Richard Jackson,richard.jackson270@hotmail.com,E-commerce Store,Subscription Cancellation,I would like to request a refund for the recent charge.,Data synchronization restored after backend service restart.,Medium,Resolved,Web Form,North America,44,Other,Free,14,14,5,31.03,151.12,2024-02-23,2024-03-06,Yes,Yes,Android,Chrome,Credit Card,Spanish,Afternoon,4,Small Business
66756,Michael Wilson,michael.wilson896@outlook.com,API Service,Subscription Cancellation,My subscription was cancelled without my request and I need clarification.,Security settings updated and customer notified of precautionary measures.,Medium,Resolved,Phone,North America,60,Male,Premium,36,8,4,11.19,13.72,2023-12-03,2023-12-03,Yes,No,Android,Chrome,Bank Transfer,Chinese,Afternoon,3,Small Business
151389,David Wilson,david.wilson761@company.com,Subscription Service,Subscription Cancellation,There seems to be a discrepancy in my billing statement for this month.,We have reset the account credentials and advised the customer to retry login.,Medium,Closed,Phone,Africa,69,Female,Free,18,1,1,56.76,98.96,2022-11-29,2022-11-29,No,No,iOS,Firefox,PayPal,English,Evening,6,Corporate
22913,Sarah Smith,sarah.smith630@company.com,Billing System,Subscription Cancellation,There seems to be a discrepancy in my billing statement for this month.,Explained billing breakdown and clarified applicable charges.,Medium,Closed,Web Form,Africa,36,Female,Premium,6,12,4,32.93,134.18,2022-07-06,2022-07-15,No,No,MacOS,Edge,PayPal,Spanish,Morning,10,Corporate
25795,Joseph Moore,joseph.moore198@gmail.com,Mobile App,Subscription Cancellation,I am unable to access my account after entering the correct credentials.,Data synchronization restored after backend service restart.,Urgent,Closed,Email,Europe,19,Other,Free,45,5,4,17.43,38.11,2022-09-29,2022-10-01,No,Yes,Android,Edge,Bank Transfer,Spanish,Afternoon,8,Individual
187433,Jessica Wilson,jessica.wilson820@hotmail.com,Cloud Storage,Subscription Cancellation,I am experiencing very slow performance while using the dashboard.,Data synchronization restored after backend service restart.,Medium,Resolved,Web Form,Europe,70,Female,Enterprise,35,13,5,41.09,192.27,2024-02-19,2024-02-22,No,No,Windows,Firefox,Credit Card,Japanese,Afternoon,4,Individual
149006,Elizabeth Johnson,elizabeth.johnson565@hotmail.com,Mobile App,Subscription Cancellation,There seems to be a discrepancy in my billing statement for this month.,Data synchronization restored after backend service restart.,High,Closed,Phone,Asia,66,Male,Premium,34,1,5,30.01,178.86,2024-02-25,2024-02-28,Yes,Yes,Android,Edge,PayPal,Japanese,Morning,9,Corporate
193184,William Smith,william.smith874@yahoo.com,Analytics Dashboard,Subscription Cancellation,I found a bug in the latest update affecting report generation.,The duplicate charge was reversed and refund processed within 3-5 business days.,Low,Resolved,Chat,Africa,59,Other,Premium,16,7,4,26.17,103.22,2023-02-21,2023-03-06,Yes,Yes,Linux,,Credit Card,Japanese,Afternoon,8,Small Business
146938,Linda Anderson,linda.anderson333@company.com,E-commerce Store,Subscription Cancellation,I would like to request a refund for the recent charge.,Security settings updated and customer notified of precautionary measures.,High,Resolved,Email,North America,33,Female,Enterprise,27,12,1,68.58,167.18,2024-12-05,2024-12-07,Yes,Yes,Android,Safari,Credit Card,Chinese,Morning,2,Corporate
97905,John Rodriguez,john.rodriguez149@gmail.com,Web Portal,Subscription Cancellation,I would like to request a refund for the recent charge.,Subscription status corrected and confirmation email sent to customer.,Low,Resolved,Social Media,Europe,68,Female,Premium,44,7,5,24.16,97.01,2024-03-06,2024-03-10,No,Yes,Windows,Firefox,Bank Transfer,Chinese,Afternoon,1,Individual
155552,Jessica Williams,jessica.williams775@gmail.com,Analytics Dashboard,Subscription Cancellation,I am experiencing very slow performance while using the dashboard.,Payment gateway timeout issue fixed and monitoring implemented.,Low,Closed,Social Media,Europe,75,Male,Enterprise,48,3,3,22.83,3.42,2024-08-16,2024-08-24,Yes,Yes,MacOS,Edge,Credit Card,Spanish,Morning,5,Corporate
150750,Linda Davis,linda.davis489@gmail.com,Subscription Service,Subscription Cancellation,I found a bug in the latest update affecting report generation.,Payment gateway timeout issue fixed and monitoring implemented.,Low,Resolved,Chat,South America,74,Other,Premium,42,13,4,56.79,35.9,2023-06-07,2023-06-18,Yes,No,iOS,Safari,Crypto,French,Morning,6,Corporate
127592,Barbara Miller,barbara.miller421@yahoo.com,CRM Platform,Subscription Cancellation,I found a bug in the latest update affecting report generation.,Explained billing breakdown and clarified applicable charges.,High,Resolved,Social Media,Australia,67,Other,Premium,21,18,3,42.38,71.71,2023-01-20,2023-02-02,Yes,No,Linux,Edge,Crypto,English,Morning,1,Small Business
137889,Elizabeth Brown,elizabeth.brown440@gmail.com,Mobile App,Subscription Cancellation,I would like to request a refund for the recent charge.,Data synchronization restored after backend service restart.,High,Resolved,Email,Asia,20,Other,Free,22,7,2,34.99,206.31,2023-12-14,2023-12-18,No,No,Android,Firefox,PayPal,Spanish,Evening,9,Corporate
21423,David Garcia,david.garcia398@icloud.com,API Service,Subscription Cancellation,My subscription was cancelled without my request and I need clarification.,Security settings updated and customer notified of precautionary measures.,Urgent,Closed,Social Media,North America,49,Other,Enterprise,31,5,4,36.93,235.72,2023-09-18,2023-10-01,Yes,No,iOS,Safari,Credit Card,German,Evening,7,Individual
100171,Jennifer Hernandez,jennifer.hernandez167@company.com,E-commerce Store,Subscription Cancellation,I would like to request a refund for the recent charge.,Bug logged internally and workaround shared with the customer.,Low,Resolved,Email,Australia,57,Male,Enterprise,42,18,2,34.89,190.88,2023-08-10,2023-08-12,Yes,Yes,Android,,Credit Card,Japanese,Afternoon,4,Small Business
41936,Richard Smith,richard.smith99@company.com,Subscription Service,Subscription Cancellation,The payment was deducted from my bank account but the transaction shows failed.,Subscription status corrected and confirmation email sent to customer.,Medium,Resolved,Email,North America,35,Male,Premium,56,9,1,69.05,165.56,2022-07-02,2022-07-08,No,Yes,MacOS,Firefox,Credit Card,English,Afternoon,10,Individual
102067,Susan Smith,susan.smith156@yahoo.com,Web Portal,Subscription Cancellation,I am unable to access my account after entering the correct credentials.,Payment gateway timeout issue fixed and monitoring implemented.,High,Resolved,Chat,Australia,72,Other,Basic,31,5,5,68.29,21.08,2022-05-25,2022-06-04,Yes,Yes,Windows,Firefox,Debit Card,French,Evening,10,Corporate
6223,Jessica Moore,jessica.moore207@outlook.com,Payment Gateway,Subscription Cancellation,The payment was deducted from my bank account but the transaction shows failed.,Data synchronization restored after backend service restart.,Medium,Resolved,Chat,South America,32,Male,Premium,5,8,3,64.72,224.46,2024-12-18,2024-12-22,Yes,No,Android,,Bank Transfer,French,Evening,7,Corporate
56096,John Wilson,john.wilson393@hotmail.com,Analytics Dashboard,Subscription Cancellation,There seems to be a discrepancy in my billing statement for this month.,We have reset the account credentials and advised the customer to retry login.,High,Closed,Phone,North America,56,Male,Enterprise,40,17,5,45.0,61.24,2022-11-22,2022-11-23,Yes,No,Android,Safari,Credit Card,English,Evening,9,Small Business
99898,Thomas Taylor,thomas.taylor389@gmail.com,Web Portal,Subscription Cancellation,Two-factor authentication codes are not being delivered to my phone.,Data synchronization restored after backend service restart.,Low,Closed,Phone,Europe,31,Other,Basic,45,2,3,33.53,89.32,2023-02-19,2023-02-25,Yes,Yes,Windows,Edge,Bank Transfer,Japanese,Morning,4,Small Business
83023,Patricia Miller,patricia.miller275@outlook.com,CRM Platform,Subscription Cancellation,I am experiencing very slow performance while using the dashboard.,The issue was escalated to engineering and resolved in the latest patch.,High,Resolved,Chat,Africa,71,Male,Free,4,4,5,53.49,142.14,2024-10-21,2024-11-04,No,Yes,Android,Chrome,PayPal,French,Night,9,Small Business
64922,Jennifer Miller,jennifer.miller771@outlook.com,Payment Gateway,Subscription Cancellation,I am unable to access my account after entering the correct credentials.,Payment gateway timeout issue fixed and monitoring implemented.,High,Resolved,Web Form,South America,46,Other,Basic,25,3,5,9.01,33.5,2022-11-03,2022-11-13,Yes,No,Linux,Chrome,Debit Card,Chinese,Afternoon,4,Corporate
132805,Sarah Hernandez,sarah.hernandez843@gmail.com,Subscription Service,Subscription Cancellation,I am unable to access my account after entering the correct credentials.,Subscription status corrected and confirmation email sent to customer.,Low,Closed,Phone,North America,43,Male,Premium,19,16,5,71.98,210.13,2023-04-18,2023-04-20,No,Yes,Android,,Debit Card,Chinese,Morning,9,Corporate
73826,Elizabeth Rodriguez,elizabeth.rodriguez582@yahoo.com,Cloud Storage,Subscription Cancellation,I am unable to access my account after entering the correct credentials.,The issue was escalated to engineering and resolved in the latest patch.,Medium,Resolved,Phone,Asia,41,Female,Free,26,6,3,57.92,221.68,2022-05-19,2022-05-24,No,Yes,iOS,Edge,Credit Card,Chinese,Evening,4,Individual
15296,Mary Taylor,mary.taylor974@outlook.com,Mobile App,Subscription Cancellation,I am experiencing very slow performance while using the dashboard.,Explained billing breakdown and clarified applicable charges.,High,Resolved,Email,Africa,69,Female,Enterprise,42,5,3,28.73,88.11,2022-06-05,2022-06-13,Yes,Yes,Linux,,PayPal,Spanish,Morning,5,Individual
55219,Linda Martin,linda.martin607@hotmail.com,Cloud Storage,Subscription Cancellation,I would like to request a refund for the recent charge.,Subscription status corrected and confirmation email sent to customer.,High,Closed,Chat,North America,36,Other,Enterprise,30,4,2,38.15,135.18,2024-10-05,2024-10-13,Yes,Yes,iOS,,Crypto,English,Morning,7,Corporate
190251,Sarah Anderson,sarah.anderson350@yahoo.com,Analytics Dashboard,Subscription Cancellation,My subscription was cancelled without my request and I need clarification.,Payment gateway timeout issue fixed and monitoring implemented.,High,Closed,Chat,Europe,53,Female,Basic,57,15,1,62.65,4.63,2024-07-09,2024-07-18,Yes,Yes,Windows,Chrome,Bank Transfer,Japanese,Night,5,Small Business
196311,Jessica Davis,jessica.davis929@hotmail.com,Billing System,Subscription Cancellation,I would like to request a refund for the recent charge.,Provided step-by-step troubleshooting instructions and issue resolved.,High,Closed,Email,Australia,47,Male,Premium,15,12,1,39.9,80.28,2024-08-29,2024-09-05,No,Yes,MacOS,,Crypto,English,Evening,5,Small Business
94125,Barbara Gonzalez,barbara.gonzalez135@company.com,Payment Gateway,Subscription Cancellation,Two-factor authentication codes are not being delivered to my phone.,Bug logged internally and workaround shared with the customer.,Urgent,Closed,Social Media,Europe,34,Male,Premium,43,15,5,10.14,168.13,2024-12-06,2024-12-16,Yes,No,MacOS,Chrome,Crypto,English,Morning,4,Corporate
197480,James Gonzalez,james.gonzalez467@yahoo.com,Web Portal,Subscription Cancellation,Two-factor authentication codes are not being delivered to my phone.,Provided step-by-step troubleshooting instructions and issue resolved.,Urgent,Resolved,Web Form,Europe,44,Female,Free,13,2,2,46.39,29.01,2022-04-03,2022-04-08,No,Yes,Windows,Firefox,Credit Card,English,Morning,5,Small Business
105401,James Taylor,james.taylor688@gmail.com,E-commerce Store,Subscription Cancellation,The application crashes whenever I try to upload a file.,Bug logged internally and workaround shared with the customer.,Urgent,Resolved,Email,Australia,65,Other,Enterprise,17,3,3,67.17,36.25,2024-09-17,2024-10-01,Yes,No,iOS,Safari,Credit Card,Chinese,Afternoon,6,Small Business
152410,Mary Anderson,mary.anderson326@icloud.com,Subscription Service,Subscription Cancellation,I found a bug in the latest update affecting report generation.,Bug logged internally and workaround shared with the customer.,Low,Resolved,Web Form,Europe,33,Other,Premium,57,9,4,28.67,212.43,2022-02-15,2022-02-25,No,Yes,MacOS,Chrome,Credit Card,English,Evening,10,Individual
43799,Linda Jackson,linda.jackson554@gmail.com,Analytics Dashboard,Subscription Cancellation,I am experiencing very slow performance while using the dashboard.,Subscription status corrected and confirmation email sent to customer.,Urgent,Resolved,Email,Europe,31,Female,Free,48,15,4,61.29,32.58,2023-09-26,2023-10-01,No,Yes,Linux,Safari,PayPal,Chinese,Evening,4,Individual
51802,William Anderson,william.anderson794@company.com,Subscription Service,Subscription Cancellation,I am unable to access my account after entering the correct credentials.,We have reset the account credentials and advised the customer to retry login.,Medium,Resolved,Phone,Australia,56,Other,Free,15,18,3,58.49,75.78,2023-08-04,2023-08-04,No,Yes,MacOS,Firefox,Bank Transfer,English,Night,7,Individual
148688,John Brown,john.brown12@company.com,Analytics Dashboard,Subscription Cancellation,I am experiencing very slow performance while using the dashboard.,Bug logged internally and workaround shared with the customer.,Urgent,Closed,Chat,Africa,28,Female,Premium,47,12,5,70.61,70.37,2022-07-23,2022-07-28,No,Yes,MacOS,Firefox,Credit Card,Japanese,Night,8,Individual
144632,Karen Jones,karen.jones936@gmail.com,Mobile App,Subscription Cancellation,The application crashes whenever I try to upload a file.,The duplicate charge was reversed and refund processed within 3-5 business days.,High,Resolved,Web Form,Australia,67,Other,Enterprise,35,5,2,14.71,79.59,2024-06-22,2024-07-04,No,No,Linux,Safari,Crypto,French,Afternoon,4,Corporate
125355,Richard Lopez,richard.lopez153@icloud.com,API Service,Subscription Cancellation,Two-factor authentication codes are not being delivered to my phone.,Security settings updated and customer notified of precautionary measures.,Medium,Closed,Social Media,Australia,63,Female,Basic,3,8,2,16.28,89.72,2024-08-30,2024-09-01,No,Yes,Windows,Edge,Crypto,Chinese,Night,3,Small Business
119053,Mary Hernandez,mary.hernandez383@gmail.com,Analytics Dashboard,Subscription Cancellation,I am experiencing very slow performance while using the dashboard.,Explained billing breakdown and clarified applicable charges.,High,Resolved,Web Form,South America,27,Male,Enterprise,52,2,4,58.73,58.25,2022-06-18,2022-07-02,Yes,No,Android,Chrome,Crypto,French,Night,9,Corporate
47790,Jessica Hernandez,jessica.hernandez199@outlook.com,Cloud Storage,Subscription Cancellation,The payment was deducted from my bank account but the transaction shows failed.,The issue was escalated to engineering and resolved in the latest patch.,Low,Closed,Web Form,Europe,23,Other,Enterprise,48,8,1,54.87,141.21,2022-11-17,2022-12-01,Yes,No,MacOS,,Crypto,Spanish,Afternoon,5,Small Business
185033,Michael Taylor,michael.taylor517@yahoo.com,E-commerce Store,Subscription Cancellation,I found a bug in the latest update affecting report generation.,Payment gateway timeout issue fixed and monitoring implemented.,Urgent,Resolved,Web Form,Australia,67,Other,Enterprise,8,11,4,25.1,198.95,2022-02-15,2022-02-17,Yes,Yes,Android,Chrome,Crypto,Japanese,Afternoon,7,Small Business
61051,David Jones,david.jones104@hotmail.com,E-commerce Store,Subscription Cancellation,I found a bug in the latest update affecting report generation.,The issue was escalated to engineering and resolved in the latest patch.,Low,Resolved,Social Media,North America,61,Female,Enterprise,33,18,2,24.02,203.14,2023-05-11,2023-05-21,Yes,Yes,Windows,,Bank Transfer,Japanese,Evening,5,Corporate
154174,Jennifer Johnson,jennifer.johnson587@hotmail.com,Payment Gateway,Subscription Cancellation,I am experiencing very slow performance while using the dashboard.,Security settings updated and customer notified of precautionary measures.,Medium,Resolved,Email,Europe,64,Female,Premium,35,14,5,31.28,27.3,2022-01-10,2022-01-14,Yes,No,Windows,,Credit Card,English,Morning,10,Corporate
20072,Thomas Lopez,thomas.lopez789@company.com,E-commerce Store,Subscription Cancellation,I found a bug in the latest update affecting report generation.,Subscription status corrected and confirmation email sent to customer.,High,Resolved,Web Form,Africa,48,Female,Basic,5,6,2,14.11,179.29,2022-08-19,2022-08-25,Yes,Yes,iOS,Edge,PayPal,Chinese,Evening,10,Individual
75085,Karen Jackson,karen.jackson850@gmail.com,Web Portal,Subscription Cancellation,Two-factor authentication codes are not being delivered to my phone.,The duplicate charge was reversed and refund processed within 3-5 business days.,Urgent,Closed,Chat,North America,53,Male,Free,30,8,3,18.58,80.28,2022-10-05,2022-10-15,Yes,Yes,Android,Chrome,PayPal,German,Night,6,Individual
71821,Barbara Williams,barbara.williams461@gmail.com,Cloud Storage,Subscription Cancellation,I would like to request a refund for the recent charge.,The duplicate charge was reversed and refund processed within 3-5 business days.,Low,Resolved,Web Form,Europe,40,Female,Basic,11,9,3,24.72,4.01,2024-12-26,2025-01-04,No,Yes,MacOS,Firefox,PayPal,English,Night,9,Individual
69128,Susan Davis,susan.davis491@hotmail.com,CRM Platform,Subscription Cancellation,There seems to be a discrepancy in my billing statement for this month.,Explained billing breakdown and clarified applicable charges.,Low,Resolved,Web Form,Africa,66,Other,Enterprise,53,12,1,20.63,21.67,2024-05-14,2024-05-24,Yes,Yes,MacOS,Firefox,Crypto,German,Afternoon,1,Small Business
169129,Michael Taylor,michael.taylor513@hotmail.com,E-commerce Store,Subscription Cancellation,I found a bug in the latest update affecting report generation.,The issue was escalated to engineering and resolved in the latest patch.,High,Resolved,Web Form,South America,54,Female,Free,8,7,5,70.86,229.0,2023-05-27,2023-06-03,Yes,No,Windows,Edge,Debit Card,English,Night,5,Individual
176201,Linda Rodriguez,linda.rodriguez952@company.com,Analytics Dashboard,Subscription Cancellation,I am experiencing very slow performance while using the dashboard.,Subscription status corrected and confirmation email sent to customer.,Low,Closed,Social Media,North America,47,Female,Enterprise,32,14,4,62.34,71.26,2023-10-30,2023-11-09,No,No,Windows,Firefox,Debit Card,German,Morning,5,Small Business
